time,open,high,low,close,volume,amount,thscode
2015-01-05,1075.3666,1150.1647,1070.6086,1141.365,9451517.0,1875063136.0,600519.SH
2015-01-06,1128.4723,1141.5696,1108.11,1117.3702,5502001.0,1094977375.0,600519.SH
2015-01-07,1108.2123,1125.9142,1077.2596,1092.3522,5479784.0,1063925641.0,600519.SH
2015-01-08,1097.7754,1100.4358,1078.027,1086.3152,4052530.0,777874670.0,600519.SH
2015-01-09,1079.3572,1106.8309,1077.8735,1078.8968,5398220.0,1039955153.0,600519.SH
2015-01-12,1077.3108,1090.5616,1048.9673,1059.0461,4991459.0,934643414.0,600519.SH
2015-01-13,1061.9623,1069.8412,1049.6835,1051.1161,3670808.0,683429624.0,600519.SH
2015-01-14,1051.73,1059.4042,1030.6515,1042.4186,5240344.0,965036184.0,600519.SH
2015-01-15,1046.0511,1058.8926,1038.8373,1057.2043,4858552.0,895503097.0,600519.SH
2015-01-16,1057.8694,1067.0785,1056.7438,1057.4089,3997806.0,746304289.0,600519.SH
2015-01-19,1031.2654,1042.5209,982.5085,1003.0242,6467937.0,1151544267.0,600519.SH
2015-01-20,1005.787,1028.7073,990.3362,1016.3262,6102274.0,1086018454.0,600519.SH
2015-01-21,1017.2983,1040.9861,1011.824,1038.2234,5267474.0,950750407.0,600519.SH
2015-01-22,1038.2745,1048.4557,1026.1492,1032.4421,3825481.0,696541254.0,600519.SH
2015-01-23,1026.7632,1042.9302,1026.712,1031.3677,3308455.0,600627336.0,600519.SH
2015-01-26,1034.8467,1044.0558,1031.5212,1040.4745,3564906.0,650642102.0,600519.SH
2015-01-27,1040.5768,1040.5768,1015.9169,1026.712,4188362.0,755025862.0,600519.SH
2015-01-28,1021.0331,1028.1957,1012.3356,1013.2054,3068066.0,547979157.0,600519.SH
2015-01-29,1006.7079,1015.9169,1000.5685,1006.4521,3249254.0,571553419.0,600519.SH
2015-01-30,1010.7496,1031.2654,1008.2427,1011.7217,4750834.0,848744494.0,600519.SH
2015-02-02,1003.1777,1007.7311,992.8943,999.6476,3398336.0,593379653.0,600519.SH
2015-02-03,1013.2565,1019.2424,1006.7079,1017.8099,2779280.0,493512567.0,600519.SH
2015-02-04,1021.8005,1036.7908,1010.8008,1012.0798,3529371.0,634135328.0,600519.SH
2015-02-05,1020.8796,1030.7538,995.4523,995.7081,4123962.0,735861121.0,600519.SH
2015-02-06,998.7267,1008.2427,993.4059,998.522,3710238.0,648205629.0,600519.SH
2015-02-09,1004.5079,1052.2416,1000.5685,1048.1487,8729358.0,1584342294.0,600519.SH
2015-02-10,1050.7068,1052.7532,1033.5677,1040.8838,5363887.0,984795852.0,600519.SH
2015-02-11,1038.428,1047.8929,1036.7908,1042.2651,2289479.0,420358857.0,600519.SH
2015-02-12,1046.5627,1049.1208,1036.4327,1044.4139,2505098.0,458818631.0,600519.SH
2015-02-13,1047.1766,1049.1719,1033.3119,1038.8885,4012705.0,734977407.0,600519.SH
2015-02-16,1039.1443,1044.7209,1032.391,1043.0837,3952108.0,722512103.0,600519.SH
2015-02-17,1044.3116,1046.0511,1035.9211,1037.5071,3417255.0,624854087.0,600519.SH
2015-02-25,1041.4977,1055.3113,1031.8282,1046.4092,5993512.0,1104113268.0,600519.SH
2015-02-26,1045.5906,1069.0738,1044.3116,1060.1205,6229772.0,1163369598.0,600519.SH
2015-02-27,1061.4507,1100.3334,1060.9391,1082.6827,6337094.0,1217723178.0,600519.SH
2015-03-02,1081.4037,1096.7521,1072.1946,1081.0455,3109870.0,592027084.0,600519.SH
2015-03-03,1073.7295,1087.5431,1052.5486,1056.5903,4299960.0,812905777.0,600519.SH
2015-03-04,1061.9111,1067.1296,1049.6835,1062.9344,4066223.0,757815044.0,600519.SH
2015-03-05,1051.7812,1062.1158,1046.8697,1054.3904,3620624.0,670609773.0,600519.SH
2015-03-06,1053.5207,1059.3019,1042.8791,1044.6697,2547066.0,471454744.0,600519.SH
2015-03-09,1055.8229,1092.608,1045.5906,1085.292,4348603.0,815432195.0,600519.SH
2015-03-10,1082.1199,1084.985,1063.3948,1066.2087,2963706.0,561292473.0,600519.SH
2015-03-11,1066.2087,1092.6592,1066.0552,1087.4407,4058339.0,778418696.0,600519.SH
2015-03-12,1092.6592,1107.9565,1084.4734,1091.3802,3849640.0,747203168.0,600519.SH
2015-03-13,1091.1244,1097.2637,1070.0458,1076.8503,2547927.0,486997365.0,600519.SH
2015-03-16,1077.6177,1100.3334,1062.0135,1096.5475,3116097.0,597313674.0,600519.SH
2015-03-17,1102.8404,1121.7701,1102.3287,1111.9471,4590408.0,903712736.0,600519.SH
2015-03-18,1112.1006,1128.4211,1105.5519,1125.6584,3930446.0,778884998.0,600519.SH
2015-03-19,1121.0027,1123.305,1098.0823,1104.324,3353977.0,658535489.0,600519.SH
2015-03-20,1098.7986,1102.8404,1081.813,1093.4266,5137371.0,991294900.0,600519.SH
2015-03-23,1101.2032,1111.8448,1093.6824,1103.3008,4097901.0,799009923.0,600519.SH
2015-03-24,1104.4264,1115.3749,1088.0547,1106.4217,6007944.0,1172628507.0,600519.SH
2015-03-25,1092.6592,1103.4031,1087.85,1091.5337,4224030.0,815963246.0,600519.SH
2015-03-26,1095.4731,1127.9607,1087.5431,1121.105,6710525.0,1315872110.0,600519.SH
2015-03-27,1118.24,1121.105,1092.4034,1100.5892,4014459.0,784086654.0,600519.SH
2015-03-30,1101.2543,1123.1003,1093.1708,1111.9471,6345139.0,1237889229.0,600519.SH
2015-03-31,1111.4866,1132.4117,1097.8777,1107.803,8813097.0,1746870227.0,600519.SH
2015-04-01,1108.1611,1115.9889,1100.2311,1104.631,7687523.0,1504959693.0,600519.SH
2015-04-02,1107.803,1116.1935,1092.0453,1100.7427,6298161.0,1228604478.0,600519.SH
2015-04-03,1097.7754,1113.175,1091.5337,1112.1517,5121088.0,996536046.0,600519.SH
2015-04-07,1112.3564,1133.9977,1106.9844,1131.9001,5982433.0,1189027078.0,600519.SH
2015-04-08,1141.2626,1183.1128,1136.6069,1151.4949,13585716.0,2798381803.0,600519.SH
2015-04-09,1151.3926,1158.5552,1123.6119,1128.4723,6239973.0,1255308054.0,600519.SH
2015-04-10,1128.4211,1143.7696,1126.477,1129.5978,10201946.0,2048914304.0,600519.SH
2015-04-13,1136.4023,1151.4438,1123.0491,1148.4253,9135609.0,1840018389.0,600519.SH
2015-04-14,1148.9369,1175.9501,1148.7322,1159.1692,8190313.0,1691094329.0,600519.SH
2015-04-15,1175.0292,1178.5082,1149.7555,1157.6343,5500520.0,1135635917.0,600519.SH
2015-04-16,1172.2154,1262.8736,1168.5317,1262.8736,8601417.0,1877332299.0,600519.SH
2015-04-17,1327.4905,1377.6288,1273.157,1295.0541,19209491.0,4577503916.0,600519.SH
2015-04-20,1281.9568,1362.2804,1276.8406,1302.5749,13058871.0,3118764548.0,600519.SH
2015-04-21,1333.1183,1422.2928,1333.1183,1422.2928,12240188.0,3039243960.0,600519.SH
2015-04-22,1480.4635,1481.4867,1420.6557,1455.3432,13463506.0,3543576711.0,600519.SH
2015-04-23,1455.9059,1456.7757,1399.5259,1415.1814,8603012.0,2214737651.0,600519.SH
2015-04-24,1393.8982,1433.8042,1358.7502,1427.7159,10053123.0,2547399865.0,600519.SH
2015-04-27,1423.0602,1475.3473,1399.5771,1413.9023,7897335.0,2050832438.0,600519.SH
2015-04-28,1404.7444,1428.2787,1369.1872,1373.4847,8729177.0,2187970737.0,600519.SH
2015-04-29,1364.3268,1399.6283,1364.3268,1383.1543,5930057.0,1477767688.0,600519.SH
2015-04-30,1390.1634,1409.349,1372.7685,1395.6888,6406407.0,1610938043.0,600519.SH
2015-05-04,1397.8888,1430.3252,1384.3821,1409.7071,5473902.0,1398337296.0,600519.SH
2015-05-05,1394.5121,1394.5121,1332.5044,1337.9787,7370003.0,1801146749.0,600519.SH
2015-05-06,1353.4806,1368.8802,1333.1695,1346.8296,6032432.0,1472597539.0,600519.SH
2015-05-07,1358.6991,1393.8982,1346.2157,1358.3409,6810290.0,1693825898.0,600519.SH
2015-05-08,1364.4292,1409.2466,1363.3036,1405.6142,5780559.0,1447670266.0,600519.SH
2015-05-11,1391.954,1425.1579,1384.2798,1422.344,6134570.0,1552417973.0,600519.SH
2015-05-12,1421.1161,1421.1161,1394.5121,1406.8932,4703129.0,1193035140.0,600519.SH
2015-05-13,1403.7212,1450.6363,1397.0702,1417.0232,5891341.0,1520374556.0,600519.SH
2015-05-14,1416.2558,1432.8833,1390.5215,1391.4936,4185329.0,1062504725.0,600519.SH
2015-05-15,1391.4936,1402.1352,1341.3553,1359.5688,5418507.0,1333031173.0,600519.SH
2015-05-18,1358.6991,1358.6991,1333.6299,1338.9507,3536324.0,856505079.0,600519.SH
2015-05-19,1338.4903,1385.4054,1334.1415,1384.4845,4763777.0,1174434448.0,600519.SH
2015-05-20,1394.5121,1435.4413,1380.6985,1404.4886,6377150.0,1631009463.0,600519.SH
2015-05-21,1414.9767,1442.0923,1404.7956,1428.2276,4766913.0,1230234942.0,600519.SH
2015-05-22,1433.8042,1521.3927,1433.3437,1516.5835,6664906.0,1779754347.0,600519.SH
2015-05-25,1486.6028,1581.2005,1481.4867,1572.7077,6747362.0,1868570180.0,600519.SH
2015-05-26,1571.5309,1588.9259,1558.0243,1566.1078,6091468.0,1746031124.0,600519.SH
2015-05-27,1566.0055,1585.4469,1501.9513,1521.9043,4693479.0,1309259999.0,600519.SH
2015-05-28,1513.4626,1542.8805,1435.9529,1441.1203,6088499.0,1650995554.0,600519.SH
2015-05-29,1435.4925,1481.4867,1434.8786,1455.0362,5778309.0,1531805542.0,600519.SH
2015-06-01,1455.599,1501.849,1434.4181,1494.0724,6581670.0,1747123649.0,600519.SH
2015-06-02,1489.1609,1489.1609,1438.818,1469.3102,6463560.0,1708951665.0,600519.SH
2015-06-03,1461.943,1469.3102,1435.4925,1449.7154,4642403.0,1218378716.0,600519.SH
2015-06-04,1450.6875,1461.0221,1333.1183,1426.2834,9236273.0,2332785391.0,600519.SH
2015-06-05,1425.7718,1446.1852,1363.8152,1403.9258,8573823.0,2188974566.0,600519.SH
2015-06-08,1392.0052,1474.0171,1383.2566,1459.1803,9600797.0,2462736702.0,600519.SH
2015-06-09,1461.0221,1485.5796,1417.5348,1430.4787,7785186.0,2045525401.0,600519.SH
2015-06-10,1413.1349,1470.6404,1403.7212,1440.8133,8046208.0,2096832880.0,600519.SH
2015-06-11,1435.4413,1458.464,1424.0323,1435.7483,5295454.0,1378413758.0,600519.SH
2015-06-12,1446.2876,1501.9513,1440.5575,1466.1382,9090952.0,2438986511.0,600519.SH
2015-06-15,1471.1521,1496.8351,1435.8506,1439.9947,10001422.0,2664672586.0,600519.SH
2015-06-16,1430.3252,1465.115,1397.0702,1404.4886,6930384.0,1789696036.0,600519.SH
2015-06-17,1404.5398,1423.9812,1379.1637,1410.321,5838881.0,1478407037.0,600519.SH
2015-06-18,1399.7306,1408.8373,1336.188,1353.4294,6150650.0,1530836127.0,600519.SH
2015-06-19,1363.1501,1376.5544,1302.5237,1309.1236,6760866.0,1646002769.0,600519.SH
2015-06-23,1332.0951,1414.2093,1303.0865,1395.7912,8124734.0,1989068141.0,600519.SH
2015-06-24,1384.2798,1462.0453,1372.2569,1441.6319,9570694.0,2463553858.0,600519.SH
2015-06-25,1443.1156,1445.8271,1385.3542,1393.4377,6652166.0,1707385606.0,600519.SH
2015-06-26,1384.3821,1413.6977,1309.0724,1345.6529,9933201.0,2451381599.0,600519.SH
2015-06-29,1375.9405,1417.5348,1270.7013,1367.0896,16507167.0,4057069903.0,600519.SH
2015-06-30,1367.0896,1434.5204,1363.8152,1423.4184,12629819.0,3205285541.0,600519.SH
2015-07-01,1409.8606,1478.9286,1389.2936,1422.5998,10332654.0,2696026039.0,600519.SH
2015-07-02,1411.3954,1551.0663,1358.7502,1436.9762,11845972.0,3011363680.0,600519.SH
2015-07-03,1409.8606,1437.9994,1344.3738,1383.3078,10960531.0,2772183160.0,600519.SH
2015-07-06,1476.1147,1476.3194,1330.5602,1404.9491,27279966.0,7012491142.0,600519.SH
2015-07-07,1384.2798,1417.9441,1330.5602,1354.5038,16756224.0,4121731560.0,600519.SH
2015-07-08,1276.8406,1358.6479,1229.5674,1317.0536,28914054.0,6738026659.0,600519.SH
2015-07-09,1317.0536,1437.539,1297.3053,1424.9021,13820334.0,3409950542.0,600519.SH
2015-07-10,1420.0929,1553.1128,1394.3075,1464.0406,25614930.0,6888908351.0,600519.SH
2015-07-13,1425.209,1463.9895,1389.396,1423.93,14892616.0,3838169457.0,600519.SH
2015-07-14,1409.8606,1410.7815,1369.9546,1379.4195,9676830.0,2425239239.0,600519.SH
2015-07-15,1371.4894,1398.0934,1349.8993,1390.7262,10407746.0,2585923324.0,600519.SH
2015-07-16,1390.7262,1405.6653,1375.3777,1392.4145,7281433.0,1826618391.0,600519.SH
2015-07-17,1416.3786,1421.95,1392.4043,1412.3828,5641853.0,1284361191.0,600519.SH
2015-07-20,1405.9672,1410.188,1379.7981,1394.4865,6793355.0,1531275688.0,600519.SH
2015-07-21,1375.5772,1389.3653,1365.7287,1375.0707,5178996.0,1148423253.0,600519.SH
2015-07-22,1365.7287,1376.9842,1346.4817,1349.577,7085510.0,1552554839.0,600519.SH
2015-07-23,1354.4168,1369.1053,1341.9232,1363.1399,6474810.0,1411411702.0,600519.SH
2015-07-24,1368.5425,1386.4951,1358.6939,1361.2827,5739009.0,1271122141.0,600519.SH
2015-07-27,1348.8454,1373.0448,1258.8011,1261.7275,7694415.0,1628465532.0,600519.SH
2015-07-28,1252.3854,1306.2994,1238.9914,1285.9832,8670357.0,1766521467.0,600519.SH
2015-07-29,1296.9574,1309.451,1265.1605,1296.7322,6650743.0,1364157580.0,600519.SH
2015-07-30,1302.8665,1302.8665,1281.8749,1286.7148,4113400.0,853284372.0,600519.SH
2015-07-31,1290.8794,1292.1738,1270.0566,1291.611,4073664.0,835374146.0,600519.SH
2015-08-03,1281.3122,1309.3947,1270.0566,1306.9748,5455303.0,1117796040.0,600519.SH
2015-08-04,1305.2864,1331.8495,1305.2864,1320.5377,5953396.0,1260302964.0,600519.SH
2015-08-05,1325.9403,1331.1179,1292.23,1293.637,4314385.0,907597376.0,600519.SH
2015-08-06,1288.2343,1295.3816,1270.0566,1281.0871,3924980.0,805358564.0,600519.SH
2015-08-07,1295.3253,1301.5721,1284.6888,1292.1738,3952134.0,819022560.0,600519.SH
2015-08-10,1292.624,1326.3343,1282.0438,1322.3949,5649643.0,1182083559.0,600519.SH
2015-08-11,1322.3949,1323.0139,1309.5073,1313.6718,5089705.0,1076261224.0,600519.SH
2015-08-12,1309.3947,1333.5941,1302.4163,1306.4683,4582434.0,968610598.0,600519.SH
2015-08-13,1317.8926,1317.8926,1286.9399,1306.6934,3518025.0,733202199.0,600519.SH
2015-08-14,1312.2649,1317.3299,1305.2302,1309.3384,3066690.0,645849785.0,600519.SH
2015-08-17,1298.308,1302.8102,1275.6844,1288.178,5385832.0,1108212041.0,600519.SH
2015-08-18,1292.4551,1295.3816,1255.1431,1259.1388,5128552.0,1047896516.0,600519.SH
2015-08-19,1251.7664,1265.3293,1242.9308,1262.2903,5026180.0,1004394398.0,600519.SH
2015-08-20,1257.8444,1258.8011,1224.4717,1225.4284,3964503.0,788892224.0,600519.SH
2015-08-21,1205.4499,1224.2466,1175.0599,1176.2418,7562061.0,1433277975.0,600519.SH
2015-08-24,1146.2458,1149.0597,1074.2104,1082.3144,8981284.0,1559048775.0,600519.SH
2015-08-25,1070.0458,1154.7437,1062.9548,1121.4273,12308058.0,2165823577.0,600519.SH
2015-08-26,1122.384,1188.454,1112.4792,1162.4537,9157253.0,1663612844.0,600519.SH
2015-08-27,1196.8957,1252.6106,1168.1378,1236.684,8705201.0,1663248886.0,600519.SH
2015-08-28,1225.0345,1226.6666,1180.744,1211.8093,8992583.0,1720106859.0,600519.SH
2015-08-31,1193.1813,1227.8484,1169.7698,1227.1168,6273019.0,1198185023.0,600519.SH
2015-09-01,1207.1382,1225.0345,1185.6401,1221.489,8743269.0,1688392993.0,600519.SH
2015-09-02,1197.5147,1225.0345,1192.3935,1222.8397,10694546.0,2052413262.0,600519.SH
2015-09-07,1211.5279,1219.4067,1189.2982,1189.6359,3221642.0,615819752.0,600519.SH
2015-09-08,1188.2289,1199.5407,1168.7568,1193.0688,3309858.0,621914336.0,600519.SH
2015-09-09,1197.6836,1218.6751,1197.6836,1207.3633,3521516.0,676337501.0,600519.SH
2015-09-10,1199.0342,1215.4673,1192.0558,1214.9608,2685248.0,514766384.0,600519.SH
2015-09-11,1207.4759,1219.9695,1202.8048,1213.2725,1693214.0,326277629.0,600519.SH
2015-09-14,1210.5711,1268.9311,1185.0774,1267.4116,8617555.0,1678995779.0,600519.SH
2015-09-15,1241.9741,1264.5414,1225.7098,1264.4289,5188434.0,1035493477.0,600519.SH
2015-09-16,1253.2296,1306.8622,1240.3983,1278.7797,3719802.0,753188784.0,600519.SH
2015-09-17,1267.8055,1285.8144,1239.723,1241.9178,2642300.0,533638541.0,600519.SH
2015-09-18,1245.2945,1258.182,1241.9178,1249.9655,1564276.0,312040970.0,600519.SH
2015-09-21,1241.9741,1257.1128,1241.9178,1249.2339,1652767.0,329196735.0,600519.SH
2015-09-22,1257.5067,1259.8141,1247.433,1249.0651,1645740.0,329161941.0,600519.SH
2015-09-23,1237.1342,1247.4893,1219.9695,1223.4587,2234432.0,438412337.0,600519.SH
2015-09-24,1229.5367,1232.238,1212.6534,1219.4067,1388674.0,269653188.0,600519.SH
2015-09-25,1219.3505,1224.4717,1194.0818,1216.3677,2445597.0,470411106.0,600519.SH
2015-09-28,1205.2248,1209.8395,1192.5623,1204.662,1234110.0,235369401.0,600519.SH
2015-09-29,1194.3632,1204.6057,1187.3285,1197.8524,1840982.0,348759190.0,600519.SH
2015-09-30,1198.1901,1205.2248,1197.8524,1198.6403,1163463.0,222178053.0,600519.SH
2015-10-08,1246.3075,1262.0652,1236.29,1239.2165,3439179.0,684138047.0,600519.SH
2015-10-09,1246.3075,1246.9828,1233.4762,1236.0086,1572174.0,310187702.0,600519.SH
2015-10-12,1247.5456,1278.442,1241.0736,1242.4243,4903000.0,982174156.0,600519.SH
2015-10-13,1242.4243,1253.6798,1242.4243,1246.0823,1575113.0,313495454.0,600519.SH
2015-10-14,1247.433,1250.3594,1236.3463,1240.9611,1521339.0,301666756.0,600519.SH
2015-10-15,1242.8182,1255.2556,1239.4416,1253.1171,1655013.0,329836775.0,600519.SH
2015-10-16,1260.0392,1266.68,1249.853,1257.3379,1923843.0,386383069.0,600519.SH
2015-10-19,1280.9745,1280.9745,1263.8661,1268.4809,2612145.0,531101872.0,600519.SH
2015-10-20,1264.5414,1269.3813,1259.8141,1264.26,1478429.0,298284287.0,600519.SH
2015-10-21,1264.8791,1267.5241,1236.3463,1254.9179,2234914.0,447195037.0,600519.SH
2015-10-22,1254.524,1268.5371,1249.9655,1267.4116,2372030.0,478632748.0,600519.SH
2015-10-23,1285.8144,1352.222,1284.4074,1314.9662,5627734.0,1189746955.0,600519.SH
2015-10-26,1320.7065,1356.1615,1298.1955,1352.9536,4334626.0,932490839.0,600519.SH
2015-10-27,1349.4081,1352.6722,1323.9706,1338.9968,2257279.0,484597005.0,600519.SH
2015-10-28,1337.5335,1337.5335,1320.1437,1323.1827,1655922.0,353020506.0,600519.SH
2015-10-29,1320.7065,1336.408,1320.7065,1326.3343,1345435.0,287688318.0,600519.SH
2015-10-30,1326.0529,1342.092,1321.3819,1331.1742,1225791.0,263117287.0,600519.SH
2015-11-02,1335.3387,1342.4297,1323.5204,1323.8581,1529820.0,328246682.0,600519.SH
2015-11-03,1325.8841,1341.8669,1300.4466,1307.8189,2317329.0,493565252.0,600519.SH
2015-11-04,1312.7151,1343.2176,1310.07,1337.4773,3080972.0,659118997.0,600519.SH
2015-11-05,1335.3387,1384.1877,1329.1482,1346.3691,4998258.0,1087812237.0,600519.SH
2015-11-06,1350.8151,1357.8498,1340.7414,1356.8368,2169571.0,471929422.0,600519.SH
2015-11-09,1376.9842,1391.954,1360.1009,1370.3997,4052729.0,900398639.0,600519.SH
2015-11-10,1365.7287,1388.9151,1361.0013,1379.1227,2872976.0,639416128.0,600519.SH
2015-11-11,1377.0405,1382.612,1357.8498,1366.5728,2381550.0,524296324.0,600519.SH
2015-11-12,1367.023,1382.612,1362.2394,1365.7849,1618085.0,357408916.0,600519.SH
2015-11-13,1355.0359,1362.9148,1336.6331,1338.2089,2839718.0,614644801.0,600519.SH
2015-11-16,1323.5204,1346.0315,1320.7065,1330.724,2391670.0,511461320.0,600519.SH
2015-11-17,1336.0141,1351.6592,1327.1222,1333.9881,2198635.0,473813948.0,600519.SH
2015-11-18,1329.6547,1343.2176,1329.6547,1335.6764,1972554.0,423815322.0,600519.SH
2015-11-19,1331.9621,1343.2176,1331.3993,1337.7587,1526276.0,327777826.0,600519.SH
2015-11-20,1338.3777,1341.9795,1326.8971,1330.3863,2227423.0,476413651.0,600519.SH
2015-11-23,1326.3343,1331.0616,1323.5767,1324.1957,2099473.0,446996434.0,600519.SH
2015-11-24,1322.9014,1327.9101,1309.451,1318.9619,2046902.0,431548236.0,600519.SH
2015-11-25,1319.0182,1326.3343,1311.7021,1326.2217,2424981.0,512351419.0,600519.SH
2015-11-26,1329.0919,1330.7802,1319.7498,1325.4338,1880453.0,400523684.0,600519.SH
2015-11-27,1323.4641,1323.7455,1290.4854,1296.7322,1622072.0,339061425.0,600519.SH
2015-11-30,1298.4206,1336.3517,1297.0136,1333.7067,3344003.0,702029940.0,600519.SH
2015-12-01,1326.3343,1331.6807,1315.0788,1330.8365,1887754.0,400895906.0,600519.SH
2015-12-02,1334.6634,1405.123,1320.7065,1374.6205,4789145.0,1055325951.0,600519.SH
2015-12-03,1360.1009,1373.6075,1347.157,1366.8542,2238683.0,489928569.0,600519.SH
2015-12-04,1365.5035,1365.5035,1337.6461,1339.3344,2084871.0,452200743.0,600519.SH
2015-12-07,1337.5898,1348.7328,1327.4598,1334.8322,1925509.0,413697607.0,600519.SH
2015-12-08,1335.0573,1335.0573,1317.6675,1320.3689,1739368.0,370510935.0,600519.SH
2015-12-09,1318.3429,1337.8712,1317.8926,1334.6071,1411977.0,302039607.0,600519.SH
2015-12-10,1337.5898,1344.3431,1320.6502,1326.1092,1378671.0,295297553.0,600519.SH
2015-12-11,1323.5204,1323.5204,1312.2649,1317.3861,1303548.0,275655733.0,600519.SH
2015-12-14,1310.5203,1336.9145,1303.8232,1332.5248,2070134.0,439584116.0,600519.SH
2015-12-15,1330.8365,1335.2824,1321.1567,1334.8322,1508839.0,321828819.0,600519.SH
2015-12-16,1334.2694,1335.5638,1324.0269,1331.4556,2014480.0,430371563.0,600519.SH
2015-12-17,1334.1569,1348.17,1331.9621,1342.4297,2425321.0,523818380.0,600519.SH
2015-12-18,1340.4037,1360.9451,1338.2089,1348.17,2846020.0,618897538.0,600519.SH
2015-12-21,1354.4731,1417.3915,1354.4731,1405.2919,5939189.0,1341466585.0,600519.SH
2015-12-22,1403.9975,1403.9975,1384.1877,1394.0363,2840245.0,638684794.0,600519.SH
2015-12-23,1396.4,1403.3784,1380.9236,1382.612,2237497.0,501438271.0,600519.SH
2015-12-24,1388.1272,1397.6944,1383.7375,1392.6294,1557788.0,350137309.0,600519.SH
2015-12-25,1393.8675,1397.5818,1381.9366,1391.0536,1154295.0,258870006.0,600519.SH
2015-12-28,1396.5688,1399.4953,1360.1009,1360.7762,2559452.0,569404122.0,600519.SH
2015-12-29,1357.9623,1368.2049,1357.3433,1364.7719,1577433.0,345982477.0,600519.SH
2015-12-30,1366.7417,1369.443,1351.7718,1359.313,2014766.0,440489185.0,600519.SH
2015-12-31,1355.7112,1362.9148,1353.4601,1355.5424,1967387.0,429872169.0,600519.SH
2016-01-04,1354.4731,1354.4731,1309.3947,1309.5635,1734969.0,371909829.0,600519.SH
2016-01-05,1309.451,1331.7932,1295.4379,1325.3213,3190891.0,672596329.0,600519.SH
2016-01-06,1325.0962,1330.0486,1305.5116,1321.7195,2376090.0,502483565.0,600519.SH
2016-01-07,1303.767,1303.767,1253.3422,1265.7233,814868.0,167829920.0,600519.SH
2016-01-08,1276.6411,1298.1955,1253.1733,1279.2299,4451009.0,911812833.0,600519.SH
2016-01-11,1270.9571,1274.5026,1249.7967,1252.3854,2970258.0,596838948.0,600519.SH
2016-01-12,1259.3639,1264.9916,1230.6623,1235.1082,4028723.0,801495583.0,600519.SH
2016-01-13,1248.1083,1286.9399,1245.2945,1251.9352,2920198.0,592420624.0,600519.SH
2016-01-14,1236.9091,1286.8274,1227.9047,1280.2992,3477606.0,699341426.0,600519.SH
2016-01-15,1279.9052,1287.9529,1241.9178,1247.5456,2668119.0,537750009.0,600519.SH
2016-01-18,1241.9178,1266.68,1237.4156,1249.9655,2737123.0,548614385.0,600519.SH
2016-01-19,1258.8011,1311.3082,1253.2296,1310.8017,5911022.0,1224859286.0,600519.SH
2016-01-20,1292.5677,1310.3514,1258.8574,1266.2298,4096866.0,835946965.0,600519.SH
2016-01-21,1260.2643,1279.0048,1252.6106,1254.6366,2183229.0,439737651.0,600519.SH
2016-01-22,1270.6757,1272.3077,1246.4763,1268.5934,2273348.0,456952021.0,600519.SH
2016-01-25,1270.0566,1272.8142,1261.615,1268.7622,1375045.0,278273547.0,600519.SH
2016-01-26,1258.7448,1278.3294,1244.7317,1247.6018,2228092.0,448487464.0,600519.SH
2016-01-27,1253.0608,1258.182,1228.9739,1252.7794,2984041.0,589842577.0,600519.SH
2016-01-28,1251.7664,1251.7664,1228.5237,1234.264,1790300.0,353744037.0,600519.SH
2016-01-29,1238.9914,1267.2427,1236.29,1256.8314,2309024.0,461975279.0,600519.SH
2016-02-01,1264.9916,1268.9311,1252.5543,1260.4332,1917802.0,386028337.0,600519.SH
2016-02-02,1264.4289,1280.1866,1256.7751,1278.7797,1784208.0,362596993.0,600519.SH
2016-02-03,1267.693,1278.8359,1261.615,1273.771,1515699.0,307933687.0,600519.SH
2016-02-04,1280.1866,1286.2646,1273.0956,1281.2559,1662475.0,340315128.0,600519.SH
2016-02-05,1281.2559,1282.3252,1267.4116,1274.9528,1422767.0,290691678.0,600519.SH
2016-02-15,1253.1733,1270.0566,1250.9222,1255.4807,1947018.0,390748384.0,600519.SH
2016-02-16,1256.3249,1298.1955,1256.3249,1275.2342,1922316.0,393326285.0,600519.SH
2016-02-17,1274.2212,1280.8619,1256.0435,1266.1172,2034911.0,411126979.0,600519.SH
2016-02-18,1271.1822,1273.4333,1259.3639,1262.7968,1889256.0,381696249.0,600519.SH
2016-02-19,1262.2903,1271.0696,1259.5327,1270.6757,1423846.0,287755552.0,600519.SH
2016-02-22,1286.9399,1299.9963,1286.9399,1297.0699,2775986.0,574540624.0,600519.SH
2016-02-23,1296.9011,1337.4773,1292.6803,1323.0139,3746089.0,795824522.0,600519.SH
2016-02-24,1321.8321,1354.642,1315.135,1353.0099,3312902.0,717612347.0,600519.SH
2016-02-25,1358.9753,1368.43,1321.4381,1323.0139,3948065.0,855036777.0,600519.SH
2016-02-26,1326.8971,1361.5078,1316.542,1347.9449,2833271.0,609924298.0,600519.SH
2016-02-29,1360.0446,1370.6811,1291.4421,1337.0833,4771246.0,1022532377.0,600519.SH
2016-03-01,1342.9925,1367.417,1311.7021,1356.8368,3400459.0,736088847.0,600519.SH
2016-03-02,1360.1009,1396.6814,1358.2437,1389.4778,4794266.0,1073462814.0,600519.SH
2016-03-03,1393.8675,1433.1493,1375.0707,1409.6815,4019328.0,914557333.0,600519.SH
2016-03-04,1404.4477,1479.1844,1393.9238,1471.4181,8583869.0,2007278355.0,600519.SH
2016-03-07,1467.6475,1478.284,1427.9155,1442.4914,3934555.0,924016283.0,600519.SH
2016-03-08,1440.5779,1440.5779,1405.123,1417.5604,2614722.0,600938828.0,600519.SH
2016-03-09,1405.123,1436.9199,1400.058,1407.5992,1640260.0,375804071.0,600519.SH
2016-03-10,1416.3223,1442.8291,1410.7508,1411.0885,2572746.0,593953294.0,600519.SH
2016-03-11,1402.5342,1432.5865,1396.6814,1411.0322,1632008.0,373343712.0,600519.SH
2016-03-14,1426.2834,1441.7035,1378.1097,1391.4475,4527783.0,1029457824.0,600519.SH
2016-03-15,1392.7419,1446.7122,1390.1532,1432.8116,3635633.0,832373597.0,600519.SH
2016-03-16,1423.2444,1436.0757,1393.8675,1414.1837,2425097.0,555358085.0,600519.SH
2016-03-17,1422.0063,1445.0802,1412.4391,1419.5301,2882095.0,665454446.0,600519.SH
2016-03-18,1433.2618,1434.7251,1398.2571,1399.4953,7056894.0,1613934123.0,600519.SH
2016-03-21,1403.2096,1433.3744,1403.1533,1433.1493,3854745.0,885665711.0,600519.SH
2016-03-22,1434.7251,1468.0414,1430.448,1447.275,4176661.0,981582397.0,600519.SH
2016-03-23,1451.2707,1461.4007,1437.0887,1449.9763,2141206.0,503035650.0,600519.SH
2016-03-24,1450.1451,1508.6739,1429.3224,1493.2538,6206802.0,1487290878.0,600519.SH
2016-03-25,1492.3534,1533.3798,1484.0243,1506.3103,4475616.0,1100326150.0,600519.SH
2016-03-28,1506.3103,1553.5835,1506.3103,1532.198,4833765.0,1207751715.0,600519.SH
2016-03-29,1532.3105,1540.1894,1503.2713,1523.9252,3668805.0,911522995.0,600519.SH
2016-03-30,1528.9339,1536.8127,1509.1241,1527.0204,2778260.0,688591402.0,600519.SH
2016-03-31,1533.6612,1536.25,1517.6221,1521.2801,1945734.0,483196895.0,600519.SH
2016-04-01,1528.6525,1537.3192,1503.834,1506.9293,2514607.0,620149506.0,600519.SH
2016-04-05,1495.1673,1520.4922,1495.1673,1509.3492,2504785.0,615354327.0,600519.SH
2016-04-06,1510.925,1577.3327,1510.925,1575.1378,4842492.0,1225137020.0,600519.SH
2016-04-07,1573.3369,1576.6573,1549.3064,1557.6918,2553639.0,650128766.0,600519.SH
2016-04-08,1545.8172,1567.7092,1524.4317,1533.7738,2315602.0,583704015.0,600519.SH
2016-04-11,1537.3755,1563.7135,1497.9812,1499.2193,11928468.0,2930751132.0,600519.SH
2016-04-12,1499.1067,1506.4228,1490.1023,1505.9726,2333909.0,568663727.0,600519.SH
2016-04-13,1508.6739,1526.8516,1487.8512,1490.8902,5427425.0,1328412389.0,600519.SH
2016-04-14,1491.6781,1505.4661,1483.9117,1493.8166,2866437.0,696651874.0,600519.SH
2016-04-15,1493.1413,1506.3103,1485.0373,1505.86,1902926.0,463404859.0,600519.SH
2016-04-18,1494.0417,1512.0506,1492.3534,1498.9942,1859304.0,453989128.0,600519.SH
2016-04-19,1504.1154,1507.4921,1486.4442,1496.1803,1423668.0,345816837.0,600519.SH
2016-04-20,1496.2366,1503.0461,1454.6474,1469.5047,3370850.0,808354333.0,600519.SH
2016-04-21,1481.0979,1491.2278,1468.7168,1480.3663,2967222.0,713190665.0,600519.SH
2016-04-22,1483.9117,1522.6308,1480.3663,1519.9294,3545938.0,869560470.0,600519.SH
2016-04-25,1518.3537,1523.8689,1496.8556,1503.7215,2499028.0,614481805.0,600519.SH
2016-04-26,1506.1414,1517.003,1495.1673,1500.0072,1515668.0,370224914.0,600519.SH
2016-04-27,1503.6089,1509.1241,1497.9249,1505.7475,1391510.0,340092448.0,600519.SH
2016-04-28,1511.0939,1516.2151,1500.795,1514.5268,1715655.0,421012810.0,600519.SH
2016-04-29,1519.8732,1548.2371,1519.8732,1541.315,4607949.0,1155915396.0,600519.SH
2016-05-03,1537.6569,1603.6706,1537.6569,1590.8393,5647486.0,1463972630.0,600519.SH
2016-05-04,1590.8393,1604.2897,1568.272,1569.5101,2863626.0,743425170.0,600519.SH
2016-05-05,1571.1421,1580.4279,1565.5144,1578.2894,1351789.0,347050356.0,600519.SH
2016-05-06,1575.7006,1582.5102,1540.8647,1547.0553,2717369.0,689911421.0,600519.SH
2016-05-09,1535.2932,1550.3194,1528.9902,1539.1764,2779918.0,696784543.0,600519.SH
2016-05-10,1531.7478,1557.0727,1529.5529,1546.2674,3350589.0,843441777.0,600519.SH
2016-05-11,1547.7869,1593.5406,1547.7869,1573.2244,4927713.0,1268594578.0,600519.SH
2016-05-12,1557.1853,1571.4798,1545.8172,1568.1031,1889411.0,480711461.0,600519.SH
2016-05-13,1568.2157,1584.6488,1537.3755,1539.9643,2814561.0,714915405.0,600519.SH
2016-05-16,1539.4015,1544.6916,1519.3667,1543.7349,2220273.0,553627499.0,600519.SH
2016-05-17,1540.2457,1548.0683,1533.6049,1534.7305,1178569.0,295827986.0,600519.SH
2016-05-18,1529.3841,1544.973,1495.7301,1503.2713,2838034.0,700172115.0,600519.SH
2016-05-19,1507.3233,1526.12,1503.6089,1510.7562,2088943.0,514050851.0,600519.SH
2016-05-20,1516.7779,1546.8302,1502.5959,1541.6526,2550157.0,638079261.0,600519.SH
2016-05-23,1532.9859,1562.6442,1532.9859,1558.1983,1870618.0,474832790.0,600519.SH
2016-05-24,1559.3801,1563.8823,1535.1244,1545.4795,1167440.0,294383661.0,600519.SH
2016-05-25,1559.774,1562.3628,1540.2457,1545.0293,1778534.0,450815932.0,600519.SH
2016-05-26,1545.7609,1555.9472,1530.0594,1549.8129,1812026.0,454859062.0,600519.SH
2016-05-27,1549.8692,1560.9559,1542.328,1548.2934,1323044.0,334258004.0,600519.SH
2016-05-30,1543.0033,1571.1421,1534.5616,1569.0598,2980692.0,756013047.0,600519.SH
2016-05-31,1568.3282,1628.0951,1563.826,1615.9954,5394965.0,1418668247.0,600519.SH
2016-06-01,1621.2292,1621.792,1607.7226,1612.1685,2187669.0,578184009.0,600519.SH
2016-06-02,1607.7789,1639.6883,1607.7789,1634.3982,2476076.0,660335572.0,600519.SH
2016-06-03,1630.2337,1741.3258,1626.857,1725.2866,6479813.0,1806172759.0,600519.SH
2016-06-06,1714.6502,1720.2779,1675.2558,1681.1649,3726166.0,1034692860.0,600519.SH
2016-06-07,1683.6974,1694.8967,1675.3121,1691.2949,1875353.0,518246021.0,600519.SH
2016-06-08,1683.1347,1691.3512,1666.8141,1671.2038,2388209.0,656530776.0,600519.SH
2016-06-13,1665.97,1684.5979,1626.0128,1630.5713,3777506.0,1030012790.0,600519.SH
2016-06-14,1634.2294,1668.5025,1634.2294,1662.5933,2558729.0,696446744.0,600519.SH
2016-06-15,1651.1127,1691.0135,1648.2988,1683.6412,2732201.0,752172235.0,600519.SH
2016-06-16,1674.4679,1691.0135,1668.3899,1669.7406,1964357.0,540824570.0,600519.SH
2016-06-17,1667.3769,1717.4078,1667.3769,1693.6023,2470518.0,689165054.0,600519.SH
2016-06-20,1702.1002,1702.6067,1669.628,1681.5026,1901926.0,523759587.0,600519.SH
2016-06-21,1686.7364,1691.8014,1664.0003,1668.5588,1674933.0,460067364.0,600519.SH
2016-06-22,1668.3336,1699.7929,1662.7059,1694.6153,2088448.0,577353686.0,600519.SH
2016-06-23,1703.2258,1703.2258,1674.5805,1683.3598,1398451.0,386801287.0,600519.SH
2016-06-24,1676.8316,1686.5113,1631.3592,1668.3336,2012951.0,550877435.0,600519.SH
2016-06-27,1675.2558,1772.6161,1675.2558,1746.6159,6364269.0,1823624051.0,600519.SH
2016-06-28,1742.9015,1757.7588,1738.9621,1749.5986,2428223.0,699351511.0,600519.SH
2016-06-29,1745.8843,1756.577,1727.0312,1749.4298,2814760.0,805690468.0,600519.SH
2016-06-30,1759.7848,1805.82,1759.7848,1770.4776,3802240.0,1116195906.0,600519.SH
2016-07-01,1778.6435,1804.9814,1760.6346,1772.8469,2601495.0,746622842.0,600519.SH
2016-07-04,1777.5179,1824.7912,1771.8902,1816.3495,2948864.0,859625100.0,600519.SH
2016-07-05,1822.7089,1868.125,1822.7089,1853.943,4170773.0,1252985739.0,600519.SH
2016-07-06,1849.5533,1951.9787,1845.1074,1947.4202,4734770.0,1463885917.0,600519.SH
2016-07-07,1939.5976,2001.503,1918.6623,1945.8444,5072520.0,1619384207.0,600519.SH
2016-07-08,1926.8226,1937.9093,1885.3459,1906.4501,4554563.0,1412963905.0,600519.SH
2016-07-11,1901.4976,1985.7453,1901.4976,1935.8833,5748167.0,1825388220.0,600519.SH
2016-07-12,1939.3725,2000.3775,1935.0954,1989.8535,5311945.0,1712151169.0,600519.SH
2016-07-13,1980.2863,1989.8535,1935.3768,1947.4202,5344828.0,1697002627.0,600519.SH
2016-07-14,1941.2296,1967.7364,1936.2209,1946.8574,2923085.0,928017845.0,600519.SH
2016-07-15,1947.0262,1952.1475,1935.433,1949.2774,2681101.0,848676195.0,600519.SH
2016-07-18,1949.1648,1960.4203,1938.8097,1941.905,2335289.0,741065232.0,600519.SH
2016-07-19,1937.9093,1942.4115,1881.913,1896.3201,4143166.0,1282256493.0,600519.SH
2016-07-20,1899.1902,1911.8527,1892.8871,1898.8526,1773384.0,548187889.0,600519.SH
2016-07-21,1907.8007,1949.7276,1901.3288,1931.6062,3300949.0,1041004812.0,600519.SH
2016-07-22,1923.2771,1936.2209,1892.2118,1895.2508,2887145.0,893047922.0,600519.SH
2016-07-25,1893.4499,1930.5369,1890.0733,1914.0475,2362353.0,736751814.0,600519.SH
2016-07-26,1901.3851,1960.4203,1898.5149,1957.8316,3555567.0,1121135548.0,600519.SH
2016-07-27,1962.39,1966.6109,1897.3894,1929.5239,3922806.0,1235833182.0,600519.SH
2016-07-28,1918.2121,1959.2948,1915.3982,1941.0045,3964399.0,1254912053.0,600519.SH
2016-07-29,1935.5456,1956.9311,1923.8399,1924.684,2900737.0,913987191.0,600519.SH
2016-08-01,1923.8399,1929.1862,1878.8177,1889.8481,3170185.0,980681835.0,600519.SH
2016-08-02,1891.4802,1909.7704,1866.718,1885.6273,2654142.0,812078461.0,600519.SH
2016-08-03,1890.0733,1895.1382,1874.0341,1889.0603,2403907.0,735080442.0,600519.SH
2016-08-04,1889.2291,1897.5582,1874.4281,1886.1338,2179364.0,666165432.0,600519.SH
2016-08-05,1887.2031,1897.7833,1878.9866,1884.0515,2030848.0,622324412.0,600519.SH
2016-08-08,1885.2897,1897.3894,1867.8999,1896.2638,2200740.0,672724165.0,600519.SH
2016-08-09,1896.6577,1950.1215,1886.8092,1939.3162,3928967.0,1230571980.0,600519.SH
2016-08-10,1935.3768,1943.537,1925.697,1928.3983,2094471.0,659451040.0,600519.SH
2016-08-11,1931.6062,1972.0698,1929.5239,1945.0565,3193972.0,1016399255.0,600519.SH
2016-08-12,1948.602,1948.602,1929.5239,1946.1821,2335283.0,737487495.0,600519.SH
2016-08-15,1939.5976,1972.7451,1930.3118,1956.3683,3411013.0,1084418386.0,600519.SH
2016-08-16,1974.4897,1977.1911,1895.701,1904.2552,8837869.0,2755749508.0,600519.SH
2016-08-17,1904.7054,1912.4155,1887.2594,1896.6015,4375406.0,1347397784.0,600519.SH
2016-08-18,1895.4196,1904.9868,1879.5493,1886.8654,3100599.0,951674783.0,600519.SH
2016-08-19,1883.3199,1892.6057,1877.6922,1887.1468,1914091.0,585467699.0,600519.SH
2016-08-22,1885.1771,1904.5929,1884.4455,1891.8741,2081270.0,640455200.0,600519.SH
2016-08-23,1891.9304,1901.5539,1883.3199,1889.3979,1991426.0,612752800.0,600519.SH
2016-08-24,1890.1858,1892.8309,1872.2332,1880.3935,2277942.0,695005299.0,600519.SH
2016-08-25,1879.9433,1880.9563,1851.0728,1867.6185,2536258.0,766099099.0,600519.SH
2016-08-26,1868.3501,1876.2852,1852.93,1858.8392,2143645.0,648346749.0,600519.SH
2016-08-29,1895.701,1900.2032,1879.9433,1893.056,3805557.0,1169052449.0,600519.SH
2016-08-30,1890.0733,1898.5149,1876.9606,1883.6576,2117052.0,649198656.0,600519.SH
2016-08-31,1888.3849,1911.2337,1881.8567,1908.0258,4040144.0,1250762220.0,600519.SH
2016-09-01,1905.2682,1918.2121,1897.108,1899.6967,1718597.0,532785268.0,600519.SH
2016-09-02,1895.701,1903.8613,1878.1424,1883.2074,1857224.0,570909575.0,600519.SH
2016-09-05,1885.571,1901.3288,1883.3762,1898.5149,1913870.0,589626257.0,600519.SH
2016-09-06,1898.5149,1908.9825,1897.6707,1906.6189,2062583.0,638681582.0,600519.SH
2016-09-07,1905.1557,1905.1557,1881.6316,1887.8221,2964515.0,908976239.0,600519.SH
2016-09-08,1879.9996,1887.2594,1875.4973,1883.4325,1670578.0,509979664.0,600519.SH
2016-09-09,1888.1035,1889.2854,1873.19,1876.7354,1622251.0,494663720.0,600519.SH
2016-09-12,1861.9344,1873.19,1838.129,1839.761,3823881.0,1148690134.0,600519.SH
2016-09-13,1850.3975,1856.1378,1846.7395,1853.0988,1625588.0,488095080.0,600519.SH
2016-09-14,1851.2417,1863.06,1839.4796,1848.259,1852765.0,556106069.0,600519.SH
2016-09-19,1850.9603,1859.5145,1850.0036,1851.4105,1285210.0,385804380.0,600519.SH
2016-09-20,1855.0685,1855.1811,1816.9123,1822.315,3489260.0,1031649944.0,600519.SH
2016-09-21,1822.8777,1824.7349,1789.3925,1817.1937,3903723.0,1139374180.0,600519.SH
2016-09-22,1818.6006,1850.5663,1816.9686,1833.683,2960617.0,879666027.0,600519.SH
2016-09-23,1833.9081,1844.7697,1824.7912,1837.6225,1267190.0,376554085.0,600519.SH
2016-09-26,1833.7956,1833.8519,1786.241,1787.254,3717608.0,1080278313.0,600519.SH
2016-09-27,1788.0981,1805.5442,1787.4228,1800.9857,1791582.0,520513707.0,600519.SH
2016-09-28,1804.4749,1804.4749,1780.6695,1785.4531,2236001.0,648736325.0,600519.SH
2016-09-29,1782.3015,1811.2845,1782.3015,1799.9164,2370569.0,688873467.0,600519.SH
2016-09-30,1794.4012,1848.5966,1794.4012,1838.9169,2960350.0,880477802.0,600519.SH
2016-10-10,1842.2935,1872.4021,1842.2935,1867.3371,2110362.0,637178860.0,600519.SH
2016-10-11,1873.19,1901.3288,1867.5622,1900.8786,4173675.0,1279755341.0,600519.SH
2016-10-12,1898.5149,1898.5149,1878.2549,1883.4325,1928602.0,590793820.0,600519.SH
2016-10-13,1888.9477,1889.7356,1870.4324,1872.5709,1614398.0,491591611.0,600519.SH
2016-10-14,1870.2072,1884.4455,1868.6877,1882.1944,1269092.0,386317907.0,600519.SH
2016-10-17,1881.3502,1881.6316,1859.1205,1864.4669,1895703.0,574503340.0,600519.SH
2016-10-18,1864.7483,1898.5149,1861.9344,1890.9737,3038931.0,932443506.0,600519.SH
2016-10-19,1898.5149,1899.9218,1879.3805,1886.978,1412328.0,433658685.0,600519.SH
2016-10-20,1892.2681,1892.2681,1877.6922,1881.5191,1407992.0,429896204.0,600519.SH
2016-10-21,1879.2679,1881.5191,1865.2548,1874.2592,1148332.0,349209701.0,600519.SH
2016-10-24,1865.3111,1890.0733,1865.3111,1889.6793,2624652.0,802002340.0,600519.SH
2016-10-25,1892.2681,1923.8399,1892.2681,1923.5022,4376239.0,1363211035.0,600519.SH
2016-10-26,1923.8399,1953.7233,1916.2424,1927.6667,4681307.0,1475976854.0,600519.SH
2016-10-27,1923.7836,1953.2168,1912.6406,1945.6193,3295162.0,1039017332.0,600519.SH
2016-10-28,1949.1648,1954.3986,1929.4676,1946.6323,2013733.0,637478016.0,600519.SH
2016-10-31,1957.6064,1978.992,1945.2254,1951.6973,4359610.0,1394967912.0,600519.SH
2016-11-01,1951.6973,1957.6064,1938.1907,1944.55,1951239.0,617880127.0,600519.SH
2016-11-02,1941.2296,1947.2514,1927.6667,1936.1084,2063642.0,650629063.0,600519.SH
2016-11-03,1935.0954,1943.3119,1930.3118,1939.9353,1869081.0,589861356.0,600519.SH
2016-11-04,1940.6669,1953.3856,1929.3551,1934.0824,2061927.0,650489997.0,600519.SH
2016-11-07,1935.0954,1946.3509,1924.9654,1936.9525,1604780.0,505304908.0,600519.SH
2016-11-08,1943.537,1975.5027,1938.9223,1963.2342,3419383.0,1093003608.0,600519.SH
2016-11-09,1963.2342,1974.3209,1928.3421,1945.2816,3000449.0,951077199.0,600519.SH
2016-11-10,1958.1692,1968.862,1950.4592,1958.3381,1780496.0,568571581.0,600519.SH
2016-11-11,1951.9224,1953.667,1933.9698,1935.5456,3590265.0,1133744319.0,600519.SH
2016-11-14,1938.1907,1939.9915,1906.9003,1912.528,3992049.0,1246340872.0,600519.SH
2016-11-15,1907.1254,1938.7534,1907.1254,1929.5239,2447055.0,766112493.0,600519.SH
2016-11-16,1928.3983,1937.3465,1918.2121,1924.684,1339981.0,419672477.0,600519.SH
2016-11-17,1918.6623,1923.8399,1909.9393,1912.8094,1833776.0,570642087.0,600519.SH
2016-11-18,1913.4848,1917.0865,1906.2812,1906.9566,1937769.0,601883505.0,600519.SH
2016-11-21,1912.6969,1916.2986,1897.7833,1904.1427,2608384.0,807014528.0,600519.SH
2016-11-22,1908.6449,1909.489,1897.7833,1900.5972,2642427.0,816561740.0,600519.SH
2016-11-23,1912.5843,1923.8399,1901.9478,1923.5585,3401504.0,1058266299.0,600519.SH
2016-11-24,1924.9654,1946.3509,1914.948,1945.957,3907870.0,1227937711.0,600519.SH
2016-11-25,1946.576,1951.9787,1926.2035,1945.7319,2236967.0,706042467.0,600519.SH
2016-11-28,1949.4462,1964.2472,1944.0998,1960.4203,4925301.0,1568882892.0,600519.SH
2016-11-29,1967.1737,2022.0444,1959.9138,1985.5202,5883062.0,1911874428.0,600519.SH
2016-11-30,1970.1001,1981.8058,1954.5112,1958.0567,2675237.0,855564591.0,600519.SH
2016-12-01,1963.2342,1989.0657,1955.8056,1968.9745,2794182.0,896065026.0,600519.SH
2016-12-02,1968.862,1981.2431,1957.6064,1973.1954,3062833.0,984836869.0,600519.SH
2016-12-05,1958.732,1988.7843,1939.7102,1940.3292,4206081.0,1342647367.0,600519.SH
2016-12-06,1942.0175,2000.2649,1942.0175,1999.3645,3892309.0,1251764484.0,600519.SH
2016-12-07,2003.3039,2011.0702,1985.5764,2005.1611,2527174.0,825849253.0,600519.SH
2016-12-08,2008.3126,2075.7895,2002.6286,2062.902,5447578.0,1825332444.0,600519.SH
2016-12-09,2060.0318,2072.5254,2042.1355,2063.1833,3449559.0,1162079790.0,600519.SH
2016-12-12,2062.8457,2075.7895,1995.3125,2001.8407,5033244.0,1667557014.0,600519.SH
2016-12-13,2001.7281,2047.6507,1994.1869,2036.4515,4178000.0,1384533791.0,600519.SH
2016-12-14,2036.3952,2042.4169,2011.0702,2032.2869,3202902.0,1062697134.0,600519.SH
2016-12-15,2033.3562,2036.3389,1994.6371,2008.5377,3920275.0,1285279911.0,600519.SH
2016-12-16,2002.6286,2018.8365,1983.3816,2005.8927,2505126.0,818412412.0,600519.SH
2016-12-19,1997.0008,2044.1052,1994.806,1996.7757,3047187.0,1002365465.0,600519.SH
2016-12-20,1997.2259,2002.6286,1973.4205,1999.7021,3083159.0,1001345157.0,600519.SH
2016-12-21,2002.0658,2015.5162,1983.2691,2011.9707,2471124.0,807548103.0,600519.SH
2016-12-22,2008.2563,2010.8451,1990.6977,1992.4986,1467813.0,478750707.0,600519.SH
2016-12-23,1983.2128,1988.5592,1958.3381,1963.403,3109555.0,1001068078.0,600519.SH
2016-12-26,1957.7753,1991.3168,1941.8487,1988.4466,2600143.0,835811094.0,600519.SH
2016-12-27,1988.6154,2012.7586,1982.9314,1997.9013,2006229.0,655887935.0,600519.SH
2016-12-28,2002.5723,2008.2563,1981.9747,1984.1695,1787811.0,581648979.0,600519.SH
2016-12-29,1985.7453,2007.5247,1980.1175,2004.3732,2122512.0,690986078.0,600519.SH
2016-12-30,2000.4337,2049.2828,2000.4337,2042.8671,3468767.0,1152982239.0,600519.SH
2017-01-03,2043.5987,2058.9062,2035.3259,2045.1745,2076389.0,695005298.0,600519.SH
2017-01-04,2045.5122,2144.2795,2045.3996,2142.8162,6525738.0,2245051865.0,600519.SH
2017-01-05,2132.0672,2140.2275,2106.4046,2113.7207,4170448.0,1449077676.0,600519.SH
2017-01-06,2113.1579,2187.1068,2110.1189,2136.3443,6809562.0,2402546296.0,600519.SH
2017-01-09,2119.6861,2148.2752,2112.5951,2123.6818,3540500.0,1233977973.0,600519.SH
2017-01-10,2123.3442,2143.3227,2112.9328,2126.4394,3172764.0,1108100804.0,600519.SH
2017-01-11,2120.8117,2120.8117,2095.4867,2106.4609,2359851.0,814074636.0,600519.SH
2017-01-12,2112.6514,2117.435,2101.1708,2115.4653,1777940.0,614822051.0,600519.SH
2017-01-13,2115.0713,2117.3787,2097.6253,2103.1968,1828248.0,631734939.0,600519.SH
2017-01-16,2099.0322,2102.8028,2069.0362,2084.0624,3685545.0,1259384863.0,600519.SH
2017-01-17,2090.4217,2140.5088,2087.0451,2127.171,3518838.0,1223967880.0,600519.SH
2017-01-18,2125.7641,2170.1672,2116.3657,2160.6563,4600570.0,1622110970.0,600519.SH
2017-01-19,2160.206,2179.7907,2141.6344,2158.6303,2852392.0,1011320058.0,600519.SH
2017-01-20,2159.6433,2173.7127,2149.1193,2160.1498,2134417.0,758415995.0,600519.SH
2017-01-23,2170.7862,2187.2193,2129.0282,2138.9331,3258118.0,1151869289.0,600519.SH
2017-01-24,2139.2145,2147.8249,2113.777,2133.8118,2691458.0,939129474.0,600519.SH
2017-01-25,2131.9546,2131.9546,2110.6817,2118.7294,2299036.0,799259963.0,600519.SH
2017-01-26,2121.5996,2125.3139,2083.1056,2100.6643,3782617.0,1303262151.0,600519.SH
2017-02-03,2109.5561,2127.4524,2103.9284,2114.3397,2093643.0,727140789.0,600519.SH
2017-02-06,2123.5693,2125.8204,2103.7033,2114.3397,1568079.0,543401899.0,600519.SH
2017-02-07,2114.2835,2117.435,2093.4607,2095.9369,2051983.0,707114116.0,600519.SH
2017-02-08,2096.9499,2106.7423,2090.8157,2099.4824,1908854.0,656786314.0,600519.SH
2017-02-09,2103.9284,2125.2576,2101.7335,2118.6168,2332438.0,808958183.0,600519.SH
2017-02-10,2124.3009,2131.0542,2103.9284,2104.3786,2405659.0,835679322.0,600519.SH
2017-02-13,2098.3006,2142.76,2086.5948,2130.6603,5358790.0,1869148354.0,600519.SH
2017-02-14,2129.4784,2146.6994,2127.0022,2133.249,2655868.0,931733735.0,600519.SH
2017-02-15,2140.5088,2145.7989,2116.3095,2123.7944,2625696.0,917475854.0,600519.SH
2017-02-16,2123.6255,2124.3009,2106.7985,2121.3182,1764230.0,612607282.0,600519.SH
2017-02-17,2125.8767,2157.0545,2117.9978,2135.2187,2910234.0,1022647971.0,600519.SH
2017-02-20,2134.3746,2201.4013,2132.1235,2195.6047,6185340.0,2215563601.0,600519.SH
2017-02-21,2198.9251,2202.0203,2172.4746,2181.2539,2770577.0,994112865.0,600519.SH
2017-02-22,2191.7778,2225.0379,2188.3449,2198.9813,3713031.0,1347469102.0,600519.SH
2017-02-23,2193.8038,2219.185,2186.9942,2197.9121,2332806.0,844123194.0,600519.SH
2017-02-24,2199.6004,2204.6091,2188.6262,2203.0896,1769278.0,639123205.0,600519.SH
2017-02-27,2202.358,2204.384,2170.336,2172.5871,2540046.0,912927183.0,600519.SH
2017-02-28,2171.4616,2183.8426,2152.2146,2158.2926,2747351.0,975788668.0,600519.SH
2017-03-01,2160.7688,2178.2149,2160.206,2169.2667,2194420.0,782349009.0,600519.SH
2017-03-02,2169.8295,2171.4616,2157.561,2170.4486,2210362.0,785560420.0,600519.SH
2017-03-03,2160.206,2178.3274,2160.206,2168.8728,1415355.0,505108556.0,600519.SH
2017-03-06,2175.1759,2185.7561,2168.9291,2182.492,2281884.0,818625871.0,600519.SH
2017-03-07,2177.2582,2238.3194,2177.2582,2228.8648,4628698.0,1694198549.0,600519.SH
2017-03-08,2228.7522,2236.1246,2219.2976,2229.315,1603770.0,588667675.0,600519.SH
2017-03-09,2227.7392,2244.51,2219.6352,2244.0597,2340606.0,860084024.0,600519.SH
2017-03-10,2244.1723,2284.0169,2235.393,2243.7784,4095105.0,1524343094.0,600519.SH
2017-03-13,2244.9039,2268.9907,2230.7219,2253.3456,2767432.0,1027592800.0,600519.SH
2017-03-14,2253.3456,2266.2894,2235.2804,2241.8086,2041649.0,756359624.0,600519.SH
2017-03-15,2241.8086,2273.6055,2239.051,2270.9605,2515526.0,935994827.0,600519.SH
2017-03-16,2281.5407,2291.333,2260.3803,2271.467,2502260.0,938231439.0,600519.SH
2017-03-17,2262.0686,2325.9437,2262.0686,2292.346,3470026.0,1315336843.0,600519.SH
2017-03-20,2303.7141,2338.6625,2294.5971,2336.9742,3154594.0,1209603913.0,600519.SH
2017-03-21,2337.7621,2393.7583,2337.4807,2379.7452,4846096.0,1901883740.0,600519.SH
2017-03-22,2360.1606,2383.0656,2329.039,2382.3902,4553271.0,1775217767.0,600519.SH
2017-03-23,2368.6022,2379.6326,2338.0434,2355.996,3450481.0,1345058757.0,600519.SH
2017-03-24,2370.2343,2375.2993,2329.039,2339.2815,3328772.0,1292313386.0,600519.SH
2017-03-27,2334.8356,2353.0133,2291.8395,2294.2594,5369028.0,2054742982.0,600519.SH
2017-03-28,2300.6188,2307.3721,2282.1034,2302.3634,4118717.0,1558258565.0,600519.SH
2017-03-29,2306.5842,2333.5412,2300.3374,2321.4415,3729967.0,1429610961.0,600519.SH
2017-03-30,2317.7835,2339.6755,2315.5324,2335.4547,3161299.0,1216016529.0,600519.SH
2017-03-31,2335.7923,2345.9223,2324.4242,2336.6928,2447422.0,945503282.0,600519.SH
2017-04-05,2332.7533,2385.2604,2329.039,2355.2644,4078998.0,1594997313.0,600519.SH
2017-04-06,2351.6064,2374.0611,2338.2123,2367.9269,2885720.0,1125204238.0,600519.SH
2017-04-07,2374.0049,2379.6889,2354.9267,2373.3295,2409723.0,945589197.0,600519.SH
2017-04-10,2379.6889,2379.6889,2345.9223,2352.6756,2886948.0,1126296265.0,600519.SH
2017-04-11,2346.2037,2361.1173,2304.2768,2330.6711,4353072.0,1679537545.0,600519.SH
2017-04-12,2330.6711,2362.8056,2327.9135,2358.4722,2700291.0,1049245582.0,600519.SH
2017-04-13,2361.5675,2405.5204,2360.048,2404.3948,4564835.0,1805008871.0,600519.SH
2017-04-14,2410.2477,2412.7802,2385.3167,2387.8492,2364656.0,938378987.0,600519.SH
2017-04-17,2362.8056,2403.7757,2349.0176,2389.7626,2879371.0,1136763705.0,600519.SH
2017-04-18,2383.0656,2450.3174,2383.0656,2439.6246,4958100.0,1987661267.0,600519.SH
2017-04-19,2430.3388,2464.6682,2429.5509,2445.7589,3755011.0,1521983651.0,600519.SH
2017-04-20,2447.7286,2528.4308,2447.7286,2499.6166,5045768.0,2091241453.0,600519.SH
2017-04-21,2497.872,2501.2487,2413.4555,2416.4382,4933292.0,2015062634.0,600519.SH
2017-04-24,2416.9447,2441.5943,2351.5501,2405.2952,5003797.0,1986424986.0,600519.SH
2017-04-25,2440.4688,2526.9675,2440.4688,2519.764,7619271.0,3143136343.0,600519.SH
2017-04-26,2519.5389,2574.8598,2486.6727,2514.5302,5662412.0,2384125120.0,600519.SH
2017-04-27,2500.8547,2537.0975,2472.1531,2534.1148,2824071.0,1180494894.0,600519.SH
2017-04-28,2537.2101,2542.8941,2469.1704,2489.3178,4950587.0,2052093809.0,600519.SH
2017-05-02,2478.7376,2497.872,2465.1184,2481.4389,2329168.0,960137243.0,600519.SH
2017-05-03,2475.3609,2512.8419,2475.3609,2512.5605,2026791.0,842560358.0,600519.SH
2017-05-04,2495.7897,2517.4566,2495.7897,2503.4998,2670915.0,1111200116.0,600519.SH
2017-05-05,2504.6253,2541.656,2498.4348,2504.569,3743711.0,1566063418.0,600519.SH
2017-05-08,2504.5128,2509.1275,2440.0186,2444.2957,4072165.0,1671035538.0,600519.SH
2017-05-09,2438.4428,2469.0578,2402.2,2462.7547,5280192.0,2126236509.0,600519.SH
2017-05-10,2460.7287,2494.7204,2452.9624,2470.2397,2603938.0,1070652714.0,600519.SH
2017-05-11,2460.7287,2496.1837,2450.0923,2481.8891,3046764.0,1254053012.0,600519.SH
2017-05-12,2489.9368,2499.5603,2469.7894,2489.2615,2233742.0,921621377.0,600519.SH
2017-05-15,2487.2918,2527.9805,2487.2918,2523.4783,3344735.0,1398908200.0,600519.SH
2017-05-16,2523.7597,2589.1544,2516.2185,2582.9638,5016490.0,2145037948.0,600519.SH
2017-05-17,2576.6607,2583.3578,2553.4743,2563.1541,2751521.0,1174696177.0,600519.SH
2017-05-18,2554.431,2586.2279,2554.2059,2579.6997,2430080.0,1040535480.0,600519.SH
2017-05-19,2579.8686,2648.6961,2579.8686,2643.1809,3831083.0,1672948423.0,600519.SH
2017-05-22,2633.1635,2672.389,2617.1806,2648.5836,3532149.0,1560087945.0,600519.SH
2017-05-23,2651.2286,2719.9999,2651.2286,2718.4804,4845439.0,2178738025.0,600519.SH
2017-05-24,2711.1643,2731.3117,2672.3327,2696.6447,4022618.0,1812513084.0,600519.SH
2017-05-25,2687.584,2711.502,2680.7744,2698.2205,2889842.0,1299628591.0,600519.SH
2017-05-26,2699.4586,2726.3593,2683.5883,2705.6491,2738664.0,1237323135.0,600519.SH
2017-05-31,2694.8438,2697.6577,2639.1852,2655.1118,4431225.0,1968887174.0,600519.SH
2017-06-01,2652.6356,2694.5624,2644.2502,2690.7918,4060478.0,1808305713.0,600519.SH
2017-06-02,2694.8438,2700.1902,2670.0816,2679.7051,2178526.0,974893318.0,600519.SH
2017-06-05,2683.8134,2689.216,2651.7914,2663.3846,1924120.0,854876925.0,600519.SH
2017-06-06,2666.5361,2689.216,2662.2028,2688.203,2040244.0,912438705.0,600519.SH
2017-06-07,2689.8914,2751.1215,2689.8914,2747.576,3883430.0,1774212484.0,600519.SH
2017-06-08,2758.5501,2775.8836,2742.6798,2775.3771,2895111.0,1338443407.0,600519.SH
2017-06-09,2774.9832,2811.9013,2768.0048,2783.4249,3143076.0,1467836835.0,600519.SH
2017-06-12,2790.5158,2838.0142,2779.2603,2823.6071,3510916.0,1654501999.0,600519.SH
2017-06-13,2824.5638,2832.7241,2790.5158,2824.5075,2423798.0,1141536364.0,600519.SH
2017-06-14,2823.1006,2849.6074,2810.1005,2832.105,3376863.0,1600846629.0,600519.SH
2017-06-15,2835.538,2838.2393,2773.6325,2775.3209,5020280.0,2347172380.0,600519.SH
2017-06-16,2759.5631,2793.2734,2758.2125,2765.9225,3333180.0,1544955944.0,600519.SH
2017-06-19,2762.1519,2809.594,2762.1519,2808.3559,3853668.0,1803585246.0,600519.SH
2017-06-20,2824.2824,2834.8626,2782.9746,2786.5764,3450539.0,1614858151.0,600519.SH
2017-06-21,2804.8666,2824.2824,2785.0569,2822.6504,4203854.0,1974672846.0,600519.SH
2017-06-22,2824.395,2852.0273,2814.1525,2822.8755,3824234.0,1815684370.0,600519.SH
2017-06-23,2823.4945,2834.8626,2798.0008,2822.7629,3130362.0,1473803782.0,600519.SH
2017-06-26,2824.3387,2891.8156,2818.6547,2890.0147,5293257.0,2536430501.0,600519.SH
2017-06-27,2879.5471,2891.8156,2868.4604,2886.7506,2798078.0,1350476765.0,600519.SH
2017-06-28,2886.6944,2886.6944,2824.2824,2837.2263,3772874.0,1799676818.0,600519.SH
2017-06-29,2842.8541,2848.7632,2807.3991,2824.3387,3509272.0,1657994404.0,600519.SH
2017-06-30,2815.8971,2830.8106,2795.0181,2817.8105,2242717.0,1056424784.0,600519.SH
2017-07-03,2831.0358,2831.0358,2739.3032,2753.2037,4962853.0,2298656458.0,600519.SH
2017-07-04,2745.2686,2751.1215,2689.216,2705.6491,5648895.0,2563886390.0,600519.SH
2017-07-05,2711.7834,2752.9786,2711.7834,2751.8531,3754032.0,1718844532.0,600519.SH
2017-07-06,2740.485,2752.247,2698.2205,2728.4979,4204439.0,1913037511.0,600519.SH
2017-07-07,2738.9486,2739.23,2683.5151,2710.3596,3779647.0,1681450715.0,600519.SH
2017-07-10,2715.4808,2760.6155,2693.4763,2758.1956,3662409.0,1648443670.0,600519.SH
2017-07-11,2758.3644,2815.0923,2755.5505,2806.932,4460182.0,2054854503.0,600519.SH
2017-07-12,2821.9582,2823.0274,2761.1783,2775.0789,2895072.0,1330327923.0,600519.SH
2017-07-13,2763.148,2800.0662,2753.7496,2767.7065,2595135.0,1183440452.0,600519.SH
2017-07-14,2768.213,2782.3387,2750.2041,2769.1134,1772657.0,806510274.0,600519.SH
2017-07-17,2772.6589,2778.2867,2712.1042,2733.4334,3526368.0,1595292990.0,600519.SH
2017-07-18,2744.2387,2755.4942,2721.7839,2747.3903,3068449.0,1384468254.0,600519.SH
2017-07-19,2755.5505,2809.6896,2748.7972,2771.6459,5625994.0,2574934655.0,600519.SH
2017-07-20,2766.0182,2828.0924,2766.0182,2825.7288,4663487.0,2160731540.0,600519.SH
2017-07-21,2828.4864,2873.7899,2809.9147,2863.6036,4679241.0,2207195747.0,600519.SH
2017-07-24,2873.0583,2931.981,2873.0583,2889.4914,4271643.0,2052709805.0,600519.SH
2017-07-25,2914.2535,2917.6302,2879.9242,2890.3918,2192999.0,1051446103.0,600519.SH
2017-07-26,2890.8983,2911.0457,2826.2353,2854.768,3147018.0,1487729148.0,600519.SH
2017-07-27,2854.768,2878.5172,2851.7853,2867.3742,1959503.0,928077230.0,600519.SH
2017-07-28,2851.2226,2924.7775,2832.7072,2923.9333,4661877.0,2235811533.0,600519.SH
2017-07-31,2924.3835,2946.6695,2907.5002,2908.7383,3841218.0,1861154799.0,600519.SH
2017-08-01,2907.5002,2918.7557,2887.2403,2903.2231,2750154.0,1318453670.0,600519.SH
2017-08-02,2902.0976,2929.3359,2893.4871,2917.8553,2677422.0,1289564021.0,600519.SH
2017-08-03,2922.5826,2940.4226,2877.2791,2886.2273,3176839.0,1522998147.0,600519.SH
2017-08-04,2884.9891,2896.1321,2860.227,2866.0799,1868114.0,887074164.0,600519.SH
2017-08-07,2859.6642,2915.3791,2851.9542,2910.6518,2309937.0,1104715336.0,600519.SH
2017-08-08,2913.128,2925.6216,2899.0586,2916.3921,1605158.0,773408185.0,600519.SH
2017-08-09,2929.1108,2974.9209,2913.2968,2962.9337,4179447.0,2045888052.0,600519.SH
2017-08-10,2964.2844,3012.1767,2952.5223,2967.3234,3536438.0,1747693641.0,600519.SH
2017-08-11,2952.5223,2995.012,2921.4571,2924.7212,3657257.0,1785149162.0,600519.SH
2017-08-14,2931.1931,3014.9905,2931.1931,3013.471,3933147.0,1952353920.0,600519.SH
2017-08-15,3015.0468,3020.6183,2986.3452,2991.7479,2716322.0,1350104673.0,600519.SH
2017-08-16,3003.1722,3007.6745,2975.0334,2994.6743,1858722.0,921412991.0,600519.SH
2017-08-17,3000.9211,3000.9211,2957.0246,2973.2888,2584673.0,1272341257.0,600519.SH
2017-08-18,2973.9079,2983.1374,2946.8946,2956.1804,2385775.0,1169732673.0,600519.SH
2017-08-21,2946.8946,2982.9123,2940.9291,2956.6306,2354662.0,1153168712.0,600519.SH
2017-08-22,2943.5179,2955.2237,2879.3614,2942.5049,4245703.0,2051271355.0,600519.SH
2017-08-23,2932.5438,2984.2067,2926.1844,2980.7175,2721499.0,1337347647.0,600519.SH
2017-08-24,2980.6049,2994.1678,2969.5182,2973.9641,1815678.0,896861683.0,600519.SH
2017-08-25,2977.5659,2982.0681,2954.3232,2974.9771,1729788.0,850598725.0,600519.SH
2017-08-28,2975.0334,2999.1765,2963.9467,2969.6308,2902107.0,1432545548.0,600519.SH
2017-08-29,2975.146,2985.6136,2946.9509,2954.9986,2517662.0,1234431719.0,600519.SH
2017-08-30,2956.4618,2979.2542,2953.4228,2974.8646,1850364.0,910133939.0,600519.SH
2017-08-31,2980.8863,2985.6136,2957.0246,2964.622,1873686.0,921659704.0,600519.SH
2017-09-01,2959.2757,2993.4925,2958.3189,2987.3019,3145100.0,1554634575.0,600519.SH
2017-09-04,2987.3019,2995.631,2965.2974,2971.7693,1893162.0,932954810.0,600519.SH
2017-09-05,2974.3581,2980.6049,2955.3362,2958.0938,2262215.0,1112006392.0,600519.SH
2017-09-06,2958.1501,2973.739,2929.1108,2929.8987,3300650.0,1608066103.0,600519.SH
2017-09-07,2931.7559,2940.704,2902.2101,2909.0197,3332016.0,1605408576.0,600519.SH
2017-09-08,2892.0239,2904.6863,2868.1058,2870.1881,4117327.0,1962989430.0,600519.SH
2017-09-11,2851.7291,2914.3661,2845.4822,2892.4178,4537440.0,2161657241.0,600519.SH
2017-09-12,2899.0586,2935.639,2892.868,2929.5048,3434163.0,1661294228.0,600519.SH
2017-09-13,2930.0113,2970.5312,2909.6388,2967.3234,3307570.0,1618956527.0,600519.SH
2017-09-14,2974.9771,2980.83,2952.4661,2962.1458,1939949.0,953145166.0,600519.SH
2017-09-15,2972.2195,2972.2195,2946.8946,2957.2497,1603946.0,786562205.0,600519.SH
2017-09-18,2958.938,3017.2417,2958.938,3008.6312,4220681.0,2101680376.0,600519.SH
2017-09-19,3016.1161,3028.4972,2991.973,2997.2631,2305481.0,1151152851.0,600519.SH
2017-09-20,2996.9817,3014.5403,2991.9167,2993.0423,1731816.0,862024944.0,600519.SH
2017-09-21,2991.579,3017.6919,2974.3581,3007.5056,1940268.0,963615276.0,600519.SH
2017-09-22,2996.9817,3015.4408,2990.7912,3014.0338,1634353.0,815718865.0,600519.SH
2017-09-25,3016.1724,3060.5755,3016.1161,3055.1728,3269756.0,1649582919.0,600519.SH
2017-09-26,3052.0775,3070.7054,3034.6877,3066.7097,2547049.0,1292872632.0,600519.SH
2017-09-27,3064.6274,3076.502,3048.5883,3060.6317,1667111.0,847627355.0,600519.SH
2017-09-28,3054.9477,3128.1086,3054.6663,3118.3163,2596985.0,1340236075.0,600519.SH
2017-09-29,3104.472,3160.0744,3101.6581,3113.7016,2243622.0,1166403112.0,600519.SH
2017-10-09,3152.5332,3214.4949,3127.5459,3170.7108,3489129.0,1844481600.0,600519.SH
2017-10-10,3166.6588,3242.296,3166.4337,3239.8761,3100644.0,1662690453.0,600519.SH
2017-10-11,3228.8457,3302.8508,3228.8457,3270.7162,3340643.0,1824898708.0,600519.SH
2017-10-12,3267.6772,3281.7467,3240.5514,3262.556,1964622.0,1067464518.0,600519.SH
2017-10-13,3267.6772,3332.9593,3250.8502,3330.4268,2785842.0,1534212916.0,600519.SH
2017-10-16,3352.0375,3389.5747,3328.8511,3355.9769,2990901.0,1676809992.0,600519.SH
2017-10-17,3357.5527,3357.5527,3318.3271,3333.6909,2097712.0,1168943280.0,600519.SH
2017-10-18,3319.4527,3366.6697,3319.4527,3356.1457,1917865.0,1072237528.0,600519.SH
2017-10-19,3357.7215,3493.6321,3356.1457,3479.2813,4065882.0,2338901855.0,600519.SH
2017-10-20,3470.2768,3470.2768,3418.2763,3432.7396,3153433.0,1812957242.0,600519.SH
2017-10-23,3436.06,3467.4629,3397.1159,3427.5621,2377182.0,1362900409.0,600519.SH
2017-10-24,3419.6269,3429.7569,3372.41,3393.3453,3127428.0,1775645971.0,600519.SH
2017-10-25,3406.9645,3417.826,3363.6869,3384.0032,2507600.0,1418395221.0,600519.SH
2017-10-26,3605.3432,3650.3653,3531.6758,3605.8497,11543497.0,6957625411.0,600519.SH
2017-10-27,3589.079,3886.7315,3577.3732,3856.5104,8438379.0,5284485766.0,600519.SH
2017-10-30,3819.4797,3824.8261,3695.3875,3701.4655,8100786.0,5099041747.0,600519.SH
2017-10-31,3701.0715,3732.5307,3644.0622,3678.673,5187568.0,3206280600.0,600519.SH
2017-11-01,3694.7121,3754.7041,3685.37,3706.6993,4343525.0,2712016939.0,600519.SH
2017-11-02,3728.8727,3744.7993,3695.3875,3728.7038,3424973.0,2144671943.0,600519.SH
2017-11-03,3738.4399,3821.6745,3738.4399,3797.644,4818897.0,3075651167.0,600519.SH
2017-11-06,3810.7567,3901.4763,3803.4406,3875.8137,4851398.0,3153638704.0,600519.SH
2017-11-07,3861.8568,3898.8312,3792.0725,3813.9645,5556485.0,3592238407.0,600519.SH
2017-11-08,3815.4277,3883.9176,3815.4277,3860.7312,4395194.0,2855374070.0,600519.SH
2017-11-09,3847.3372,3881.9479,3828.259,3858.9866,3364113.0,2183815390.0,600519.SH
2017-11-10,3861.0126,4046.5601,3861.0126,4015.8888,7407860.0,4967970730.0,600519.SH
2017-11-13,4027.4257,4099.3485,4003.7891,4071.7725,4986984.0,3402794002.0,600519.SH
2017-11-14,4067.6079,4068.0581,4012.5121,4020.391,4636671.0,3159112664.0,600519.SH
2017-11-15,4020.391,4083.6471,3993.6591,4072.898,4503633.0,3074244081.0,600519.SH
2017-11-16,4061.2485,4252.3112,4061.2485,4247.5276,6071632.0,4299283186.0,600519.SH
2017-11-17,4117.4699,4190.6309,4014.8758,4085.1103,12386124.0,8548747991.0,600519.SH
2017-11-20,4009.4168,4058.9412,3914.8704,4022.6421,8830582.0,5954131851.0,600519.SH
2017-11-21,3965.5202,4076.95,3926.2384,4011.9493,9601651.0,6491134446.0,600519.SH
2017-11-22,4010.5424,4072.4478,3858.5927,3861.5191,12849826.0,8528143403.0,600519.SH
2017-11-23,3813.5706,3836.0816,3747.2755,3767.0289,10959913.0,6984097475.0,600519.SH
2017-11-24,3779.2412,3816.3844,3702.3096,3746.2625,7654194.0,4835808966.0,600519.SH
2017-11-27,3768.5484,3781.6611,3650.4216,3697.0195,6354846.0,3975262024.0,600519.SH
2017-11-28,3718.2362,3852.2896,3712.2708,3848.6315,7029183.0,4491543613.0,600519.SH
2017-11-29,3858.255,3869.6794,3768.6047,3791.7348,4676372.0,3005733412.0,600519.SH
2017-11-30,3777.0464,3850.0385,3723.5263,3751.6651,3801962.0,2419959854.0,600519.SH
2017-12-01,3791.1158,3796.631,3690.4913,3702.985,4719274.0,2959772009.0,600519.SH
2017-12-04,3711.9894,3825.3889,3671.3006,3789.8777,5426771.0,3436687377.0,600519.SH
2017-12-05,3768.5484,3843.9605,3746.769,3762.6956,4746576.0,3026076465.0,600519.SH
2017-12-06,3754.479,3825.3889,3689.7597,3717.9548,5817409.0,3657236582.0,600519.SH
2017-12-07,3717.6171,3717.8423,3663.0841,3671.1318,5103262.0,3155212010.0,600519.SH
2017-12-08,3663.9845,3739.5654,3663.9845,3730.7298,4550339.0,2842464437.0,600519.SH
2017-12-11,3751.6651,3869.5668,3751.6651,3864.1642,7284917.0,4702239221.0,600519.SH
2017-12-12,3907.5543,3907.9482,3864.333,3866.0213,4788931.0,3138650306.0,600519.SH
2017-12-13,3886.6752,3971.148,3862.6447,3961.0743,4850248.0,3197982045.0,600519.SH
2017-12-14,3971.0355,3978.4641,3917.6842,3940.4767,3196794.0,2126665894.0,600519.SH
2017-12-15,3937.3814,3959.6111,3862.9823,3879.9219,3225595.0,2126579404.0,600519.SH
2017-12-18,3914.8704,3970.0225,3906.8789,3947.3426,3916228.0,2599749872.0,600519.SH
2017-12-19,3931.7537,3984.8798,3920.4981,3954.7712,4407221.0,2944470867.0,600519.SH
2017-12-20,3970.5852,4066.0322,3937.5503,4055.058,6360131.0,4321305755.0,600519.SH
2017-12-21,4044.309,4069.1837,4002.1007,4037.218,4668038.0,3178595839.0,600519.SH
2017-12-22,4027.4257,4060.6295,4010.5987,4043.8588,2831701.0,1930315469.0,600519.SH
2017-12-25,4061.1923,4119.1583,4048.361,4073.1231,3621428.0,2497653982.0,600519.SH
2017-12-26,4073.4608,4100.5304,4007.7285,4031.9842,3186766.0,2174103282.0,600519.SH
2017-12-27,4054.7766,4054.7766,3928.9398,3938.3944,3772205.0,2539720696.0,600519.SH
2017-12-28,4066.82,4251.9735,3978.5767,4245.1639,12414107.0,8656875718.0,600519.SH
2017-12-29,4241.2808,4289.1168,4092.7078,4125.8553,7603887.0,5372514665.0,600519.SH
2018-01-02,4139.981,4197.1591,4083.0843,4161.6479,4961248.0,3482407646.0,600519.SH
2018-01-03,4148.4226,4260.4152,4138.5178,4229.2374,5201941.0,3713523701.0,600519.SH
2018-01-04,4260.4152,4384.7888,4248.7657,4348.6023,7220508.0,5309890210.0,600519.SH
2018-01-05,4370.7194,4399.0271,4298.7966,4355.8621,3998907.0,2946493013.0,600519.SH
2018-01-08,4337.0654,4457.9498,4337.0654,4433.3564,5220456.0,3899951720.0,600519.SH
2018-01-09,4433.8067,4607.0856,4433.8067,4604.3843,6459195.0,5001164506.0,600519.SH
2018-01-10,4618.3411,4640.1769,4553.5093,4622.3368,4771424.0,3731993154.0,600519.SH
2018-01-11,4629.5967,4635.2244,4545.1802,4560.9942,5065607.0,3942075854.0,600519.SH
2018-01-12,4555.1413,4639.7266,4517.1539,4637.5881,4598824.0,3577281776.0,600519.SH
2018-01-15,4665.952,4697.4675,4584.6871,4620.4234,5247313.0,4136645487.0,600519.SH
2018-01-16,4592.9036,4638.6574,4522.6691,4550.4703,6542833.0,5084966063.0,600519.SH
2018-01-17,4533.9246,4556.4357,4356.7063,4409.7198,9070954.0,6835580477.0,600519.SH
2018-01-18,4409.7198,4505.7858,4388.1092,4425.5339,5897851.0,4443031234.0,600519.SH
2018-01-19,4437.6898,4471.4564,4359.5764,4422.3823,5092556.0,3818021990.0,600519.SH
2018-01-22,4431.5556,4556.4357,4431.5556,4554.4097,6712675.0,5129674653.0,600519.SH
2018-01-23,4577.8775,4590.2023,4526.0458,4555.1976,4954918.0,3836387690.0,600519.SH
2018-01-24,4570.1674,4570.28,4469.7681,4502.7468,4329881.0,3311348774.0,600519.SH
2018-01-25,4483.2747,4567.6912,4426.9971,4529.1973,5004072.0,3821875040.0,600519.SH
2018-01-26,4518.392,4575.5701,4500.158,4574.5571,4397833.0,3389953777.0,600519.SH
2018-01-29,4583.2239,4588.3451,4336.9528,4344.3815,7453551.0,5637041971.0,600519.SH
2018-01-30,4342.5806,4414.4472,4308.9265,4376.7974,5191103.0,3852705098.0,600519.SH
2018-01-31,4359.4639,4543.5481,4359.4639,4503.197,6040241.0,4601994781.0,600519.SH
2018-02-01,4517.0413,4518.7297,4437.8024,4464.8719,5058261.0,3846421613.0,600519.SH
2018-02-02,4433.8629,4439.547,4280.6752,4367.3428,7542082.0,5583742782.0,600519.SH
2018-02-05,4293.1688,4308.5889,4171.4965,4242.5752,9899585.0,7104095616.0,600519.SH
2018-02-06,4156.8643,4267.1685,4156.8643,4189.843,8816871.0,6270888575.0,600519.SH
2018-02-07,4252.5363,4274.3721,4038.7375,4046.7289,8828998.0,6231141116.0,600519.SH
2018-02-08,4039.8068,4241.2808,4039.8068,4145.5525,8340943.0,5860233484.0,600519.SH
2018-02-09,4027.4257,4083.0843,3903.6148,4046.7289,10557826.0,7160206330.0,600519.SH
2018-02-12,4089.3311,4170.9337,4056.6901,4125.799,6417955.0,4466343242.0,600519.SH
2018-02-13,4168.2324,4223.3845,4165.3059,4207.4016,5338918.0,3793782378.0,600519.SH
2018-02-14,4252.5363,4252.5363,4208.7523,4243.8133,3065260.0,2198728707.0,600519.SH
2018-02-22,4293.619,4387.6027,4270.7703,4378.8797,5076469.0,3717469267.0,600519.SH
2018-02-23,4404.486,4458.2875,4348.2083,4379.0485,3815877.0,2844936758.0,600519.SH
2018-02-26,4403.8107,4432.9062,4325.8098,4384.8451,4365824.0,3243216345.0,600519.SH
2018-02-27,4415.7415,4455.1359,4349.4465,4353.7236,4260154.0,3181778842.0,600519.SH
2018-02-28,4320.0695,4378.0355,4246.9086,4284.1644,4833067.0,3522004686.0,600519.SH
2018-03-01,4297.5585,4403.6418,4273.753,4376.1783,4479465.0,3303604159.0,600519.SH
2018-03-02,4353.8361,4385.1265,4308.814,4344.888,2599190.0,1912613830.0,600519.SH
2018-03-05,4354.8491,4376.3472,4235.8219,4253.1554,3723470.0,2703926955.0,600519.SH
2018-03-06,4280.6752,4295.3073,4123.8293,4242.744,6457036.0,4581658583.0,600519.SH
2018-03-07,4224.3975,4275.0474,4190.5746,4196.4838,3459594.0,2480929043.0,600519.SH
2018-03-08,4218.7697,4275.0474,4185.0031,4268.069,3534930.0,2540452000.0,600519.SH
2018-03-09,4295.026,4323.2773,4272.2335,4298.684,3017100.0,2199081672.0,600519.SH
2018-03-12,4306.2815,4330.8748,4268.1252,4274.766,3988841.0,2900950557.0,600519.SH
2018-03-13,4269.4196,4289.6796,4196.2587,4198.2284,3857709.0,2764426996.0,600519.SH
2018-03-14,4194.4015,4298.0087,4180.6135,4291.2554,3735576.0,2683830110.0,600519.SH
2018-03-15,4297.671,4404.486,4297.671,4401.5033,5614879.0,4161645760.0,600519.SH
2018-03-16,4407.8627,4443.7678,4358.7885,4364.2475,3585552.0,2676682524.0,600519.SH
2018-03-19,4387.4339,4443.8241,4359.4639,4440.9539,3866658.0,2897348542.0,600519.SH
2018-03-20,4421.3693,4432.6248,4365.0916,4408.5943,2887720.0,2154897794.0,600519.SH
2018-03-21,4421.9884,4438.8717,4365.0916,4376.3472,2674271.0,1996584261.0,600519.SH
2018-03-22,4387.6027,4410.1138,4275.1037,4286.7531,3748697.0,2748721669.0,600519.SH
2018-03-23,4145.6088,4272.1772,4140.4312,4202.2241,5254677.0,3727044980.0,600519.SH
2018-03-26,4185.0031,4224.7352,4150.5612,4215.8996,4625611.0,3276880070.0,600519.SH
2018-03-27,4269.4196,4285.6276,4162.4921,4222.9343,4754844.0,3399900239.0,600519.SH
2018-03-28,4139.8122,4156.8643,3965.5202,4038.9626,11353972.0,7786098263.0,600519.SH
2018-03-29,4039.8068,4127.8813,3905.9222,4078.6383,7908196.0,5362890034.0,600519.SH
2018-03-30,4061.1923,4103.4005,4026.7503,4047.7982,3654028.0,2502696336.0,600519.SH
2018-04-02,4027.4257,4089.3311,3994.2781,4027.7633,3203908.0,2185060765.0,600519.SH
2018-04-03,4016.1701,4066.82,4001.4817,4015.6636,4023558.0,2737509485.0,600519.SH
2018-04-04,4038.6812,4142.4009,4029.5642,4106.2707,5689131.0,3948712791.0,600519.SH
2018-04-09,4123.6605,4170.5398,4084.5475,4130.4138,3083305.0,2149178951.0,600519.SH
2018-04-10,4166.9943,4187.817,4131.3142,4185.1157,3204325.0,2252069676.0,600519.SH
2018-04-11,4196.2587,4223.1594,4156.9769,4170.1458,2572318.0,1822237882.0,600519.SH
2018-04-12,4162.4921,4178.7,4096.197,4107.34,3071361.0,2139139504.0,600519.SH
2018-04-13,4131.5393,4145.6088,4056.0147,4066.0322,2754952.0,1904051062.0,600519.SH
2018-04-16,4030.6898,4065.9759,4010.5424,4035.192,3293967.0,2241463093.0,600519.SH
2018-04-17,4055.5645,4057.7031,3946.3858,3949.7625,3517276.0,2377407817.0,600519.SH
2018-04-18,3976.7758,3976.7758,3830.4539,3890.3333,6261660.0,4104175827.0,600519.SH
2018-04-19,3914.0262,4027.4257,3896.0736,4027.2006,4420757.0,2976468492.0,600519.SH
2018-04-20,4033.0534,4106.2144,3961.1869,3972.6112,4151168.0,2831559751.0,600519.SH
2018-04-23,3948.6932,4029.2828,3948.6932,3993.7154,3265920.0,2196761047.0,600519.SH
2018-04-24,4004.9146,4103.4005,3999.2868,4083.028,4728256.0,3252280969.0,600519.SH
2018-04-25,4078.0756,4094.9589,4044.4215,4089.1623,2525222.0,1738767067.0,600519.SH
2018-04-26,4094.9589,4096.5346,3988.0313,4017.4645,3504790.0,2378744475.0,600519.SH
2018-04-27,4056.9714,4074.4738,3886.7315,3929.1086,5791521.0,3866680412.0,600519.SH
2018-05-02,3914.8704,3965.464,3830.7915,3958.9358,7025911.0,4589885607.0,600519.SH
2018-05-03,3948.6369,3991.8582,3903.6148,3976.1004,3632653.0,2426248236.0,600519.SH
2018-05-04,3976.6632,3998.3301,3918.0782,3931.022,3737584.0,2492610223.0,600519.SH
2018-05-07,3914.589,4150.5612,3902.3204,4129.6822,8559143.0,5858519223.0,600519.SH
2018-05-08,4128.8943,4208.2458,4128.8943,4189.6742,6249783.0,4414037853.0,600519.SH
2018-05-09,4191.0811,4209.2025,4123.773,4150.9551,3233106.0,2267880036.0,600519.SH
2018-05-10,4159.6782,4230.0253,4159.6782,4219.839,3929380.0,2794919589.0,600519.SH
2018-05-11,4245.1639,4311.6279,4228.3369,4241.3933,3914165.0,2826877192.0,600519.SH
2018-05-14,4275.0474,4381.9749,4275.0474,4378.6546,5101471.0,3753818029.0,600519.SH
2018-05-15,4398.8582,4401.3345,4331.325,4382.3126,3805580.0,2811622722.0,600519.SH
2018-05-16,4365.0916,4396.9448,4327.2731,4334.2515,3079520.0,2275092450.0,600519.SH
2018-05-17,4337.6281,4351.0222,4275.0474,4294.0692,2851793.0,2077476640.0,600519.SH
2018-05-18,4274.9911,4370.7194,4259.2334,4361.2648,2925517.0,2140724039.0,600519.SH
2018-05-21,4387.6027,4406.1743,4322.7708,4335.9398,2905958.0,2150582003.0,600519.SH
2018-05-22,4338.1909,4364.1912,4308.9265,4362.6717,1699896.0,1250693946.0,600519.SH
2018-05-23,4365.0916,4365.0916,4272.6837,4273.8093,2826871.0,2061375201.0,600519.SH
2018-05-24,4252.5363,4301.2728,4213.142,4226.6486,3041634.0,2191695815.0,600519.SH
2018-05-25,4207.5142,4291.9307,4207.5142,4234.8651,2651146.0,1908701139.0,600519.SH
2018-05-28,4241.2808,4368.806,4225.0728,4367.3428,4280523.0,3129960293.0,600519.SH
2018-05-29,4358.3383,4421.3693,4316.0175,4316.8617,4082027.0,3029700817.0,600519.SH
2018-05-30,4293.1688,4349.8967,4252.8177,4285.5713,3714710.0,2706486799.0,600519.SH
2018-05-31,4310.2209,4430.4863,4310.1646,4427.7287,7185287.0,5356222572.0,600519.SH
2018-06-01,4427.7287,4449.3956,4358.1132,4393.8495,3617763.0,2694415012.0,600519.SH
2018-06-04,4434.5946,4606.5228,4398.1829,4601.289,7380597.0,5697540359.0,600519.SH
2018-06-05,4626.7828,4672.9305,4574.6134,4635.5058,5262967.0,4136578583.0,600519.SH
2018-06-06,4635.2244,4708.104,4603.1462,4622.5619,4896948.0,3870616725.0,600519.SH
2018-06-07,4646.3674,4677.7141,4584.0117,4595.6612,3916778.0,3078137471.0,600519.SH
2018-06-08,4590.2023,4623.4061,4533.9246,4578.6654,3495846.0,2712363711.0,600519.SH
2018-06-11,4567.9726,4623.9689,4524.5263,4566.1717,3654755.0,2837404005.0,600519.SH
2018-06-12,4578.9468,4722.4548,4570.5051,4698.1991,5528708.0,4385043270.0,600519.SH
2018-06-13,4702.7576,4717.5024,4640.1769,4648.3371,3524437.0,2803441679.0,600519.SH
2018-06-14,4646.48,4667.8655,4563.0765,4624.7005,3615961.0,2830514231.0,600519.SH
2018-06-15,4613.8333,4644.1107,4590.7594,4614.5649,3170773.0,2455441877.0,600519.SH
2018-06-19,4590.1967,4590.1967,4410.1081,4415.7359,6019587.0,4535664030.0,600519.SH
2018-06-20,4432.6192,4567.6856,4432.6192,4559.7504,4583802.0,3454583693.0,600519.SH
2018-06-21,4568.9237,4645.8553,4532.6246,4535.7199,3918255.0,3013867644.0,600519.SH
2018-06-22,4505.7802,4578.9411,4483.2691,4576.2961,2885481.0,2190055865.0,600519.SH
2018-06-25,4573.3134,4646.3055,4567.1228,4570.8371,3293416.0,2543272262.0,600519.SH
2018-06-26,4569.4302,4595.1491,4466.3858,4510.2824,4657798.0,3516945435.0,600519.SH
2018-06-27,4494.5246,4522.6635,4320.0639,4328.1679,5729801.0,4194739085.0,600519.SH
2018-06-28,4280.6695,4308.8084,4184.9975,4263.3923,5083394.0,3610842734.0,600519.SH
2018-06-29,4271.1023,4383.6576,4230.0196,4378.9303,3292927.0,2378884218.0,600519.SH
2018-07-02,4396.1513,4423.2208,4218.7641,4266.8815,3755811.0,2709882026.0,600519.SH
2018-07-03,4256.8078,4290.6869,4079.3643,4173.2917,8283710.0,5743330241.0,600519.SH
2018-07-04,4156.8587,4201.8808,4134.3476,4150.7244,3799075.0,2637494710.0,600519.SH
2018-07-05,4201.8808,4293.0506,4201.8808,4215.3312,4712380.0,3333680083.0,600519.SH
2018-07-06,4241.2752,4319.6699,4197.7163,4281.3449,4415661.0,3140922350.0,600519.SH
2018-07-09,4314.605,4369.9259,4312.9166,4355.1811,4057266.0,2944655287.0,600519.SH
2018-07-10,4365.086,4379.1554,4276.8989,4346.8521,2901047.0,2096683487.0,600519.SH
2018-07-11,4258.1585,4336.9472,4214.3744,4312.0725,2427845.0,1736875980.0,600519.SH
2018-07-12,4303.1806,4433.5759,4303.1806,4413.1471,4017004.0,2947129140.0,600519.SH
2018-07-13,4439.9353,4472.5763,4399.5279,4466.3295,2890704.0,2152944602.0,600519.SH
2018-07-16,4496.213,4562.6769,4489.0657,4509.6071,3247487.0,2454501604.0,600519.SH
2018-07-17,4522.6635,4522.6635,4404.5929,4440.6669,2780603.0,2064190615.0,600519.SH
2018-07-18,4440.6669,4481.5245,4398.8526,4412.5844,2452171.0,1818760392.0,600519.SH
2018-07-19,4421.3637,4449.2211,4398.9652,4432.3378,1807850.0,1337080011.0,600519.SH
2018-07-20,4435.4331,4444.6064,4359.4583,4433.3508,3054850.0,2249792135.0,600519.SH
2018-07-23,4404.4804,4433.4634,4314.4924,4382.3633,3596989.0,2621763717.0,600519.SH
2018-07-24,4385.7962,4468.0741,4331.3194,4457.3814,4180860.0,3091209135.0,600519.SH
2018-07-25,4466.1044,4482.5938,4427.0477,4448.4332,2174388.0,1618737612.0,600519.SH
2018-07-26,4477.0786,4477.0786,4394.5192,4402.3418,2306726.0,1707662628.0,600519.SH
2018-07-27,4404.4804,4451.1908,4370.7138,4418.8875,2091360.0,1546655260.0,600519.SH
2018-07-30,4420.8009,4430.7058,4286.2973,4309.9902,4217166.0,3058614520.0,600519.SH
2018-07-31,4316.1245,4358.7829,4309.9902,4350.6789,2068346.0,1499353469.0,600519.SH
2018-08-01,4378.5927,4383.6576,4281.2886,4285.9596,2523788.0,1821933661.0,600519.SH
2018-08-02,4291.7562,4291.7562,4133.6723,4178.4693,5500143.0,3840134516.0,600519.SH
2018-08-03,4173.742,4173.742,4067.94,4083.6414,4733699.0,3230239085.0,600519.SH
2018-08-06,4072.4422,4111.8365,3989.4326,4031.2469,4524812.0,3039091096.0,600519.SH
2018-08-07,4045.9917,4133.3909,3988.1382,4124.6678,3908559.0,2645263310.0,600519.SH
2018-08-08,4128.8324,4139.9754,4043.5717,4068.0525,2968544.0,2016438669.0,600519.SH
2018-08-09,4038.6756,4170.9281,4033.7231,4156.1833,3448575.0,2368461339.0,600519.SH
2018-08-10,4156.1833,4172.4476,4112.9621,4129.7328,2381767.0,1643993563.0,600519.SH
2018-08-13,4106.2088,4106.2088,4014.3636,4084.9358,3457041.0,2329262063.0,600519.SH
2018-08-14,4084.9358,4114.6504,4052.8013,4090.0571,2169683.0,1474124248.0,600519.SH
2018-08-15,4088.1999,4089.3255,3982.3979,3992.5279,3499709.0,2336994709.0,600519.SH
2018-08-16,3931.748,4024.6062,3864.2148,3911.7132,5993985.0,3908421566.0,600519.SH
2018-08-17,3962.7007,3962.7007,3807.9934,3835.2881,4657457.0,3001465861.0,600519.SH
2018-08-20,3821.7252,3895.4489,3733.9883,3891.1718,4885234.0,3081035729.0,600519.SH
2018-08-21,3903.6092,4045.9917,3903.6092,4041.4332,5224902.0,3460897975.0,600519.SH
2018-08-22,4038.6756,4051.0567,3993.6535,4020.104,2067551.0,1381418422.0,600519.SH
2018-08-23,4042.615,4080.8838,4005.922,4034.2296,2735727.0,1836880236.0,600519.SH
2018-08-24,4027.42,4027.42,3956.8479,3978.4585,2609026.0,1725516320.0,600519.SH
2018-08-27,3988.0257,4130.4082,3988.0257,4130.4082,4801692.0,3261483990.0,600519.SH
2018-08-28,4162.4864,4166.8761,4081.1652,4094.9532,3248890.0,2222697903.0,600519.SH
2018-08-29,4100.581,4139.3,4084.2605,4122.2479,2740403.0,1877474370.0,600519.SH
2018-08-30,4135.5294,4160.2353,4083.754,4091.5766,3378833.0,2312993223.0,600519.SH
2018-08-31,4068.2214,4072.4422,3957.073,3972.2117,5898093.0,3911486180.0,600519.SH
2018-09-03,3931.748,4019.9351,3924.9947,4011.7186,3017984.0,1992654934.0,600519.SH
2018-09-04,4015.039,4066.8144,3985.7746,4061.4118,2154048.0,1441658194.0,600519.SH
2018-09-05,4061.1866,4072.3859,3959.8869,3964.3328,2898342.0,1927600143.0,600519.SH
2018-09-06,3931.748,3972.6056,3864.2148,3886.7259,4237058.0,2744204071.0,600519.SH
2018-09-07,3895.1675,3965.6835,3893.1415,3925.9514,2924006.0,1903829724.0,600519.SH
2018-09-10,3932.8736,3941.9343,3868.1543,3891.2281,2120220.0,1369296442.0,600519.SH
2018-09-11,3895.5615,3925.9514,3867.7603,3897.9814,1949687.0,1258466309.0,600519.SH
2018-09-12,3881.0981,3891.6221,3796.7379,3807.9372,4115737.0,2612360007.0,600519.SH
2018-09-13,3852.9593,3875.4704,3751.6595,3819.0801,4771316.0,3004019091.0,600519.SH
2018-09-14,3830.3357,3919.2544,3799.6644,3880.5354,4090019.0,2617626839.0,600519.SH
2018-09-17,3892.3537,3937.1507,3870.1803,3896.9122,2911295.0,1884188491.0,600519.SH
2018-09-18,3881.0981,4021.7923,3876.7085,4014.4762,3785868.0,2480477388.0,600519.SH
2018-09-19,4013.8009,4123.0921,4010.5367,4097.3169,4822184.0,3277470608.0,600519.SH
2018-09-20,4118.5899,4128.1571,4074.4682,4081.1652,2751948.0,1878075359.0,600519.SH
2018-09-21,4100.581,4201.9371,4089.3818,4201.9371,4261720.0,2945196257.0,600519.SH
2018-09-25,4173.742,4234.353,4163.9497,4185.1101,3063991.0,2142679110.0,600519.SH
2018-09-26,4213.6991,4385.7962,4213.0801,4342.181,7228777.0,5200777033.0,600519.SH
2018-09-27,4356.6444,4359.4583,4288.5484,4336.9472,4050853.0,2918965007.0,600519.SH
2018-09-28,4352.1422,4388.7226,4308.133,4370.7138,3508980.0,2551115844.0,600519.SH
2018-10-08,4288.6047,4308.8084,4123.9362,4123.9362,8274502.0,5798721501.0,600519.SH
2018-10-09,4128.1571,4194.621,4122.5293,4173.742,4022283.0,2785526957.0,600519.SH
2018-10-10,4186.4607,4190.6253,4031.3032,4038.2254,6309820.0,4288785948.0,600519.SH
2018-10-11,3836.1323,4027.0824,3836.1323,3892.2974,9158196.0,5953169079.0,600519.SH
2018-10-12,3926.1203,4048.1302,3923.7566,4021.7923,5447256.0,3599837217.0,600519.SH
2018-10-15,4030.1777,4044.022,3976.939,4015.6017,3560730.0,2372056680.0,600519.SH
2018-10-16,4010.4242,4086.6804,3988.082,4016.9524,2639360.0,1766613793.0,600519.SH
2018-10-17,4061.1866,4074.1305,3919.9297,4008.961,4307707.0,2846537063.0,600519.SH
2018-10-18,3976.7702,3976.7702,3892.1848,3897.6438,5215607.0,3394332712.0,600519.SH
2018-10-19,3852.9593,4061.1866,3836.5262,4033.0478,7619938.0,4973381203.0,600519.SH
2018-10-22,4061.1866,4213.2489,4061.1866,4162.4864,7310857.0,5036971569.0,600519.SH
2018-10-23,4139.9754,4139.9754,3836.076,3874.0071,12311273.0,8076618589.0,600519.SH
2018-10-24,3797.3007,3920.4925,3751.6595,3847.2753,7611282.0,4818473584.0,600519.SH
2018-10-25,3751.6595,3765.7289,3687.3904,3746.0317,7556838.0,4657019123.0,600519.SH
2018-10-26,3746.0317,3779.7983,3684.0138,3695.9446,5532738.0,3388947805.0,600519.SH
2018-10-29,3352.5946,3352.5946,3352.5946,3352.5946,4907600.0,2694714084.0,600519.SH
2018-10-30,3132.6052,3318.3215,3127.09,3211.394,20439667.0,10663392394.0,600519.SH
2018-10-31,3228.2773,3385.8547,3200.1384,3351.5253,9688482.0,5239853122.0,600519.SH
2018-11-01,3385.8547,3557.5016,3364.7506,3430.8768,9810672.0,5581027253.0,600519.SH
2018-11-02,3554.6877,3639.1042,3482.8774,3638.5414,8915696.0,5227695093.0,600519.SH
2018-11-05,3599.7098,3599.7098,3480.2323,3502.9122,7551708.0,4373994135.0,600519.SH
2018-11-06,3492.7823,3493.6827,3402.7943,3447.7601,4556614.0,2572068930.0,600519.SH
2018-11-07,3464.6434,3498.1286,3425.3053,3450.0112,3810778.0,2165679706.0,600519.SH
2018-11-08,3492.7823,3509.6656,3459.0157,3472.1846,3376374.0,1933594956.0,600519.SH
2018-11-09,3454.626,3464.6434,3425.2491,3425.2491,2433682.0,1374731688.0,600519.SH
2018-11-12,3374.5992,3381.3525,3283.4294,3368.9714,6782422.0,3709848786.0,600519.SH
2018-11-13,3335.8801,3470.2712,3318.3215,3470.2712,6642905.0,3695850099.0,600519.SH
2018-11-14,3470.0461,3470.0461,3372.0667,3386.4175,4176683.0,2331999884.0,600519.SH
2018-11-15,3407.2402,3441.0068,3388.6686,3412.3052,3083340.0,1728199015.0,600519.SH
2018-11-16,3419.6213,3447.7601,3402.9068,3413.9935,2893879.0,1625453517.0,600519.SH
2018-11-19,3415.6819,3481.5267,3408.9848,3464.756,3617925.0,2052509531.0,600519.SH
2018-11-20,3442.1324,3459.0157,3413.9935,3422.998,2694326.0,1514353125.0,600519.SH
2018-11-21,3380.2269,3464.0807,3378.4261,3440.444,2710730.0,1527915052.0,600519.SH
2018-11-22,3442.9765,3455.2451,3402.738,3439.3185,2121333.0,1193347565.0,600519.SH
2018-11-23,3436.5046,3455.0762,3396.5475,3396.5475,2012621.0,1126652921.0,600519.SH
2018-11-26,3402.738,3415.1191,3368.9714,3369.5905,1912019.0,1063536979.0,600519.SH
2018-11-27,3368.9714,3385.7984,3338.0187,3347.0231,2023382.0,1112920631.0,600519.SH
2018-11-28,3362.4995,3409.435,3332.3909,3397.1102,2773793.0,1535544366.0,600519.SH
2018-11-29,3447.929,3469.1456,3352.1444,3366.7203,4506945.0,2524752310.0,600519.SH
2018-11-30,3397.1102,3464.0244,3374.5992,3442.1324,4901046.0,2762808219.0,600519.SH
2018-12-03,3577.1988,3667.243,3553.3933,3645.8575,8341468.0,4964130146.0,600519.SH
2018-12-04,3655.9312,3663.0785,3610.9654,3651.6541,3147388.0,1888148735.0,600519.SH
2018-12-05,3625.0348,3731.9623,3610.9654,3695.9446,4158819.0,2523641849.0,600519.SH
2018-12-06,3639.1042,3672.7582,3584.8525,3592.9565,3775807.0,2250440655.0,600519.SH
2018-12-07,3614.342,3632.6885,3552.9994,3565.9432,2684167.0,1583970320.0,600519.SH
2018-12-10,3504.0378,3568.7571,3493.7953,3510.9599,2464068.0,1427993218.0,600519.SH
2018-12-11,3509.6656,3563.4107,3509.6656,3543.3759,1631660.0,949962155.0,600519.SH
2018-12-12,3576.0169,3578.3243,3542.3066,3577.1988,1992154.0,1168089518.0,600519.SH
2018-12-13,3582.8265,3677.8232,3580.5754,3648.9528,4039941.0,2427823194.0,600519.SH
2018-12-14,3627.9049,3637.9786,3594.0821,3599.4847,2455448.0,1461585126.0,600519.SH
2018-12-17,3597.2899,3616.4243,3554.744,3585.753,2489585.0,1466942952.0,600519.SH
2018-12-18,3559.6401,3591.4933,3554.6877,3588.1166,1922218.0,1130221286.0,600519.SH
2018-12-19,3577.1988,3588.398,3504.2066,3514.1678,2571596.0,1501321336.0,600519.SH
2018-12-20,3505.2759,3534.9905,3464.0244,3495.5961,2694098.0,1549600760.0,600519.SH
2018-12-21,3475.899,3489.687,3426.4309,3455.6953,3064043.0,1736537277.0,600519.SH
2018-12-24,3433.6907,3475.3925,3402.738,3459.0157,1910986.0,1080787424.0,600519.SH
2018-12-25,3426.4872,3456.2018,3378.0321,3446.5783,2659286.0,1490157587.0,600519.SH
2018-12-26,3435.4353,3461.2668,3402.738,3414.4438,1786620.0,1005617678.0,600519.SH
2018-12-27,3470.2712,3480.6826,3426.4872,3430.8768,2949357.0,1670211285.0,600519.SH
2018-12-28,3432.5652,3618.8442,3413.9935,3582.8828,6367837.0,3705150490.0,600519.SH
2019-01-02,3695.2693,3706.6374,3611.0216,3633.3639,6228649.0,3754387984.0,600519.SH
2019-01-03,3638.9354,3648.4463,3559.1899,3582.8265,3097735.0,1838179174.0,600519.SH
2019-01-04,3567.519,3682.2691,3537.9169,3650.3597,3768347.0,2258501484.0,600519.SH
2019-01-07,3684.1263,3706.6374,3651.5978,3670.0006,3475013.0,2105981461.0,600519.SH
2019-01-08,3670.0569,3706.6374,3640.68,3666.0612,2883813.0,1750413219.0,600519.SH
2019-01-09,3695.3256,3786.3265,3689.9792,3729.8238,4989227.0,3084214779.0,600519.SH
2019-01-10,3735.5078,3779.123,3696.7888,3744.7374,2904390.0,1797683134.0,600519.SH
2019-01-11,3779.7983,3847.3315,3744.6248,3841.0284,3888421.0,2445929483.0,600519.SH
2019-01-14,3824.8205,3841.0847,3760.3825,3777.5472,2564890.0,1606308126.0,600519.SH
2019-01-15,3795.8937,3985.2118,3779.7983,3976.6576,5576485.0,3613919068.0,600519.SH
2019-01-16,3965.5146,4008.567,3940.7524,3982.9607,4208364.0,2775103930.0,600519.SH
2019-01-17,3993.6535,4031.3595,3953.1335,3972.5493,3028476.0,2004454115.0,600519.SH
2019-01-18,4004.909,4146.7287,3985.2118,4109.6417,6860918.0,4647515824.0,600519.SH
2019-01-21,4145.6031,4195.5777,4099.9057,4128.6073,4705193.0,3242615722.0,600519.SH
2019-01-22,4123.0921,4123.0921,4006.1471,4038.6756,4212221.0,2834735031.0,600519.SH
2019-01-23,4017.4026,4058.3728,3994.3851,4008.6233,3362481.0,2247371221.0,600519.SH
2019-01-24,4034.7361,4077.1132,4003.1081,4047.1172,2915527.0,1960227058.0,600519.SH
2019-01-25,4066.1391,4116.9015,4032.6539,4087.6371,2898635.0,1966232090.0,600519.SH
2019-01-28,4111.8365,4168.0016,4066.9832,4072.4422,3610287.0,2476277972.0,600519.SH
2019-01-29,4075.2561,4134.3476,4021.7923,4117.4643,3034259.0,2069407513.0,600519.SH
2019-01-30,4117.408,4124.3302,4066.8144,4066.8144,2269996.0,1545353573.0,600519.SH
2019-01-31,4089.3255,4143.352,4075.5937,4143.352,3669657.0,2515374970.0,600519.SH
2019-02-01,4185.2226,4196.253,4143.4083,4160.6293,3052062.0,2121326140.0,600519.SH
2019-02-11,4173.742,4367.8999,4135.3606,4344.2633,5814075.0,4143849806.0,600519.SH
2019-02-12,4331.3194,4345.3326,4287.4228,4302.7304,3509143.0,2521840124.0,600519.SH
2019-02-13,4331.3194,4405.3808,4298.7909,4400.2596,3567706.0,2589623528.0,600519.SH
2019-02-14,4377.4671,4447.5891,4371.5017,4411.0086,3225813.0,2375987077.0,600519.SH
2019-02-15,4398.1773,4398.1773,4331.432,4341.3368,2323798.0,1691515518.0,600519.SH
2019-02-18,4376.3415,4454.8489,4376.3415,4426.9914,3774589.0,2787522993.0,600519.SH
2019-02-19,4432.3941,4441.0609,4351.917,4374.9909,2950150.0,2164408781.0,600519.SH
2019-02-20,4398.8526,4398.8526,4292.2627,4325.6917,3788237.0,2742919644.0,600519.SH
2019-02-21,4314.4361,4373.4151,4297.5528,4315.8431,2985040.0,2163554333.0,600519.SH
2019-02-22,4297.5528,4362.2159,4281.2323,4348.259,2590877.0,1867253930.0,600519.SH
2019-02-25,4374.9346,4451.9787,4303.1243,4440.1041,8262259.0,6034261367.0,600519.SH
2019-02-26,4470.888,4478.6543,4348.2027,4355.8002,5796466.0,4265279124.0,600519.SH
2019-02-27,4387.5971,4528.4038,4376.3415,4430.9309,6594227.0,4908445127.0,600519.SH
2019-02-28,4415.1731,4558.7937,4409.8268,4511.4642,5698625.0,4289145218.0,600519.SH
2019-03-01,4547.9884,4708.3798,4545.1745,4704.4403,6384023.0,4952509171.0,600519.SH
2019-03-04,4736.5186,4755.259,4636.4569,4662.5697,8458596.0,6661386571.0,600519.SH
2019-03-05,4680.2409,4705.8473,4628.9157,4650.864,4483056.0,3501155936.0,600519.SH
2019-03-06,4623.9633,4649.2882,4572.638,4584.5689,4673137.0,3602140487.0,600519.SH
2019-03-07,4552.0404,4552.0404,4458.2818,4475.3902,6018053.0,4526351877.0,600519.SH
2019-03-08,4415.1731,4465.4291,4391.2551,4412.922,5227525.0,3868415483.0,600519.SH
2019-03-11,4427.2166,4578.6597,4427.2166,4531.3302,5305724.0,4001728730.0,600519.SH
2019-03-12,4561.0448,4561.1011,4421.3637,4455.1866,5251001.0,3946382127.0,600519.SH
2019-03-13,4457.9442,4543.7676,4457.9442,4505.7802,4056136.0,3058080906.0,600519.SH
2019-03-14,4522.6635,4680.2409,4505.7802,4640.8466,6217256.0,4808607656.0,600519.SH
2019-03-15,4629.591,4694.3103,4566.8414,4636.9071,5240071.0,4084798328.0,600519.SH
2019-03-18,4645.3488,4846.4289,4635.2188,4821.4416,8131880.0,6499566987.0,600519.SH
2019-03-19,4781.5407,4809.2293,4721.3236,4723.0682,4063493.0,3244967390.0,600519.SH
2019-03-20,4708.3798,4777.6013,4680.2409,4724.1375,3111752.0,2470811128.0,600519.SH
2019-03-21,4697.1242,4724.1375,4660.5437,4684.4617,3257328.0,2558222913.0,600519.SH
2019-03-22,4698.3623,4764.5449,4680.2409,4730.8908,3051750.0,2420497823.0,600519.SH
2019-03-25,4685.8687,4697.1242,4614.3961,4627.3399,3727046.0,2903744159.0,600519.SH
2019-03-26,4652.1021,4685.531,4562.6206,4612.7077,3759569.0,2914112997.0,600519.SH
2019-03-27,4657.7299,4730.2155,4623.9633,4699.9381,4280739.0,3366132247.0,600519.SH
2019-03-28,4727.683,4846.1475,4684.0678,4802.9262,5756676.0,4615969704.0,600519.SH
2019-03-29,4961.6292,5139.9169,4934.4471,5068.5005,9093396.0,7702154797.0,600519.SH
2019-04-01,5102.3234,5152.6919,5051.6735,5096.6956,6093461.0,5228521999.0,600519.SH
2019-04-02,5102.2671,5102.2671,4967.5947,5046.0457,5322705.0,4496538849.0,600519.SH
2019-04-03,4990.4434,5055.838,4957.1833,5015.093,4305680.0,3629854319.0,600519.SH
2019-04-04,4989.7681,5134.9644,4968.3825,5130.4622,5577236.0,4763897857.0,600519.SH
2019-04-08,5327.434,5372.4562,5271.8317,5328.5596,6625193.0,5944780639.0,600519.SH
2019-04-09,5344.3173,5373.5817,5285.2821,5355.5729,4798980.0,4308645696.0,600519.SH
2019-04-10,5344.3173,5619.5151,5327.434,5597.5105,6781438.0,6331858748.0,600519.SH
2019-04-11,5597.5668,5608.8223,5358.6681,5469.2537,6110254.0,5643817564.0,600519.SH
2019-04-12,5378.0839,5439.9331,5327.4903,5406.2228,4861217.0,4419349981.0,600519.SH
2019-04-15,5501.8948,5546.9169,5366.8284,5366.8284,4552264.0,4205548308.0,600519.SH
2019-04-16,5355.0101,5551.9819,5334.2999,5551.9819,4642344.0,4297385218.0,600519.SH
2019-04-17,5541.2891,5639.8313,5468.1282,5620.0779,4076102.0,3848216557.0,600519.SH
2019-04-18,5582.9909,5635.1603,5531.2717,5583.4974,1959852.0,1853076080.0,600519.SH
2019-04-19,5574.8306,5670.4464,5503.6394,5623.2294,3237978.0,3064971032.0,600519.SH
2019-04-22,5662.2861,5771.4085,5555.9776,5604.3201,4062796.0,3897168684.0,600519.SH
2019-04-23,5614.4501,5784.5212,5604.3201,5749.2351,4885205.0,4725480295.0,600519.SH
2019-04-24,5776.98,5833.933,5615.6882,5721.3777,4522700.0,4383873128.0,600519.SH
2019-04-25,5714.5681,5743.8324,5615.6882,5622.1601,3980134.0,3822767525.0,600519.SH
2019-04-26,5587.9996,5664.4247,5580.6835,5580.6835,4327768.0,4119727292.0,600519.SH
2019-04-29,5580.6835,5828.3052,5524.4058,5732.4644,5257230.0,5086408528.0,600519.SH
2019-04-30,5710.1221,5805.569,5682.6023,5743.8887,3594318.0,3503937512.0,600519.SH
2019-05-06,5470.9421,5524.4058,5288.0397,5361.2006,13509968.0,12299395806.0,600519.SH
2019-05-07,5289.6154,5405.8851,5159.8392,5271.1564,10083726.0,9045117765.0,600519.SH
2019-05-08,5102.3234,5337.564,5102.3234,5239.6409,8188298.0,7217709507.0,600519.SH
2019-05-09,5186.7399,5214.1471,5003.8375,5095.6263,9154515.0,7863312116.0,600519.SH
2019-05-10,5190.4542,5388.1013,5148.4148,5367.5037,7990738.0,7121198718.0,600519.SH
2019-05-13,5321.0184,5389.2269,5237.3898,5282.4119,4663718.0,4179329433.0,600519.SH
2019-05-14,5243.0175,5361.2006,5175.4843,5251.8531,5998312.0,5349455647.0,600519.SH
2019-05-15,5272.507,5513.1503,5272.507,5479.3837,6312425.0,5778791845.0,600519.SH
2019-05-16,5434.3616,5507.5225,5355.5729,5495.7605,4454012.0,4108281950.0,600519.SH
2019-05-17,5479.4963,5509.2109,5327.9968,5365.6466,4984161.0,4551116799.0,600519.SH
2019-05-20,5327.434,5327.434,5164.2288,5242.7924,4440799.0,3931645928.0,600519.SH
2019-05-21,5243.0175,5383.7117,5169.9691,5299.2952,4238565.0,3791406204.0,600519.SH
2019-05-22,5299.1826,5349.9451,5214.8787,5259.9008,3204158.0,2853872828.0,600519.SH
2019-05-23,5220.5065,5237.2772,5081.0504,5107.9511,5805863.0,5062812286.0,600519.SH
2019-05-24,5130.4622,5243.0175,5127.3107,5206.4371,4403409.0,3858962204.0,600519.SH
2019-05-27,5209.8137,5231.7057,5102.6048,5209.2509,3916191.0,3417213669.0,600519.SH
2019-05-28,5203.5669,5369.586,5186.8524,5259.9008,7477277.0,6670856081.0,600519.SH
2019-05-29,5259.9571,5467.8468,5259.9571,5394.4607,6564696.0,5963755397.0,600519.SH
2019-05-30,5383.7117,5439.9331,5278.0222,5357.2612,4024720.0,3634187681.0,600519.SH
2019-05-31,5330.4167,5366.7721,5271.1564,5271.1564,3579380.0,3211384923.0,600519.SH
2019-06-03,5282.4119,5335.0315,5250.2211,5282.4119,3447924.0,3076922330.0,600519.SH
2019-06-04,5299.2952,5301.7151,5164.2288,5188.4282,3968948.0,3481384251.0,600519.SH
2019-06-05,5237.3898,5250.1085,5158.601,5167.6055,3406736.0,2988114670.0,600519.SH
2019-06-06,5190.2291,5191.0733,5091.0678,5114.3105,3478685.0,3009567792.0,600519.SH
2019-06-10,5090.9553,5208.9695,4989.7681,5164.679,5550246.0,4790052574.0,600519.SH
2019-06-11,5192.3676,5415.2835,5186.7399,5388.7204,8010644.0,7209086880.0,600519.SH
2019-06-12,5362.4387,5389.2832,5293.6674,5365.1401,3774740.0,3420899273.0,600519.SH
2019-06-13,5383.7117,5396.6556,5310.5507,5383.7117,3291742.0,2984741685.0,600519.SH
2019-06-14,5389.3395,5509.2109,5383.8242,5400.595,4245504.0,3905679105.0,600519.SH
2019-06-17,5366.8284,5479.046,5361.3132,5392.7161,3276903.0,3001512189.0,600519.SH
2019-06-18,5423.1061,5439.9893,5342.0662,5423.1061,2944138.0,2687679912.0,600519.SH
2019-06-19,5552.5447,5590.2507,5507.5788,5507.5788,5372640.0,5051192622.0,600519.SH
2019-06-20,5510.3364,5752.3304,5508.6481,5749.5165,6727197.0,6468666073.0,600519.SH
2019-06-21,5721.2088,5802.924,5690.4249,5756.8326,4592675.0,4482726902.0,600519.SH
2019-06-24,5768.0881,5888.466,5749.5165,5817.6125,4577920.0,4532526991.0,600519.SH
2019-06-25,5845.1885,5884.5829,5704.4944,5794.4261,5129595.0,5035624420.0,600519.SH
2019-06-26,5805.7941,5805.7941,5728.2435,5776.8674,2958818.0,2896585581.0,600519.SH
2019-06-27,5805.7941,5895.8384,5783.9584,5869.6693,4797845.0,4772724089.0,600519.SH
2019-06-28,5893.1877,5909.452,5810.6847,5881.9885,3108840.0,3050739277.0,600519.SH
2019-07-01,5997.4702,6172.3812,5973.2708,6151.3334,5233723.0,5325575854.0,600519.SH
2019-07-02,6112.7269,6138.0518,6062.077,6112.7269,3906109.0,3989722046.0,600519.SH
2019-07-03,6084.5881,6101.4714,5867.9191,5903.9368,6713932.0,6717755678.0,600519.SH
2019-07-04,5892.1185,5920.2573,5810.0656,5866.2307,4621668.0,4531686001.0,600519.SH
2019-07-05,5893.244,6005.7993,5838.6547,5971.0197,5003271.0,4968920475.0,600519.SH
2019-07-08,5944.1753,5960.2144,5831.3386,5886.8284,3361352.0,3313713091.0,600519.SH
2019-07-09,5855.538,5910.1273,5793.9139,5837.304,3172332.0,3103986405.0,600519.SH
2019-07-10,5864.7112,5919.0192,5842.5941,5873.6594,2816670.0,2774054724.0,600519.SH
2019-07-11,5915.53,5962.9158,5836.9663,5867.9191,3051419.0,3011117079.0,600519.SH
2019-07-12,5866.7935,5924.1967,5859.5337,5893.7505,2817385.0,2778937975.0,600519.SH
2019-07-15,5790.8187,5860.0402,5697.0038,5836.5724,5987040.0,5785726590.0,600519.SH
2019-07-16,5833.8711,5872.4213,5775.0609,5791.9442,3324524.0,3226755644.0,600519.SH
2019-07-17,5791.9442,5820.0268,5758.9092,5766.6193,2546887.0,2459954487.0,600519.SH
2019-07-18,5755.3637,5763.8054,5674.7741,5676.575,3925295.0,3748507464.0,600519.SH
2019-07-19,5718.7833,5751.4243,5679.3889,5723.6794,2801481.0,2679887449.0,600519.SH
2019-07-22,5746.9221,5769.4332,5692.0514,5730.1513,2812549.0,2695084029.0,600519.SH
2019-07-23,5759.8659,5761.498,5656.0899,5713.0429,3248395.0,3087319264.0,600519.SH
2019-07-24,5737.4112,5746.3593,5660.761,5670.1594,4677120.0,4450509786.0,600519.SH
2019-07-25,5667.9645,5765.8314,5623.9554,5763.8054,3825570.0,3633246146.0,600519.SH
2019-07-26,5758.0088,5808.8275,5738.7618,5775.2298,2646759.0,2556208822.0,600519.SH
2019-07-29,5758.3465,5856.6635,5746.9784,5839.2737,2698133.0,2626793557.0,600519.SH
2019-07-30,5839.7802,5876.3607,5808.8275,5853.4557,1953797.0,1911965179.0,600519.SH
2019-07-31,5831.3386,5869.4386,5784.0091,5817.8319,2252620.0,2191909987.0,600519.SH
2019-08-01,5839.8365,5842.5941,5707.6403,5742.9827,3508952.0,3385045858.0,600519.SH
2019-08-02,5656.8778,5735.554,5651.2501,5715.688,3971940.0,3772328947.0,600519.SH
2019-08-05,5662.5056,5713.1555,5634.3668,5648.0422,3677431.0,3473341317.0,600519.SH
2019-08-06,5583.7169,5679.3889,5543.197,5669.8217,4399116.0,4121445010.0,600519.SH
2019-08-07,5687.8305,5721.766,5662.5056,5662.5056,2686998.0,2553463419.0,600519.SH
2019-08-08,5710.3416,5825.7108,5701.9,5812.6544,3880813.0,3755086990.0,600519.SH
2019-08-09,5851.0358,5864.8238,5741.238,5758.3465,2846170.0,2760764357.0,600519.SH
2019-08-12,6030.055,6085.1508,5943.9502,6076.878,8149895.0,8208540716.0,600519.SH
2019-08-13,6062.9774,6118.3547,6032.1373,6073.0511,3032970.0,3088013760.0,600519.SH
2019-08-14,6140.9783,6264.1138,6140.9783,6215.8838,4141095.0,4327071299.0,600519.SH
2019-08-15,6129.6102,6233.6113,6129.6102,6224.7194,2723739.0,2821331120.0,600519.SH
2019-08-16,6252.5206,6397.3793,6202.7711,6279.3088,3608673.0,3822488363.0,600519.SH
2019-08-19,6315.3265,6365.8638,6248.0747,6286.5123,3286758.0,3471558016.0,600519.SH
2019-08-20,6281.5599,6386.6865,6253.421,6365.9764,2860213.0,3038219263.0,600519.SH
2019-08-21,6366.5391,6405.2019,6319.0408,6343.4653,2506662.0,2678841887.0,600519.SH
2019-08-22,6382.8034,6557.3204,6365.9764,6557.3204,3759078.0,4099045126.0,600519.SH
2019-08-23,6562.9482,6723.6772,6510.1597,6704.2051,4019230.0,4495782910.0,600519.SH
2019-08-26,6607.9703,6692.3868,6516.1252,6551.4113,4849789.0,5382792365.0,600519.SH
2019-08-27,6630.4814,6711.0147,6585.4592,6585.4592,5216421.0,5830617878.0,600519.SH
2019-08-28,6585.4592,6665.3172,6439.1936,6535.4284,4700967.0,5169778985.0,600519.SH
2019-08-29,6562.9482,6637.1221,6492.6011,6608.5331,2933042.0,3247704307.0,600519.SH
2019-08-30,6675.5035,6793.6866,6664.248,6771.1755,4489077.0,5093877152.0,600519.SH
2019-09-02,6759.8637,6787.9463,6698.0146,6752.9416,2823433.0,3210850606.0,600519.SH
2019-09-03,6759.92,6821.938,6695.5383,6759.92,2948509.0,3358578409.0,600519.SH
2019-09-04,6764.4222,6776.2968,6647.9837,6675.5598,3360022.0,3785904728.0,600519.SH
2019-09-05,6698.0146,6787.496,6692.3868,6782.4311,3293084.0,3746608087.0,600519.SH
2019-09-06,6785.2449,6794.5308,6709.2701,6773.9331,2617659.0,2978155822.0,600519.SH
2019-09-09,6788.0588,6804.9421,6731.7812,6740.3354,2937934.0,3346080774.0,600519.SH
2019-09-10,6727.8417,6731.7812,6647.4209,6669.0316,2622707.0,2952753655.0,600519.SH
2019-09-11,6642.975,6647.1958,6354.7208,6363.275,8171654.0,8904690560.0,600519.SH
2019-09-12,6343.4653,6590.9745,6343.4653,6529.1816,4121133.0,4498210332.0,600519.SH
2019-09-16,6439.1373,6557.039,6439.1373,6529.1816,3137180.0,3432292113.0,600519.SH
2019-09-17,6501.0428,6572.2903,6461.6484,6501.099,2519693.0,2767385769.0,600519.SH
2019-09-18,6582.6454,6816.1977,6580.8445,6810.0071,6931447.0,7899560194.0,600519.SH
2019-09-19,6804.9421,6816.1977,6743.5995,6788.0588,2447980.0,2800064436.0,600519.SH
2019-09-20,6821.8254,6872.4753,6802.6347,6857.9557,3762666.0,4346138244.0,600519.SH
2019-09-23,6855.592,6855.592,6709.2701,6810.5699,3002633.0,3431058973.0,600519.SH
2019-09-24,6844.3365,7012.6067,6827.4532,7007.5417,3626913.0,4259833998.0,600519.SH
2019-09-25,6985.0306,7034.9489,6931.5669,6951.264,2402458.0,2832308420.0,600519.SH
2019-09-26,6956.5541,7003.8837,6865.7783,6911.8697,2608194.0,3050478322.0,600519.SH
2019-09-27,6894.9864,7001.9139,6833.081,6955.4849,2282661.0,2671754323.0,600519.SH
2019-09-30,6889.3586,6925.5452,6816.1977,6816.1977,3082514.0,3565988675.0,600519.SH
2019-10-08,6833.081,6985.0306,6827.5095,6912.4325,3104527.0,3631091491.0,600519.SH
2019-10-09,6907.3675,6907.3675,6732.0626,6798.2451,3578857.0,4105282379.0,600519.SH
2019-10-10,6686.759,6866.4536,6585.5718,6844.3365,4117370.0,4685560483.0,600519.SH
2019-10-11,6855.592,6956.8918,6828.635,6954.6407,2868925.0,3343559812.0,600519.SH
2019-10-14,7018.7972,7028.1393,6928.753,6985.0306,2718751.0,3209362988.0,600519.SH
2019-10-15,6985.0306,7185.8293,6968.3162,7159.4914,4003473.0,4806856333.0,600519.SH
2019-10-16,6917.4974,7027.2389,6872.4753,6928.753,5915059.0,6935972684.0,600519.SH
2019-10-17,6962.5196,7022.5116,6886.5447,7003.7711,3050870.0,3578144114.0,600519.SH
2019-10-18,6979.4029,7041.252,6938.2639,6961.3377,2829161.0,3335011086.0,600519.SH
2019-10-21,6939.2206,6978.8401,6891.0469,6920.3113,2527467.0,2955023935.0,600519.SH
2019-10-22,6973.7751,6993.4723,6894.3673,6933.2552,1930943.0,2262188262.0,600519.SH
2019-10-23,6917.4974,6973.7751,6850.5833,6866.3411,2308021.0,2684922174.0,600519.SH
2019-10-24,6900.3328,6906.2419,6800.2148,6817.7172,2617844.0,3025245582.0,600519.SH
2019-10-25,6834.7693,6942.8224,6776.9721,6936.3505,2599845.0,3015928985.0,600519.SH
2019-10-28,6906.2982,6990.7147,6900.6141,6975.4072,2248599.0,2644563044.0,600519.SH
2019-10-29,6991.2775,7097.3609,6972.4807,7058.1916,2780371.0,3314271728.0,600519.SH
2019-10-30,7041.3083,7056.5033,6962.5196,7006.4162,2125475.0,2516524166.0,600519.SH
2019-10-31,7075.0749,7086.3304,6963.3637,6985.0869,2590927.0,3068884874.0,600519.SH
2019-11-01,6990.6584,7052.2824,6942.8224,7013.1695,2281196.0,2697638375.0,600519.SH
2019-11-04,7041.3083,7153.8073,7035.6805,7095.2786,2673798.0,3209264033.0,600519.SH
2019-11-05,7094.7721,7125.7248,7052.5638,7091.9582,2225472.0,2667596023.0,600519.SH
2019-11-06,7080.7027,7120.097,7035.0052,7058.1916,1973751.0,2362005422.0,600519.SH
2019-11-07,7077.9451,7108.1662,7035.6805,7105.296,1616788.0,1933203877.0,600519.SH
2019-11-08,7125.7248,7185.6605,7106.0839,7125.7248,2451211.0,2964133776.0,600519.SH
2019-11-11,7106.0276,7132.4781,7061.0618,7091.9582,1734246.0,2082060830.0,600519.SH
2019-11-12,7120.097,7151.6125,7087.5123,7106.5904,1915055.0,2303205539.0,600519.SH
2019-11-13,7136.9803,7254.0379,7097.586,7232.6523,3197704.0,3890666569.0,600519.SH
2019-11-14,7249.5356,7322.6966,7221.3968,7266.4189,2352112.0,2898399700.0,600519.SH
2019-11-15,7266.4189,7282.7957,7218.5829,7237.7173,1634072.0,2003665313.0,600519.SH
2019-11-18,7238.9554,7263.3237,7198.8858,7251.1114,1803766.0,2204546132.0,600519.SH
2019-11-19,7255.1634,7331.7573,7238.3927,7279.4754,2062375.0,2542105913.0,600519.SH
2019-11-20,7266.4189,7319.939,7255.5011,7287.5231,1528053.0,1884957278.0,600519.SH
2019-11-21,7272.0467,7297.4279,7216.1067,7273.735,1918739.0,2356277766.0,600519.SH
2019-11-22,7227.0246,7260.7912,7013.1695,7063.8194,4705428.0,5677646465.0,600519.SH
2019-11-25,7030.3342,7063.8194,6940.3462,6996.6238,3828175.0,4518778939.0,600519.SH
2019-11-26,7022.6241,7089.7071,7001.9139,7013.1695,4023961.0,4794179893.0,600519.SH
2019-11-27,7057.066,7078.5641,7010.4119,7041.0269,1984881.0,2363839726.0,600519.SH
2019-11-28,7069.2783,7083.5728,6923.2378,6961.394,2884499.0,3405325549.0,600519.SH
2019-11-29,6903.428,6903.428,6607.3513,6698.0146,8239732.0,9338326554.0,600519.SH
2019-12-02,6637.2347,6760.0325,6637.2347,6720.5256,3078441.0,3479717421.0,600519.SH
2019-12-03,6720.5256,6720.5256,6634.6459,6636.1091,2734093.0,3066695648.0,600519.SH
2019-12-04,6759.92,6786.1454,6636.1091,6660.4774,3528308.0,3980511004.0,600519.SH
2019-12-05,6675.5035,6714.9541,6636.1091,6702.5168,2133879.0,2402503470.0,600519.SH
2019-12-06,6737.2401,6928.753,6704.2051,6928.753,3950626.0,4565643688.0,600519.SH
2019-12-09,6956.8918,6962.5196,6850.527,6865.1592,2182412.0,2543532527.0,600519.SH
2019-12-10,6870.2242,6900.6141,6821.8254,6897.2375,1508658.0,1749356289.0,600519.SH
2019-12-11,6917.4974,6932.9738,6847.4318,6866.735,1456799.0,1689987674.0,600519.SH
2019-12-12,6849.9643,6872.1377,6704.0926,6743.0367,2940916.0,3362699683.0,600519.SH
2019-12-13,6793.6866,6900.6141,6793.6866,6889.3586,3000059.0,3473927971.0,600519.SH
2019-12-16,6889.3586,6889.3586,6748.3268,6804.4919,3093642.0,3554133640.0,600519.SH
2019-12-17,6814.5093,6949.0129,6776.9721,6928.6404,4261696.0,4937041950.0,600519.SH
2019-12-18,6951.264,6958.0174,6894.9864,6917.4974,1964009.0,2295963803.0,600519.SH
2019-12-19,6889.3586,6889.3586,6827.4532,6857.8431,1955230.0,2262598597.0,600519.SH
2019-12-20,6884.7438,6884.7438,6768.3616,6795.3749,2356384.0,2703612358.0,600519.SH
2019-12-23,6754.2922,6886.5447,6737.4089,6812.2582,2591918.0,2981937538.0,600519.SH
2019-12-24,6833.081,6844.3365,6788.0588,6804.9421,1182310.0,1358536199.0,600519.SH
2019-12-25,6776.8033,6776.8033,6703.6986,6724.4651,2430597.0,2755735164.0,600519.SH
2019-12-26,6714.8979,6771.063,6647.3084,6732.3439,2287727.0,2585996501.0,600519.SH
2019-12-27,6816.1977,6940.0085,6816.1977,6889.3586,4706628.0,5486452901.0,600519.SH
2019-12-30,6929.8785,7072.261,6929.8785,7017.6717,4076066.0,4827682057.0,600519.SH
2019-12-31,7001.9139,7030.0528,6965.3897,7001.9139,2258881.0,2666705100.0,600519.SH
2020-01-02,6692.3868,6788.3965,6624.8536,6703.6423,14809916.0,16696837095.0,600519.SH
2020-01-03,6630.4814,6630.4814,6404.8079,6414.15,13031878.0,14266380596.0,600519.SH
2020-01-06,6370.8162,6494.8522,6350.7814,6410.9422,6341478.0,6853917601.0,600519.SH
2020-01-07,6408.1846,6529.1816,6401.9941,6504.0255,4785359.0,5220697068.0,600519.SH
2020-01-08,6450.6742,6509.4844,6436.7737,6468.064,2500825.0,2720371915.0,600519.SH
2020-01-09,6501.0428,6565.143,6478.5317,6550.0043,3740587.0,4110949814.0,600519.SH
2020-01-10,6585.4592,6624.7973,6548.8788,6605.1564,3597587.0,3993457118.0,600519.SH
2020-01-13,6605.1564,6699.1401,6602.3425,6671.3952,3851575.0,4325687959.0,600519.SH
2020-01-14,6671.0013,6674.8844,6551.6926,6576.4548,3514465.0,3916300790.0,600519.SH
2020-01-15,6585.5155,6656.3691,6562.9482,6603.0742,2602911.0,2895603674.0,600519.SH
2020-01-16,6641.0053,6641.0053,6549.329,6574.2037,2319165.0,2571593141.0,600519.SH
2020-01-17,6591.087,6606.7322,6540.4934,6577.0176,2347275.0,2599645144.0,600519.SH
2020-01-20,6601.5547,6601.5547,6433.5096,6484.1595,3539130.0,3858246844.0,600519.SH
2020-01-21,6427.8818,6461.6484,6378.9202,6395.8035,3287405.0,3542441308.0,600519.SH
2020-01-22,6365.9764,6444.7651,6283.6984,6396.9854,3620004.0,3875275065.0,600519.SH
2020-01-23,6399.743,6399.743,6180.2601,6269.1788,5346843.0,5638945742.0,600519.SH
2020-02-03,5887.6162,6032.1373,5859.4774,5994.0936,12344288.0,12314991759.0,600519.SH
2020-02-04,6056.4492,6292.8154,6033.9944,6185.9441,6262418.0,6490469043.0,600519.SH
2020-02-05,6253.421,6275.9321,6157.9178,6253.3648,4741824.0,4956355235.0,600519.SH
2020-02-06,6306.4909,6394.1152,6264.7891,6371.6041,4717121.0,5011246407.0,600519.SH
2020-02-07,6366.0326,6405.3707,6315.439,6399.743,3127871.0,3348894576.0,600519.SH
2020-02-10,6320.9542,6391.8641,6293.941,6346.2229,3053342.0,3251908506.0,600519.SH
2020-02-11,6326.582,6533.0085,6325.4564,6523.5538,4791793.0,5222918915.0,600519.SH
2020-02-12,6472.9039,6527.9998,6455.3453,6519.4455,2812543.0,3072293973.0,600519.SH
2020-02-13,6523.5538,6612.979,6467.3324,6484.1595,3035736.0,3335277425.0,600519.SH
2020-02-14,6481.0642,6498.2851,6439.7564,6467.2762,2328760.0,2534568401.0,600519.SH
2020-02-17,6436.3234,6513.3676,6435.7607,6500.0298,2702822.0,2946182657.0,600519.SH
2020-02-18,6478.588,6517.2507,6439.1373,6444.7651,2666496.0,2897729692.0,600519.SH
2020-02-19,6450.3929,6543.251,6410.9985,6515.1122,3705147.0,4052365602.0,600519.SH
2020-02-20,6516.2377,6669.8757,6508.9779,6636.1091,4680262.0,5220660940.0,600519.SH
2020-02-21,6599.3035,6667.287,6591.1433,6607.295,2894008.0,3225337160.0,600519.SH
2020-02-24,6565.7621,6591.087,6453.2067,6462.6614,3865036.0,4221857466.0,600519.SH
2020-02-25,6410.9985,6434.0161,6354.0455,6393.0459,3838562.0,4127432130.0,600519.SH
2020-02-26,6320.9542,6444.7651,6281.5599,6386.7991,4356097.0,4663278433.0,600519.SH
2020-02-27,6399.743,6506.6142,6399.743,6463.8432,3449829.0,3758783810.0,600519.SH
2020-02-28,6367.6647,6433.5096,6253.2522,6292.8154,4994657.0,5307929213.0,600519.SH
2020-03-02,6254.0401,6515.3936,6253.4773,6456.0769,4766304.0,5154329159.0,600519.SH
2020-03-03,6523.5538,6641.0616,6523.5538,6607.9703,5025015.0,5585227657.0,600519.SH
2020-03-04,6675.5035,6754.2922,6626.2043,6697.5643,5379299.0,6080149243.0,600519.SH
2020-03-05,6739.1535,6956.8355,6706.7939,6934.3807,6242645.0,7210485104.0,600519.SH
2020-03-06,6889.3586,6962.5196,6827.3406,6847.1504,3064100.0,3553622358.0,600519.SH
2020-03-09,6731.7812,6731.7812,6598.4594,6613.6544,4340409.0,4865288500.0,600519.SH
2020-03-10,6607.9703,6917.4974,6607.9703,6849.9643,5806293.0,6635936156.0,600519.SH
2020-03-11,6847.1504,6926.3893,6765.5478,6864.1462,3554757.0,4124607952.0,600519.SH
2020-03-12,6766.7859,6833.081,6676.0663,6751.4783,3663063.0,4172606105.0,600519.SH
2020-03-13,6478.5317,6697.902,6422.254,6602.5114,7588531.0,8348496480.0,600519.SH
2020-03-16,6557.2079,6579.5501,6320.9542,6349.0931,5123254.0,5548946745.0,600519.SH
2020-03-17,6281.5599,6410.9985,6034.6135,6225.845,7935912.0,8277472787.0,600519.SH
2020-03-18,6197.1434,6309.6987,6016.9986,6016.9986,7345988.0,7582762547.0,600519.SH
2020-03-19,5938.2099,6056.4492,5747.4849,5949.5217,10226507.0,10075880470.0,600519.SH
2020-03-20,6033.9382,6214.0267,6033.9382,6170.5803,6013919.0,6169094444.0,600519.SH
2020-03-23,5972.0327,6170.5803,5924.3093,6078.9603,4847210.0,4918121944.0,600519.SH
2020-03-24,6214.0267,6303.3956,6169.0045,6287.1876,4665096.0,4900364144.0,600519.SH
2020-03-25,6467.1636,6486.1854,6389.613,6422.8168,3704866.0,4015061222.0,600519.SH
2020-03-26,6384.7168,6485.285,6320.9542,6337.3873,3004856.0,3231754298.0,600519.SH
2020-03-27,6450.3929,6489.7872,6394.1715,6396.9291,3626112.0,3931759353.0,600519.SH
2020-03-30,6311.1056,6405.3707,6292.8154,6377.2319,3068741.0,3279823025.0,600519.SH
2020-03-31,6433.5096,6619.2258,6432.384,6596.7148,4798437.0,5293170703.0,600519.SH
2020-04-01,6630.4814,6698.0146,6551.6926,6551.6926,3320535.0,3700184247.0,600519.SH
2020-04-02,6557.3204,6788.0588,6556.6451,6788.0588,4520561.0,5095167594.0,600519.SH
2020-04-03,6754.4611,6804.717,6714.7853,6758.7382,2761761.0,3148421866.0,600519.SH
2020-04-07,6883.4495,6909.0558,6809.9508,6872.1939,4348800.0,5041525481.0,600519.SH
2020-04-08,6827.4532,6907.9865,6827.4532,6871.1247,2422442.0,2809422100.0,600519.SH
2020-04-09,6906.2419,6923.1252,6804.717,6864.0337,2281697.0,2640230492.0,600519.SH
2020-04-10,6860.5445,6993.4723,6835.8948,6900.6141,2780434.0,3252600672.0,600519.SH
2020-04-13,6900.6141,6928.6404,6807.756,6885.4192,1598147.0,1854563731.0,600519.SH
2020-04-14,6962.5196,7050.0313,6906.2419,7013.7322,3679955.0,4340858665.0,600519.SH
2020-04-15,7052.5638,7120.0407,7024.9878,7039.0572,2933229.0,3501318260.0,600519.SH
2020-04-16,7058.0228,7081.2654,7008.1045,7081.2654,2172774.0,2588431844.0,600519.SH
2020-04-17,7153.8636,7292.0816,7125.7811,7243.9079,3824569.0,4676618151.0,600519.SH
2020-04-20,7215.7691,7274.8606,7192.1324,7251.224,2423864.0,2963483323.0,600519.SH
2020-04-21,7215.8816,7232.5961,7058.1916,7097.586,2922422.0,3517018487.0,600519.SH
2020-04-22,7131.3526,7376.1604,7110.0796,7348.0216,4403473.0,5430377598.0,600519.SH
2020-04-23,7378.9743,7467.2176,7366.4244,7391.693,2689851.0,3377042463.0,600519.SH
2020-04-24,7367.7187,7434.6329,7295.5708,7382.1258,1912240.0,2390444036.0,600519.SH
2020-04-27,7418.3686,7537.5084,7384.3769,7525.2962,2590391.0,3284513346.0,600519.SH
2020-04-28,7577.6907,7660.0249,7502.1098,7542.9111,3466190.0,4458549425.0,600519.SH
2020-04-29,7535.4262,7593.3922,7423.9964,7519.1056,2344406.0,2976724957.0,600519.SH
2020-04-30,7497.1574,7576.0024,7428.9488,7467.3302,2466087.0,3134408881.0,600519.SH
2020-05-06,7384.602,7660.3626,7378.9743,7660.3626,3583481.0,4598589768.0,600519.SH
2020-05-07,7656.9859,7744.7228,7620.9682,7727.8958,2793474.0,3647628296.0,600519.SH
2020-05-08,7756.0346,7874.2177,7708.2549,7742.5842,2907868.0,3839218026.0,600519.SH
2020-05-11,7772.9179,7857.3344,7737.2941,7789.8575,2367119.0,3135990964.0,600519.SH
2020-05-12,7761.6624,7857.2781,7750.4068,7846.0789,1972181.0,2621824685.0,600519.SH
2020-05-13,7846.0789,7874.1614,7789.1259,7862.6808,2201431.0,2931464950.0,600519.SH
2020-05-14,7829.1956,7856.6591,7801.6758,7810.0049,1857492.0,2467976357.0,600519.SH
2020-05-15,7823.5678,7848.8927,7670.9428,7733.5235,2639808.0,3469736812.0,600519.SH
2020-05-18,7694.1292,7950.1925,7689.233,7920.4216,3436211.0,4587989708.0,600519.SH
2020-05-19,8020.5396,8020.5396,7874.2177,7919.8589,2478746.0,3342210487.0,600519.SH
2020-05-20,7919.8589,7993.4138,7867.5206,7947.3786,2118340.0,2859455106.0,600519.SH
2020-05-21,7969.8897,8065.3366,7957.8463,8032.3579,2305158.0,3147105462.0,600519.SH
2020-05-22,8031.7951,8032.3579,7789.1259,7819.0656,3442746.0,4608696074.0,600519.SH
2020-05-25,7829.1956,8035.0592,7778.5457,8014.3491,3156100.0,4260387678.0,600519.SH
2020-05-26,8053.6309,8054.0248,7969.8897,7986.773,2247019.0,3056188321.0,600519.SH
2020-05-27,7992.4008,7998.0285,7846.0789,7874.2177,2677741.0,3596654307.0,600519.SH
2020-05-28,7874.0489,7924.5299,7779.2773,7907.9843,2648591.0,3536546893.0,600519.SH
2020-05-29,7841.0139,8054.1937,7841.0139,8035.1718,3044435.0,4144247222.0,600519.SH
2020-06-01,8116.2116,8336.2573,8116.2116,8332.8806,3547976.0,4986178912.0,600519.SH
2020-06-02,8313.2397,8380.1539,8260.6201,8283.4126,2596010.0,3679210598.0,600519.SH
2020-06-03,8307.5557,8321.6251,8199.3337,8219.1998,2355736.0,3308382799.0,600519.SH
2020-06-04,8200.6281,8285.0446,8200.6281,8268.105,1803741.0,2534459742.0,600519.SH
2020-06-05,8252.685,8385.6691,8229.2172,8363.8333,1834706.0,2597524609.0,600519.SH
2020-06-08,8363.8333,8420.111,8234.451,8257.4686,2930045.0,4145298455.0,600519.SH
2020-06-09,8268.1613,8363.8333,8226.9661,8316.2787,2261191.0,3199849660.0,600519.SH
2020-06-10,8363.8333,8410.7126,8318.8112,8356.2921,2270074.0,3234843851.0,600519.SH
2020-06-11,8285.1009,8324.3827,8206.1996,8225.728,3071171.0,4314846228.0,600519.SH
2020-06-12,8150.935,8315.2657,8129.2118,8315.2657,2842742.0,3992323389.0,600519.SH
2020-06-15,8234.3947,8288.4213,8116.2116,8127.4672,3461541.0,4819512189.0,600519.SH
2020-06-16,8214.6975,8301.9279,8184.4764,8244.9749,2920664.0,4099718932.0,600519.SH
2020-06-17,8289.8845,8290.1096,8195.1129,8251.278,1945307.0,2730097120.0,600519.SH
2020-06-18,8250.7152,8297.4257,8223.702,8296.3002,2101041.0,2956800081.0,600519.SH
2020-06-19,8335.6945,8477.5142,8308.1185,8447.3494,3895833.0,5603232657.0,600519.SH
2020-06-22,8420.6738,8470.1418,8409.981,8442.6221,2324700.0,3343536637.0,600519.SH
2020-06-23,8420.111,8684.616,8411.7819,8642.4078,3393426.0,4963194685.0,600519.SH
2020-06-24,8676.8778,8688.7524,8572.2014,8656.6742,2513899.0,3663537115.0,600519.SH
2020-06-29,8589.0847,8690.3845,8527.2355,8674.4579,2808061.0,4064048236.0,600519.SH
2020-06-30,8674.1765,8707.1552,8629.1544,8672.8258,2244614.0,3281641199.0,600519.SH
2020-07-01,8701.64,8916.0579,8679.2415,8849.4814,3868249.0,5759640251.0,600519.SH
2020-07-02,8876.1008,9168.1818,8853.5897,9129.3502,4588372.0,7014289615.0,600519.SH
2020-07-03,9163.1168,9177.1862,8976.7252,9116.9129,3512581.0,5395637032.0,600519.SH
2020-07-06,9095.5836,9534.5494,9060.7478,9444.5051,5182196.0,8228068998.0,600519.SH
2020-07-07,9461.8949,10259.5182,9450.1329,9939.7486,6666393.0,11219852098.0,600519.SH
2020-07-08,9894.7264,10114.2093,9782.1711,9902.2676,5316998.0,8963189092.0,600519.SH
2020-07-09,9956.6319,10074.8149,9905.982,10041.0483,3503324.0,5951732803.0,600519.SH
2020-07-10,9945.3763,10213.258,9945.0387,10085.2263,3710044.0,6352507468.0,600519.SH
2020-07-13,10089.8974,10496.8974,10089.8974,10468.7023,6072716.0,10679460274.0,600519.SH
2020-07-14,10468.7023,10468.9274,10279.6656,10356.2033,4609351.0,8135834910.0,600519.SH
2020-07-15,10259.8559,10472.1352,10258.8992,10302.9083,4071294.0,7176560649.0,600519.SH
2020-07-16,10175.6082,10175.6082,9444.5051,9523.2939,10224219.0,16901373196.0,600519.SH
2020-07-17,9557.0605,9853.0247,9557.0605,9714.9193,6590206.0,10863420089.0,600519.SH
2020-07-20,9739.9629,9804.6259,9381.9244,9652.5074,4528033.0,7363822989.0,600519.SH
2020-07-21,9706.9842,10023.0395,9618.9096,9827.1932,4196950.0,7026353151.0,600519.SH
2020-07-22,9770.9156,10063.5594,9770.9156,9883.9211,3920121.0,6637265372.0,600519.SH
2020-07-23,9849.7043,9956.6319,9725.8934,9872.2154,3432052.0,5739050333.0,600519.SH
2020-07-24,9753.1881,9815.9377,9360.0886,9418.0546,7875201.0,12705941887.0,600519.SH
2020-07-27,9534.6057,9612.2126,9444.5051,9571.4113,3878817.0,6279664444.0,600519.SH
2020-07-28,9613.3381,9894.7264,9613.3381,9838.4488,5491152.0,9133721867.0,600519.SH
2020-07-29,9951.0041,9951.0041,9630.2214,9849.7043,5074843.0,8411789967.0,600519.SH
2020-07-30,9845.2021,10010.6021,9841.2627,9894.7264,3837304.0,6486855475.0,600519.SH
2020-07-31,9922.8653,10035.4206,9703.3824,9884.4839,4068474.0,6846747330.0,600519.SH
2020-08-03,9933.4455,9988.0348,9782.1711,9827.1932,3466114.0,5790041422.0,600519.SH
2020-08-04,9866.5876,9911.5535,9782.1711,9838.3925,3194051.0,5337185768.0,600519.SH
2020-08-05,9793.9331,9855.8386,9688.2437,9827.1932,2552169.0,4236612469.0,600519.SH
2020-08-06,9838.4488,9861.1287,9613.3381,9658.1351,3264878.0,5372942645.0,600519.SH
2020-08-07,9696.4602,9724.0363,9436.0635,9618.9659,3424205.0,5560065753.0,600519.SH
2020-08-10,9601.9138,9697.5295,9490.1463,9635.7929,2362354.0,3857721122.0,600519.SH
2020-08-11,9669.6158,9818.3576,9669.6158,9683.7415,3581818.0,5936904876.0,600519.SH
2020-08-12,9630.2214,9675.2436,9474.0509,9596.1734,2793392.0,4529267493.0,600519.SH
2020-08-13,9613.3381,9663.3127,9495.155,9641.477,2054134.0,3341652186.0,600519.SH
2020-08-14,9669.053,9814.2494,9618.9659,9787.7989,3765318.0,6230475427.0,600519.SH
2020-08-17,9860.9598,10031.7625,9838.4488,9951.0041,4357201.0,7363610867.0,600519.SH
2020-08-18,9992.537,10119.8371,9956.6319,10035.4206,3042281.0,5192751797.0,600519.SH
2020-08-19,10007.2818,10102.9538,9911.5535,9934.1208,2691498.0,4578143762.0,600519.SH
2020-08-20,9860.9598,9889.0987,9759.66,9804.6822,2238233.0,3727183935.0,600519.SH
2020-08-21,9855.3321,9996.0262,9844.0765,9872.2154,2508241.0,4217048420.0,600519.SH
2020-08-24,10007.2818,10052.3039,9956.6881,9986.7404,3093344.0,5260286523.0,600519.SH
2020-08-25,10034.295,10270.5487,9999.5717,10159.2314,4187249.0,7227309774.0,600519.SH
2020-08-26,10198.6258,10260.5312,10091.8108,10159.2314,2621573.0,4530374186.0,600519.SH
2020-08-27,10187.314,10198.5132,10035.4206,10181.7425,2263553.0,3896759446.0,600519.SH
2020-08-28,10181.7425,10367.4588,10128.2787,10328.0644,4229962.0,7389242302.0,600519.SH
2020-08-31,10404.4895,10660.1026,10404.4895,10494.0835,4781036.0,8608932570.0,600519.SH
2020-09-01,10525.0362,10581.3139,10429.4205,10581.2013,3163992.0,5661594315.0,600519.SH
2020-09-02,10710.7525,10727.6358,10401.2254,10541.9195,3200929.0,5746351923.0,600519.SH
2020-09-03,10541.9195,10637.5916,10455.8147,10530.664,3043735.0,5471333880.0,600519.SH
2020-09-04,10378.7143,10440.5635,10266.159,10401.2254,3085796.0,5433479408.0,600519.SH
2020-09-07,10344.9477,10446.1912,10029.624,10139.5343,3111202.0,5446354619.0,600519.SH
2020-09-08,10187.3703,10220.0113,9878.2371,10071.4383,3447238.0,5865962724.0,600519.SH
2020-09-09,10005.4246,10069.1872,9894.9515,9939.7486,2596355.0,4401806095.0,600519.SH
2020-09-10,10028.3296,10119.8371,10007.2818,10039.9228,2477833.0,4236694402.0,600519.SH
2020-09-11,9939.7486,10209.8813,9939.7486,10192.998,3108800.0,5339883408.0,600519.SH
2020-09-14,10260.5312,10395.5976,10179.3788,10378.7143,3105601.0,5448188995.0,600519.SH
2020-09-15,10401.1691,10401.1691,10276.0076,10344.9477,2082087.0,3654872009.0,600519.SH
2020-09-16,10344.9477,10372.0173,10114.2093,10148.5387,2251598.0,3916457762.0,600519.SH
2020-09-17,10007.2818,10007.2818,9770.9156,9841.3752,6367985.0,10683350187.0,600519.SH
2020-09-18,9810.3099,9979.1429,9641.5332,9979.1429,4720140.0,7853673241.0,600519.SH
2020-09-21,9966.5367,9966.5367,9819.652,9820.4399,2244407.0,3756765108.0,600519.SH
2020-09-22,9725.8934,9934.0082,9725.8934,9814.1931,2326547.0,3890070212.0,600519.SH
2020-09-23,9641.477,9815.994,9562.8008,9725.7809,3572552.0,5878691069.0,600519.SH
2020-09-24,9646.9359,9775.868,9595.3293,9609.5112,3005078.0,4915392273.0,600519.SH
2020-09-25,9613.3381,9725.8934,9585.1993,9642.096,2258296.0,3700843486.0,600519.SH
2020-09-28,9642.5462,9830.0071,9642.5462,9787.7989,2423222.0,4019640150.0,600519.SH
2020-09-29,9834.6782,9835.0721,9738.8373,9738.8373,1743078.0,2895081366.0,600519.SH
2020-09-30,9782.1711,9961.6968,9782.1711,9830.0071,2708781.0,4536012540.0,600519.SH
2020-10-09,9962.2596,10043.412,9939.7486,9984.7707,3423988.0,5817280605.0,600519.SH
2020-10-12,10007.2818,10292.103,10007.2818,10292.103,4372904.0,7597987786.0,600519.SH
2020-10-13,10292.1593,10292.1593,10204.2536,10226.7646,2294389.0,3995560518.0,600519.SH
2020-10-14,10232.3924,10271.6742,10153.6037,10170.487,2048139.0,3554316589.0,600519.SH
2020-10-15,10126.1965,10204.2536,10125.4648,10147.9759,1620436.0,2801250556.0,600519.SH
2020-10-16,10147.9759,10201.8899,10024.1651,10074.8149,1737738.0,2991246892.0,600519.SH
2020-10-19,10147.9759,10198.5132,9961.6968,10001.654,1922632.0,3284383415.0,600519.SH
2020-10-20,10007.2255,10204.0847,9979.1429,10198.6258,2773493.0,4787807536.0,600519.SH
2020-10-21,10199.1886,10244.4921,10136.7204,10194.8552,1890137.0,3275357440.0,600519.SH
2020-10-22,10176.1147,10260.5312,10094.5684,10246.4618,2248087.0,3897729793.0,600519.SH
2020-10-23,10236.7821,10275.1071,10086.0705,10093.5554,1929169.0,3339987454.0,600519.SH
2020-10-26,9551.4327,9798.6042,9444.5051,9686.4991,6601529.0,10821908227.0,600519.SH
2020-10-27,9686.4991,9692.1268,9535.2247,9585.1993,4394440.0,7156688307.0,600519.SH
2020-10-28,9590.8271,9877.8431,9585.6495,9809.2407,3463653.0,5739452181.0,600519.SH
2020-10-29,9753.1318,10052.3039,9709.0101,9872.2154,3937376.0,6633168613.0,600519.SH
2020-10-30,9883.4709,9984.7707,9810.3099,9838.5613,2605545.0,4379602068.0,600519.SH
2020-11-02,9866.5876,9979.1429,9849.7043,9861.0161,2106643.0,3544422245.0,600519.SH
2020-11-03,9922.809,10040.4856,9869.4015,9979.1429,2349749.0,3976621208.0,600519.SH
2020-11-04,10007.2818,10029.7928,9922.8653,10004.9181,1644371.0,2788396253.0,600519.SH
2020-11-05,10102.9538,10190.0716,10075.3777,10130.5298,2352414.0,4053043271.0,600519.SH
2020-11-06,10179.21,10185.0629,9951.0041,10010.771,2305153.0,3932702367.0,600519.SH
2020-11-09,10015.0481,10292.4969,10010.771,10246.8558,4146970.0,7198679683.0,600519.SH
2020-11-10,10305.1031,10370.1601,10209.8813,10260.5312,3018944.0,5287968173.0,600519.SH
2020-11-11,10260.5312,10443.4336,10181.7425,10183.7122,3485073.0,6122365404.0,600519.SH
2020-11-12,10176.171,10288.6701,10132.6121,10203.0717,2347309.0,4071729792.0,600519.SH
2020-11-13,10142.3481,10169.8116,9956.6319,10035.4206,2815548.0,4791276459.0,600519.SH
2020-11-16,10069.1872,10176.3961,9991.8617,10176.3961,3061349.0,5247897161.0,600519.SH
2020-11-17,10232.3924,10245.6176,10013.3035,10096.2005,2522403.0,4355288047.0,600519.SH
2020-11-18,10091.6982,10122.8198,9912.5102,9971.5454,3517895.0,5973146815.0,600519.SH
2020-11-19,9920.0514,10147.9759,9898.1031,10120.9064,2781576.0,4767508753.0,600519.SH
2020-11-20,10119.8371,10209.8813,10078.473,10119.612,2187466.0,3771894859.0,600519.SH
2020-11-23,10406.9094,10625.7733,10406.9094,10514.9625,6663724.0,11926870595.0,600519.SH
2020-11-24,10401.1691,10471.5725,10296.9429,10364.6449,3246536.0,5736960168.0,600519.SH
2020-11-25,10353.3894,10394.9223,10142.3481,10158.5561,2822632.0,4910540741.0,600519.SH
2020-11-26,10153.6037,10232.3361,10148.9889,10200.8206,2322830.0,4027749313.0,600519.SH
2020-11-27,10191.0846,10232.5612,10108.5815,10220.5741,2156861.0,3737697985.0,600519.SH
2020-11-30,10204.2536,10226.2019,10085.564,10085.564,3194007.0,5520322173.0,600519.SH
2020-12-01,10153.6037,10226.7084,10119.8934,10215.5091,2819620.0,4891829153.0,600519.SH
2020-12-02,10266.159,10283.0423,10181.7425,10221.1931,2357169.0,4101369306.0,600519.SH
2020-12-03,10221.1931,10320.5232,10187.933,10283.0423,2950578.0,5147357781.0,600519.SH
2020-12-04,10299.9256,10570.6211,10299.9256,10531.2831,6249119.0,11176048847.0,600519.SH
2020-12-07,10585.2533,10797.3638,10573.1536,10639.8427,5833133.0,10617305104.0,600519.SH
2020-12-08,10654.4749,10992.1408,10643.2193,10851.4467,6145400.0,11333352154.0,600519.SH
2020-12-09,10941.2095,10941.4909,10789.5412,10795.169,3115212.0,5766037609.0,600519.SH
2020-12-10,10795.169,10850.1523,10727.6358,10755.2119,3265354.0,6009239911.0,600519.SH
2020-12-11,10765.7921,10780.0866,10597.1279,10682.6137,3077579.0,5595359665.0,600519.SH
2020-12-14,10726.3414,10738.7788,10654.4749,10733.2636,3305200.0,6026813428.0,600519.SH
2020-12-15,10758.5885,10779.5238,10598.1972,10660.1589,2960497.0,5383582284.0,600519.SH
2020-12-16,10741.7052,10827.0784,10683.7955,10795.169,3215016.0,5901298275.0,600519.SH
2020-12-17,10826.1217,10952.7465,10795.169,10938.7333,3603064.0,6683421886.0,600519.SH
2020-12-18,10861.6329,10958.4305,10801.247,10823.3078,2707698.0,5020968993.0,600519.SH
2020-12-21,10795.169,10858.3688,10781.6624,10809.2384,3069672.0,5663526809.0,600519.SH
2020-12-22,10851.2778,11127.1509,10809.2947,11025.9074,4065060.0,7618583444.0,600519.SH
2020-12-23,11121.5232,11167.7271,10688.354,10804.4548,4770609.0,8901002262.0,600519.SH
2020-12-24,10671.3582,10901.4212,10542.0321,10740.8048,3785714.0,6921989374.0,600519.SH
2020-12-25,10586.8854,10834.5634,10570.0584,10738.8914,2308805.0,4218997634.0,600519.SH
2020-12-28,10719.7569,11069.804,10716.6617,10980.8853,3008037.0,5616528738.0,600519.SH
2020-12-29,10980.8853,11058.5485,10879.5855,10947.1187,2286759.0,4275994834.0,600519.SH
2020-12-30,10964.002,11318.5513,10963.9457,11318.5513,3445210.0,6604461376.0,600519.SH
2020-12-31,11363.5734,11689.8713,11352.3179,11684.3561,3886007.0,7682300728.0,600519.SH
2021-01-04,11695.499,11723.6941,11604.4981,11678.7283,4351400.0,8686920261.0,600519.SH
2021-01-05,11639.3339,12030.1823,11596.9006,12030.1823,5211605.0,10592557370.0,600519.SH
2021-01-06,12060.2908,12399.0824,11898.38,12258.3882,4741020.0,9882593867.0,600519.SH
2021-01-07,12241.5049,12483.4989,12117.6941,12483.4989,3793139.0,7991178754.0,600519.SH
2021-01-08,12494.7544,12544.729,12050.2734,12202.1105,5386164.0,11345202869.0,600519.SH
2021-01-11,12202.1105,12542.5904,12025.3987,12256.8687,5107990.0,10768565415.0,600519.SH
2021-01-12,12190.855,12601.1192,12173.9717,12601.1192,4105859.0,8800558288.0,600519.SH
2021-01-13,12618.5652,12671.0723,12455.36,12618.5652,3438993.0,7418330854.0,600519.SH
2021-01-14,12573.5431,12612.9375,12349.0515,12449.7323,3615220.0,7722089684.0,600519.SH
2021-01-15,12342.8047,12451.702,11858.8168,12157.0884,5950939.0,12372103227.0,600519.SH
2021-01-18,12039.243,12210.4396,11922.2417,12050.1609,3914404.0,8076715790.0,600519.SH
2021-01-19,12107.0576,12237.5655,11734.1618,11748.5689,4634519.0,9479278513.0,600519.SH
2021-01-20,11740.6337,12007.8963,11597.1257,11924.2677,4508242.0,9126453277.0,600519.SH
2021-01-21,11965.7444,12202.2231,11926.35,12089.5552,3831017.0,7953455967.0,600519.SH
2021-01-22,12083.9275,12258.3882,12033.8403,12145.5515,2924761.0,6090260364.0,600519.SH
2021-01-25,12162.7162,12705.7956,12162.7162,12680.4707,5595716.0,12029474558.0,600519.SH
2021-01-26,12736.7483,12748.0039,12399.7014,12494.1353,3174746.0,6820173362.0,600519.SH
2021-01-27,12494.1353,12494.1353,12173.9717,12196.4828,3712017.0,7809446387.0,600519.SH
2021-01-28,12145.8329,12312.7524,12033.3901,12190.855,3512864.0,7337084455.0,600519.SH
2021-01-29,12265.0853,12536.8501,12203.3487,12349.4455,3370133.0,7166179277.0,600519.SH
2021-02-01,12427.2212,12596.0542,12230.2494,12310.839,2934059.0,6219639111.0,600519.SH
2021-02-02,12327.1595,12539.7202,12270.2065,12511.6377,3458225.0,7372233582.0,600519.SH
2021-02-03,12539.7765,12811.4288,12483.4989,12764.3807,3871415.0,8384049314.0,600519.SH
2021-02-04,12770.5149,13552.7744,12770.5149,13501.2804,6385101.0,14596930188.0,600519.SH
2021-02-05,13524.6356,13747.4951,13333.2915,13457.1024,3972906.0,9253566205.0,600519.SH
2021-02-08,13592.1688,13827.8596,13457.1024,13771.1317,3578573.0,8420758625.0,600519.SH
2021-02-09,13771.1317,14264.2929,13665.3297,14264.2929,3329655.0,7972930045.0,600519.SH
2021-02-10,14425.0782,15079.0246,14425.0782,15077.899,6137057.0,15675929714.0,600519.SH
2021-02-18,15004.6255,15229.1734,14312.5229,14346.2894,6591232.0,16704135269.0,600519.SH
2021-02-19,14234.6346,14490.6979,13843.1672,14284.384,5938546.0,14525164525.0,600519.SH
2021-02-22,14256.2452,14256.2452,13261.3687,13316.5208,7893547.0,18498777223.0,600519.SH
2021-02-23,13187.7575,13636.5719,13186.9696,13423.3358,5745460.0,13316110795.0,600519.SH
2021-02-24,13428.9073,13485.2412,12598.8681,12759.2594,8211578.0,18195034445.0,600519.SH
2021-02-25,12871.8147,12959.0451,12377.7531,12539.7765,5972643.0,12982145755.0,600519.SH
2021-02-26,12258.3882,12708.3281,12074.3603,12386.5887,6652506.0,14097015494.0,600519.SH
2021-03-01,12702.9817,12702.9817,12370.9435,12584.7986,4491626.0,9686945529.0,600519.SH
2021-03-02,12708.6095,12708.6095,11881.3279,12022.022,7076450.0,14796698646.0,600519.SH
2021-03-03,11920.7222,12538.4821,11881.3279,12483.4989,5421546.0,11366685429.0,600519.SH
2021-03-04,12230.2494,12235.8771,11752.452,11881.3279,6508829.0,13297304316.0,600519.SH
2021-03-05,11695.6116,12230.2494,11628.0784,12033.8966,6377920.0,13100315985.0,600519.SH
2021-03-08,12117.4689,12173.9717,11470.501,11470.501,6309959.0,12724245990.0,600519.SH
2021-03-09,11442.3621,11695.6116,11133.848,11341.0061,8226581.0,16100769579.0,600519.SH
2021-03-10,11566.173,11694.88,11509.8953,11526.8349,5117174.0,10136910284.0,600519.SH
2021-03-11,11554.9174,12145.7766,11478.83,11965.7444,5676897.0,11521736384.0,600519.SH
2021-03-12,12089.5552,12128.9496,11706.9234,11841.9335,4032251.0,8181594631.0,600519.SH
2021-03-15,11976.9999,12088.4297,11420.6952,11557.4499,6248487.0,12459955712.0,600519.SH
2021-03-16,11554.5235,11808.1106,11498.6398,11754.7031,3464850.0,6918600717.0,600519.SH
2021-03-17,11695.6116,11976.9999,11560.6015,11866.4706,3137491.0,6352656523.0,600519.SH
2021-03-18,11892.5834,12181.6255,11892.5834,12087.8669,3386488.0,6997030294.0,600519.SH
2021-03-19,11892.5834,11937.6055,11651.8839,11751.8893,3578077.0,7211521835.0,600519.SH
2021-03-22,11696.1744,11842.44,11445.4574,11639.2777,3691407.0,7323391311.0,600519.SH
2021-03-23,11689.3085,11745.1359,11526.7786,11673.1005,2744619.0,5459520703.0,600519.SH
2021-03-24,11588.684,11768.7726,11588.684,11633.7062,2935739.0,5857848160.0,600519.SH
2021-03-25,11526.8349,11633.0308,11396.2144,11532.4064,3157523.0,6216733244.0,600519.SH
2021-03-26,11611.1951,11819.4225,11459.2454,11768.7726,5001642.0,9987629444.0,600519.SH
2021-03-29,11938.7311,12237.8469,11842.7777,11887.5184,5699220.0,11740129413.0,600519.SH
2021-03-30,11920.7222,12179.5995,11893.0336,12011.0479,3262697.0,6717493350.0,600519.SH
2021-03-31,11949.4238,11954.6014,11695.6116,11746.2615,3715441.0,7489086233.0,600519.SH
2021-04-01,11813.7947,11958.9911,11702.4775,11946.0472,2658763.0,5379775870.0,600519.SH
2021-04-02,12010.7665,12624.193,12010.7665,12607.3097,5202757.0,10981752658.0,600519.SH
2021-04-06,12601.6819,12607.1972,12271.3321,12404.879,3274177.0,6967525037.0,600519.SH
2021-04-07,12281.2369,12355.7486,11976.9999,12038.9053,4020097.0,8317799925.0,600519.SH
2021-04-08,11960.2854,12140.2051,11943.2333,12089.5552,2854762.0,5893307514.0,600519.SH
2021-04-09,11931.9778,11999.511,11723.8067,11808.1669,2880886.0,5832453812.0,600519.SH
2021-04-12,11757.517,11864.4446,11648.9011,11745.6424,3194307.0,6409917318.0,600519.SH
2021-04-13,11808.1669,11975.8743,11746.2615,11813.7947,2899215.0,5883787293.0,600519.SH
2021-04-14,11892.5834,11965.7444,11785.6559,11960.1166,2411465.0,4908790023.0,600519.SH
2021-04-15,11869.5096,11959.5538,11639.3339,11783.4047,3436621.0,6903769490.0,600519.SH
2021-04-16,11836.756,12078.2997,11763.1448,12005.0262,3029370.0,6183895054.0,600519.SH
2021-04-19,12005.1387,12249.1587,11881.3279,12190.855,3175391.0,6610577917.0,600519.SH
2021-04-20,12095.7458,12421.5934,12089.5552,12229.1238,2829037.0,5949669953.0,600519.SH
2021-04-21,12123.3218,12246.0071,12061.9792,12145.8329,2614975.0,5446145952.0,600519.SH
2021-04-22,12201.5478,12252.7604,11985.4416,12007.9526,2685002.0,5539295656.0,600519.SH
2021-04-23,12010.5977,12370.2682,11991.0693,12308.7004,3346277.0,7002695288.0,600519.SH
2021-04-26,12438.4767,12455.36,12109.8152,12133.5644,3404511.0,7160836874.0,600519.SH
2021-04-27,12185.6775,12231.6563,12061.9229,12227.0978,2210785.0,4607779002.0,600519.SH
2021-04-28,11751.8893,11962.9305,11712.4949,11931.9778,8134295.0,16463574637.0,600519.SH
2021-04-29,11960.3417,11976.6622,11774.4003,11843.9595,4128378.0,8370431228.0,600519.SH
2021-04-30,11841.9335,11898.2112,11716.4906,11733.7679,3840137.0,7723747038.0,600519.SH
2021-05-06,11695.6116,11734.1055,11431.1066,11464.8732,5354614.0,10584968907.0,600519.SH
2021-05-07,11498.6398,11515.4105,11138.4627,11149.7183,5249339.0,10101703446.0,600519.SH
2021-05-10,11132.835,11183.4849,10941.5472,11014.8207,4600318.0,8677753608.0,600519.SH
2021-05-11,10997.7686,11504.2675,10982.5736,11464.8732,4249412.0,8209251914.0,600519.SH
2021-05-12,11409.0457,11689.9838,11408.5955,11605.5673,3269887.0,6473203286.0,600519.SH
2021-05-13,11502.8606,11611.4765,11431.1066,11535.2203,2507751.0,4934954969.0,600519.SH
2021-05-14,11594.3118,11867.2585,11560.5452,11751.0451,3561129.0,7150302044.0,600519.SH
2021-05-17,11836.8685,12175.0973,11836.8685,12021.7969,4452400.0,9178509985.0,600519.SH
2021-05-18,12061.4164,12128.9496,11949.1987,12029.3944,1750428.0,3595891742.0,600519.SH
2021-05-19,12027.6498,12116.6248,11920.7222,11971.3721,2240972.0,4606452358.0,600519.SH
2021-05-20,12112.0663,12112.6291,11950.8871,12026.9745,2185716.0,4500663211.0,600519.SH
2021-05-21,12005.589,12145.1576,11903.9515,11932.5406,2424823.0,4976601458.0,600519.SH
2021-05-24,11982.6277,12146.1706,11870.0723,12096.815,3254808.0,6705879397.0,600519.SH
2021-05-25,12173.9717,12821.7276,12173.9717,12790.2121,6775695.0,14636718750.0,600519.SH
2021-05-26,12866.0744,13056.4054,12782.2207,12933.7201,3860420.0,8558038174.0,600519.SH
2021-05-27,12883.1828,13496.4968,12827.3554,13074.4143,4537338.0,10240368980.0,600519.SH
2021-05-28,13051.7344,13102.5531,12852.1738,12989.9978,2580731.0,5741331986.0,600519.SH
2021-05-31,12908.3952,12924.4343,12663.5874,12922.4646,3173900.0,6960864260.0,600519.SH
2021-06-01,12944.9757,13096.644,12854.9314,13051.6218,3061634.0,6832594466.0,600519.SH
2021-06-02,13102.5531,13181.3419,12867.2,12944.9757,2286277.0,5088908384.0,600519.SH
2021-06-03,12933.7201,13160.7442,12877.8927,12946.2138,2345031.0,5242453019.0,600519.SH
2021-06-04,12905.5813,13316.4082,12900.1787,13110.9948,3142219.0,7058715115.0,600519.SH
2021-06-07,13186.9696,13265.7584,13046.3317,13220.7362,2546627.0,5756592694.0,600519.SH
2021-06-08,13158.8308,13271.3298,12602.5261,12770.5149,4731363.0,10479943156.0,600519.SH
2021-06-09,12776.1427,12899.9536,12596.6732,12818.3509,2550235.0,5591378817.0,600519.SH
2021-06-10,12793.026,13110.2632,12765.3374,13037.7213,2556663.0,5707338424.0,600519.SH
2021-06-11,13040.6477,13068.7865,12701.9125,12701.9125,3397066.0,7513797036.0,600519.SH
2021-06-15,12793.5888,12871.1394,12528.521,12781.7705,2936130.0,6412821567.0,600519.SH
2021-06-16,12776.1427,12793.026,12528.521,12584.7986,2759315.0,5978924528.0,600519.SH
2021-06-17,12571.5734,12753.6316,12508.0359,12578.6644,2106753.0,4558702643.0,600519.SH
2021-06-18,12522.8932,12576.357,12061.4164,12207.4006,5402821.0,11329180836.0,600519.SH
2021-06-21,12173.9717,12256.6436,11976.9999,12155.0624,3548826.0,7367986471.0,600519.SH
2021-06-22,12213.3661,12247.1327,11998.8919,12117.5252,3322818.0,6900830616.0,600519.SH
2021-06-23,12145.8329,12162.7162,11887.7998,11909.4667,3707901.0,7596735684.0,600519.SH
2021-06-24,11920.7785,12145.8329,11813.7947,12078.5811,3147370.0,6452557073.0,600519.SH
2021-06-25,12085.3513,12417.6146,12043.9309,12321.9426,3587543.0,7459680452.0,600519.SH
2021-06-28,12366.9647,12468.2645,12215.015,12383.9043,2745242.0,5750241214.0,600519.SH
2021-06-29,12411.9868,12451.3812,12091.2042,12153.1096,3303063.0,6835635172.0,600519.SH
2021-06-30,12169.9929,12220.6428,12064.7537,12123.2824,2191566.0,4511484217.0,600519.SH
2021-07-01,12141.6852,12423.2424,11982.0255,12395.1035,3370124.0,6970730878.0,600519.SH
2021-07-02,12226.2705,12226.2705,11868.9074,11877.349,4627531.0,9388640194.0,600519.SH
2021-07-05,11804.1881,11916.0681,11719.7716,11770.4215,3442095.0,6872797768.0,600519.SH
2021-07-06,11776.0493,11882.9768,11579.1337,11876.7863,3528251.0,7015883091.0,600519.SH
2021-07-07,11860.4657,11966.718,11798.6166,11826.6992,2812212.0,5658210730.0,600519.SH
2021-07-08,11804.7509,11826.6992,11624.0996,11719.7716,3551669.0,7027713780.0,600519.SH
2021-07-09,11604.5149,11724.8929,11494.661,11647.2297,3090790.0,6072340993.0,600519.SH
2021-07-12,11666.5892,11797.3222,11469.336,11584.7052,3901024.0,7658786228.0,600519.SH
2021-07-13,11624.0996,11835.1408,11607.2163,11707.9533,2992471.0,5946287259.0,600519.SH
2021-07-14,11657.8662,11660.6801,11494.661,11590.333,3077069.0,6011814880.0,600519.SH
2021-07-15,11551.0512,11877.349,11526.1764,11792.8763,4219005.0,8391506229.0,600519.SH
2021-07-16,11691.6328,11785.0537,11522.7998,11556.0036,3540764.0,6958296859.0,600519.SH
2021-07-19,11555.9473,11725.3994,11472.1499,11663.4939,3005234.0,5900348210.0,600519.SH
2021-07-20,11663.4939,11741.8887,11587.0126,11691.6328,2347521.0,4639300956.0,600519.SH
2021-07-21,11742.2827,11837.9547,11590.3893,11629.7273,2978013.0,5902656221.0,600519.SH
2021-07-22,11579.0774,11657.3034,11460.6692,11466.5784,3909047.0,7619076855.0,600519.SH
2021-07-23,11454.2536,11454.2536,11213.7791,11241.4115,4758547.0,9057761876.0,600519.SH
2021-07-26,11123.2284,11123.2284,10566.0795,10701.765,9861948.0,17894360803.0,600519.SH
2021-07-27,10695.5182,10734.9125,10132.7415,10188.4002,8657699.0,15230805685.0,600519.SH
2021-07-28,10132.7415,10612.2272,10015.2338,10503.6113,8536884.0,14792470948.0,600519.SH
2021-07-29,10734.9688,10808.0735,10309.1157,10396.0647,6386385.0,11299569857.0,600519.SH
2021-07-30,10256.5524,10256.5524,9878.1414,9997.6189,7773589.0,13109725032.0,600519.SH
2021-08-02,9913.2587,10430.9006,9669.6889,10425.3854,9740065.0,16515259089.0,600519.SH
2021-08-03,10284.6912,10504.1178,10052.8273,10393.3071,5437475.0,9447823227.0,600519.SH
2021-08-04,10307.54,10453.5242,10217.158,10250.9246,3817549.0,6614683378.0,600519.SH
2021-08-05,10075.7885,10369.1077,9982.8179,10110.2305,4805969.0,8177369851.0,600519.SH
2021-08-06,10053.9528,10082.1479,9815.3355,9952.653,4568610.0,7616109615.0,600519.SH
2021-08-09,9840.0977,10166.5081,9834.4699,10080.9661,4769775.0,8028155490.0,600519.SH
2021-08-10,10115.8582,10694.8428,9975.1641,10673.0071,8328505.0,14549496463.0,600519.SH
2021-08-11,10566.1358,10594.2746,10397.3028,10400.0604,3866259.0,6821292779.0,600519.SH
2021-08-12,10295.9468,10391.6188,10038.1388,10059.5806,4755097.0,8130692626.0,600519.SH
2021-08-13,10059.5806,10189.0192,9997.6752,10116.0834,3790452.0,6418412544.0,600519.SH
2021-08-16,10093.3472,10192.3959,10031.892,10111.356,2805697.0,4773049794.0,600519.SH
2021-08-17,10115.8582,10115.8582,9715.6115,9750.0534,6120077.0,10140291982.0,600519.SH
2021-08-18,9691.8623,9795.0193,9553.0816,9665.637,5997026.0,9701556273.0,600519.SH
2021-08-19,9678.1306,9796.2011,9553.0816,9665.4681,4129195.0,6682355678.0,600519.SH
2021-08-20,9300.7889,9539.2936,9133.8131,9260.4378,11454454.0,17825198286.0,600519.SH
2021-08-23,9203.4848,9547.4539,9197.238,9385.3179,7159720.0,11218832883.0,600519.SH
2021-08-24,9412.3875,9792.5431,9360.4432,9694.7888,7259447.0,11703813764.0,600519.SH
2021-08-25,9821.1884,10008.1991,9795.0756,9918.999,5423890.0,9037626406.0,600519.SH
2021-08-26,9918.8302,9918.8302,9523.367,9524.9428,5402037.0,8722233201.0,600519.SH
2021-08-27,9491.1762,9693.7758,9463.6001,9530.7394,3609545.0,5791426192.0,600519.SH
2021-08-30,9581.2205,9626.2426,9248.9009,9474.2929,5158770.0,8098190333.0,600519.SH
2021-08-31,9495.6784,9645.0956,9300.3949,9316.7155,4367709.0,6888080927.0,600519.SH
2021-09-01,9322.3432,9749.9972,9165.3285,9676.9488,7731610.0,12370243405.0,600519.SH
2021-09-02,9738.7416,9795.0756,9558.0903,9658.8836,4283679.0,6939707277.0,600519.SH
2021-09-03,9609.4718,9889.5658,9451.7818,9880.7302,5283518.0,8631165696.0,600519.SH
2021-09-06,9828.8422,10161.7808,9700.2477,9950.7959,5533806.0,9306030671.0,600519.SH
2021-09-07,9896.5442,10028.5153,9840.0977,9941.3975,3121122.0,5204051657.0,600519.SH
2021-09-08,9890.7476,9953.666,9711.1093,9739.3607,3306367.0,5428265636.0,600519.SH
2021-09-09,9699.4036,9806.3311,9688.2043,9744.8759,1995013.0,3257785762.0,600519.SH
2021-09-10,9744.8759,9940.2719,9738.7979,9905.2672,3338811.0,5528034093.0,600519.SH
2021-09-13,9918.8864,10025.814,9778.7551,9856.981,2772002.0,4605031711.0,600519.SH
2021-09-14,9885.1198,10020.1862,9851.3532,9873.8643,3376061.0,5638962654.0,600519.SH
2021-09-15,9834.4699,9890.7476,9609.3593,9641.6627,4157005.0,6781755393.0,600519.SH
2021-09-16,9569.9649,9800.7033,9468.6651,9767.3307,4596802.0,7458455126.0,600519.SH
2021-09-17,9665.637,10147.3737,9665.637,10037.0695,5513025.0,9242101552.0,600519.SH
2021-09-22,9884.1631,10048.3251,9750.0534,9765.1921,3174300.0,5227723003.0,600519.SH
2021-09-23,9766.9367,9867.5612,9694.226,9750.0534,3034181.0,4964210091.0,600519.SH
2021-09-24,9710.6591,10228.301,9710.6591,10082.0916,6953660.0,11756596091.0,600519.SH
2021-09-27,10397.2466,11035.4352,10397.2466,10988.162,12686892.0,23270689702.0,600519.SH
2021-09-28,10948.7676,11016.3008,10650.496,10802.7834,4922105.0,8973408813.0,600519.SH
2021-09-29,10729.2848,10931.9406,10599.2834,10791.1902,4329065.0,7870151768.0,600519.SH
2021-09-30,10780.9476,10961.2613,10697.7693,10847.4678,4053929.0,7411735790.0,600519.SH
2021-10-08,10804.8094,11117.6006,10719.3236,10901.4944,4745196.0,8780381118.0,600519.SH
2021-10-11,10900.9879,11184.571,10853.1519,11056.3705,3767557.0,7040475327.0,600519.SH
2021-10-12,11050.0674,11111.9729,10917.3647,11078.15,3060642.0,5688160837.0,600519.SH
2021-10-13,11072.5785,11522.5184,11027.5564,11409.6817,5014261.0,9625769127.0,600519.SH
2021-10-14,11404.2227,11476.6521,11218.9004,11303.3169,2662255.0,5097602232.0,600519.SH
2021-10-15,11185.6966,11410.1882,11185.6966,11336.9147,2856078.0,5452953879.0,600519.SH
2021-10-18,11173.8783,11173.8783,10605.4739,10678.6349,6965202.0,12651498607.0,600519.SH
2021-10-19,10678.6349,10896.9922,10677.9595,10747.1811,4031456.0,7330114082.0,600519.SH
2021-10-20,10864.3511,10958.8976,10712.4577,10909.3733,2866339.0,5246404615.0,600519.SH
2021-10-21,10909.936,11016.3008,10841.8401,10926.2566,2301870.0,4238584294.0,600519.SH
2021-10-22,10988.162,11359.6508,10982.5342,11247.0392,3596260.0,6794850056.0,600519.SH
2021-10-25,11128.8562,11157.0513,11005.0453,11089.6306,3246133.0,6076219948.0,600519.SH
2021-10-26,11038.9807,11123.1721,10926.2566,11022.21,2113026.0,3934223714.0,600519.SH
2021-10-27,10972.967,11006.7336,10679.1976,10785.5624,3464729.0,6302270905.0,600519.SH
2021-10-28,10820.4546,10925.0185,10689.8904,10822.0866,2949093.0,5383196101.0,600519.SH
2021-10-29,10819.329,10948.7676,10751.7958,10825.407,2877586.0,5266898950.0,600519.SH
2021-11-01,10566.0795,10826.6451,10453.5242,10695.5182,4168998.0,7486936394.0,600519.SH
2021-11-02,10660.0632,10927.4947,10611.1017,10704.7477,3250024.0,5875341369.0,600519.SH
2021-11-03,10678.6349,10734.8,10460.2213,10481.663,2782931.0,4958314535.0,600519.SH
2021-11-04,10554.4863,10768.6791,10506.5378,10702.2715,3113043.0,5592211731.0,600519.SH
2021-11-05,10702.3278,10931.8281,10702.3278,10790.8525,2707723.0,4956331383.0,600519.SH
2021-11-08,10791.1902,10851.9701,10690.1718,10791.753,1770572.0,3220439334.0,600519.SH
2021-11-09,10791.0776,10835.4807,10577.3351,10622.4135,2735192.0,4915170028.0,600519.SH
2021-11-10,10622.4135,10650.496,10312.8301,10419.7013,3534877.0,6204803250.0,600519.SH
2021-11-11,10413.7359,10507.5508,10349.4105,10507.5508,2265187.0,3987243285.0,600519.SH
2021-11-12,10554.824,10594.4998,10491.0051,10531.0748,1760663.0,3124400972.0,600519.SH
2021-11-15,10530.5121,10588.5906,10397.2466,10459.9399,2494735.0,4410975373.0,600519.SH
2021-11-16,10498.5463,10779.9346,10481.663,10723.657,3352624.0,6033536262.0,600519.SH
2021-11-17,10706.7737,10794.0041,10622.4135,10650.496,2450546.0,4411450908.0,600519.SH
2021-11-18,10572.9454,10718.0292,10509.8019,10633.6127,1952089.0,3485674964.0,600519.SH
2021-11-19,10645.9375,10954.3954,10612.2272,10838.5197,3115559.0,5699883800.0,600519.SH
2021-11-22,10954.3954,11292.0614,10948.7676,10984.0537,4257268.0,7994018410.0,600519.SH
2021-11-23,10971.2787,11337.0835,10971.2787,11221.3203,4578220.0,8676297616.0,600519.SH
2021-11-24,11241.4115,11612.844,11224.5282,11472.1499,5451235.0,10555736753.0,600519.SH
2021-11-25,11539.6831,11726.5249,11501.6957,11556.7352,3975288.0,7803035266.0,600519.SH
2021-11-26,11606.2596,11618.4718,11382.1056,11472.2062,3265557.0,6337346211.0,600519.SH
2021-11-29,11579.0774,11747.9104,11528.8778,11719.7716,4239934.0,8372476083.0,600519.SH
2021-11-30,11722.0227,11747.3476,11396.175,11414.5778,3692487.0,7192172533.0,600519.SH
2021-12-01,11522.7998,11578.7961,11348.4516,11427.0715,2625440.0,5071457098.0,600519.SH
2021-12-02,11466.5221,11478.6218,11351.7157,11432.7555,2042182.0,3939731543.0,600519.SH
2021-12-03,11421.5,11740.1441,11416.1536,11645.9353,3581839.0,7045848180.0,600519.SH
2021-12-06,11708.5161,11747.9104,11522.7998,11620.1601,3106388.0,6122543819.0,600519.SH
2021-12-07,11695.7973,11735.9233,11504.397,11555.8348,3697989.0,7286659622.0,600519.SH
2021-12-08,11606.5409,12057.4376,11522.7998,12046.182,6104807.0,12285101988.0,600519.SH
2021-12-09,12113.3776,12462.1865,12057.4376,12291.2712,6423918.0,13404724467.0,600519.SH
2021-12-10,12141.8541,12343.2155,12119.343,12310.687,4314822.0,8944582265.0,600519.SH
2021-12-13,12670.8641,12817.186,12468.2645,12469.39,6580656.0,14139012290.0,600519.SH
2021-12-14,12469.39,12749.09,12366.9647,12648.353,4044941.0,8673733691.0,600519.SH
2021-12-15,12604.175,12732.4881,12507.7714,12563.9365,3007827.0,6444715086.0,600519.SH
2021-12-16,12451.3812,12614.8678,12289.4704,12473.836,3721136.0,7865499278.0,600519.SH
2021-12-17,12369.7786,12411.9868,12006.7877,12089.5158,4840318.0,9988869785.0,600519.SH
2021-12-20,12089.5158,12286.2625,12034.9265,12136.0012,3225769.0,6654596508.0,600519.SH
2021-12-21,12057.4376,12193.2356,11876.3923,12019.1688,2628589.0,5354186590.0,600519.SH
2021-12-22,12029.2987,12158.7374,12029.2987,12074.3209,1743079.0,3570928372.0,600519.SH
2021-12-23,12102.4597,12479.52,11944.8822,12479.52,3909854.0,8126298013.0,600519.SH
2021-12-24,12642.0499,13025.1882,12642.0499,12896.4812,5612959.0,12295953400.0,600519.SH
2021-12-27,12749.6528,12749.6528,12434.4979,12546.0402,3755590.0,8020677686.0,600519.SH
2021-12-28,12552.681,12679.3057,12460.3856,12581.8328,2765070.0,5901940633.0,600519.SH
2021-12-29,12648.353,12672.271,12034.9265,12034.9265,5404902.0,11195625154.0,600519.SH
2021-12-30,12034.9265,12304.9467,11961.7655,12226.2705,3526136.0,7272866657.0,600519.SH
2021-12-31,12198.1317,12214.9025,11961.7655,12085.5764,2966491.0,6061415344.0,600519.SH
2022-01-04,12113.7152,12192.2226,11882.9768,12092.4985,3384262.0,6913653122.0,600519.SH
2022-01-05,12057.4376,12169.9929,11905.4879,11939.2545,2839551.0,5774992117.0,600519.SH
2022-01-06,11928.0552,12006.7877,11458.1367,11704.1264,5179475.0,10226933847.0,600519.SH
2022-01-07,11663.4939,11741.6073,11462.6952,11477.7777,2981669.0,5831695311.0,600519.SH
2022-01-10,11399.0452,11674.7495,11340.1788,11612.844,2962670.0,5792738145.0,600519.SH
2022-01-11,11511.5442,11607.2163,11416.8289,11469.6174,2227664.0,4332180604.0,600519.SH
2022-01-12,11511.5442,11684.8794,11511.5442,11618.4718,2747410.0,5384359628.0,600519.SH
2022-01-13,11606.2033,11624.0433,11047.5912,11114.1677,5674735.0,10781720544.0,600519.SH
2022-01-14,11114.1677,11202.0171,11033.1841,11055.6952,2932164.0,5506186026.0,600519.SH
2022-01-17,11061.323,11119.2889,10877.5201,11025.3615,2735382.0,5074077665.0,600519.SH
2022-01-18,11025.7555,11291.2172,10971.2787,11197.9088,3121577.0,5906705861.0,600519.SH
2022-01-19,11348.339,11348.339,11178.8307,11308.9447,2637094.0,5026993463.0,600519.SH
2022-01-20,11331.4557,11691.5765,11331.4557,11632.6538,3401391.0,6665294954.0,600519.SH
2022-01-21,11579.0774,11767.5513,11528.4838,11719.7153,3081258.0,6091427695.0,600519.SH
2022-01-24,11550.9386,11714.1438,11418.3484,11523.9253,2398580.0,4685441775.0,600519.SH
2022-01-25,11483.4054,11612.844,11415.8722,11483.4054,2551012.0,4971078498.0,600519.SH
2022-01-26,11478.0028,11629.7273,11348.339,11550.9386,2390513.0,4655706528.0,600519.SH
2022-01-27,11809.8721,11865.0805,11534.0553,11607.2163,4266516.0,8450329058.0,600519.SH
2022-01-28,11550.9386,11624.0996,11128.9124,11168.2505,4102011.0,7889492895.0,600519.SH
2022-02-07,11246.983,11317.724,10960.0232,11061.0978,3515042.0,6601799703.0,600519.SH
2022-02-08,11066.2754,11088.7302,10622.3572,10898.1177,4171306.0,7585130459.0,600519.SH
2022-02-09,10898.6242,11286.4336,10830.4157,11218.7879,3388479.0,6346699784.0,600519.SH
2022-02-10,11241.4115,11274.6153,11001.6124,11089.4618,2303183.0,4315456868.0,600519.SH
2022-02-11,10999.4175,11245.8574,10909.3733,10959.8543,3374649.0,6296909575.0,600519.SH
2022-02-14,10903.7455,11111.9729,10888.6068,11065.0936,2019587.0,3762313349.0,600519.SH
2022-02-15,11065.8252,11303.3169,11010.6731,11188.623,2710586.0,5131842112.0,600519.SH
2022-02-16,11241.4115,11280.8058,11173.8783,11199.4846,1458685.0,2769034316.0,600519.SH
2022-02-17,11244.8444,11306.0182,11134.4839,11168.1942,1821366.0,3450265032.0,600519.SH
2022-02-18,11115.5183,11286.321,11048.154,11280.8058,1938549.0,3670339742.0,600519.SH
2022-02-21,11241.4115,11280.2431,11066.6693,11111.9166,2081573.0,3920377358.0,600519.SH
2022-02-22,11016.3571,11021.9286,10678.7474,10722.9254,5229881.0,9473992638.0,600519.SH
2022-02-23,10742.8477,10869.9789,10679.0851,10830.6408,2811161.0,5118197820.0,600519.SH
2022-02-24,10723.657,10757.3673,10386.5538,10476.6543,6535925.0,11578557075.0,600519.SH
2022-02-25,10537.9407,10725.2328,10537.9407,10673.3448,3897913.0,6999524161.0,600519.SH
2022-02-28,10605.8116,10661.7516,10492.9186,10624.6083,2892303.0,5158148387.0,600519.SH
2022-03-01,10689.8904,11036.392,10689.8904,11007.7466,4737930.0,8721229267.0,600519.SH
2022-03-02,10903.7455,10965.5947,10819.329,10931.209,2007448.0,3690612341.0,600519.SH
2022-03-03,10936.3865,10961.4301,10644.8683,10678.6349,3154693.0,5703580558.0,600519.SH
2022-03-04,10521.0574,10638.6214,10425.9482,10568.8934,3104703.0,5509157654.0,600519.SH
2022-03-07,10454.6498,10498.5463,10137.2438,10155.2526,4915581.0,8487507372.0,600519.SH
2022-03-08,10453.4117,10603.5605,10295.9468,10415.2554,5721546.0,10087484369.0,600519.SH
2022-03-09,10476.5981,10706.7737,10234.6604,10561.4648,5643442.0,10018590069.0,600519.SH
2022-03-10,10723.657,10796.8179,10627.985,10647.2882,3646178.0,6587438866.0,600519.SH
2022-03-11,10487.2908,10549.1962,10217.6083,10504.2304,4772677.0,8335618341.0,600519.SH
2022-03-14,10284.6912,10397.2466,10115.8582,10115.8582,4900661.0,8416841920.0,600519.SH
2022-03-15,9834.4699,10031.4418,9569.9649,9569.9649,8905587.0,14567142622.0,600519.SH
2022-03-16,9744.4257,10025.2512,9513.6873,9974.8827,7759281.0,12753010156.0,600519.SH
2022-03-17,10228.4136,10425.3854,10181.478,10229.2577,6835196.0,11843531813.0,600519.SH
2022-03-18,10217.158,10369.1077,10072.4119,10159.6985,3834868.0,6564085394.0,600519.SH
2022-03-21,10250.9246,10260.2104,10087.7757,10140.0576,2787716.0,4763083283.0,600519.SH
2022-03-22,10250.2493,10250.2493,10038.9267,10087.7194,2105404.0,3578291198.0,600519.SH
2022-03-23,10143.9971,10509.8019,10098.9749,10409.5714,5806739.0,10096341448.0,600519.SH
2022-03-24,10329.7134,10340.9689,10213.5,10233.6474,2581532.0,4457504430.0,600519.SH
2022-03-25,10183.3914,10307.2023,10031.4418,10059.5806,2970866.0,5054831352.0,600519.SH
2022-03-28,9693.7758,9917.7609,9575.5927,9895.2498,5754164.0,9392008017.0,600519.SH
2022-03-29,9899.1892,10068.0222,9899.1892,9930.142,2593498.0,4343365464.0,600519.SH
2022-03-30,10104.6027,10285.254,10087.7194,10285.254,4243343.0,7276379091.0,600519.SH
2022-03-31,10228.4136,10333.09,10165.3826,10222.7858,2517386.0,4338022922.0,600519.SH
2022-04-01,10284.3536,10639.2405,10237.9245,10566.1358,4486191.0,7936957252.0,600519.SH
2022-04-06,10414.1299,10615.2099,10414.1299,10481.663,2781977.0,4910792426.0,600519.SH
2022-04-07,10442.2687,10594.2184,10397.8093,10481.663,2019571.0,3568182341.0,600519.SH
2022-04-08,10498.5463,10615.0411,10490.3298,10588.5906,2294132.0,4081618543.0,600519.SH
2022-04-11,10509.8019,10509.8019,10149.7937,10228.4136,4386359.0,7568782591.0,600519.SH
2022-04-12,10279.0635,10610.9328,10160.8804,10577.3351,4162956.0,7284546261.0,600519.SH
2022-04-13,10492.9186,10650.496,10403.3245,10504.1741,3114766.0,5534915753.0,600519.SH
2022-04-14,10611.1017,10880.6717,10567.2051,10729.2848,3764986.0,6834657201.0,600519.SH
2022-04-15,10691.0159,10779.9346,10655.5047,10712.3452,2104113.0,3800797635.0,600519.SH
2022-04-18,10572.4389,10667.3793,10498.5463,10626.972,1979315.0,3525102977.0,600519.SH
2022-04-19,10678.6349,10864.2949,10540.7546,10624.0455,2420476.0,4359851980.0,600519.SH
2022-04-20,10688.1458,10791.1902,10502.3732,10661.7516,2415572.0,4342043328.0,600519.SH
2022-04-21,10623.4828,10712.4015,10509.8019,10565.967,2895261.0,5160788004.0,600519.SH
2022-04-22,10470.4075,10610.4263,10454.5372,10526.6852,2789975.0,4955360846.0,600519.SH
2022-04-25,10397.2466,10546.3824,10127.1138,10160.8804,5365802.0,9352986852.0,600519.SH
2022-04-26,10134.5987,10391.5062,10115.8582,10298.6481,4456396.0,7692845226.0,600519.SH
2022-04-27,10493.5939,10734.9125,10493.5939,10650.0458,5740244.0,10289893014.0,600519.SH
2022-04-28,10639.2405,10931.8843,10602.66,10875.6067,4401006.0,8038681950.0,600519.SH
2022-04-29,10881.2344,10954.3954,10740.4277,10838.3509,3488527.0,6384066537.0,600519.SH
2022-05-05,10847.4678,11072.5785,10841.7275,10886.8622,3366094.0,6235017580.0,600519.SH
2022-05-06,10762.9951,10785.5624,10571.7073,10639.2405,2859618.0,5138176680.0,600519.SH
2022-05-09,10566.0795,10566.0795,10329.7134,10408.5021,3035182.0,5324616273.0,600519.SH
2022-05-10,10228.4136,10593.9933,10144.0534,10488.3601,4011919.0,7018451097.0,600519.SH
2022-05-11,10425.3854,10613.803,10408.5021,10498.5463,3031267.0,5372950033.0,600519.SH
2022-05-12,10414.1299,10554.824,10397.2466,10468.5503,2203823.0,3888480084.0,600519.SH
2022-05-13,10566.0795,10667.0417,10487.2908,10556.1747,2073052.0,3690141231.0,600519.SH
2022-05-16,10661.7516,10661.7516,10355.995,10442.2687,2776531.0,4881208653.0,600519.SH
2022-05-17,10509.1265,10537.9407,10425.3854,10498.5463,2014474.0,3557048801.0,600519.SH
2022-05-18,10530.3995,10531.8627,10357.9647,10459.152,2485044.0,4362486907.0,600519.SH
2022-05-19,10369.1077,10436.6409,10335.3411,10431.0131,1977626.0,3459059182.0,600519.SH
2022-05-20,10453.4679,10685.1068,10408.5021,10678.6911,4194960.0,7493460272.0,600519.SH
2022-05-23,10678.6349,10700.5269,10521.0574,10571.7073,2215713.0,3950856594.0,600519.SH
2022-05-24,10599.8461,10605.4739,10428.1993,10453.5242,2734222.0,4824599922.0,600519.SH
2022-05-25,10483.1825,10521.0574,10380.3633,10428.2555,2238869.0,3929477102.0,600519.SH
2022-05-26,10459.152,10459.152,10284.6912,10356.7266,2805344.0,4888109192.0,600519.SH
2022-05-27,10453.4679,10566.0795,10414.1861,10426.2858,2511958.0,4436904896.0,600519.SH
2022-05-30,10487.2908,10625.4525,10487.2908,10557.1314,3446569.0,6135631304.0,600519.SH
2022-05-31,10536.6463,10762.4886,10492.806,10701.3148,4075082.0,7329201058.0,600519.SH
2022-06-01,10689.8904,10761.8132,10560.4518,10612.5086,2176001.0,3897858999.0,600519.SH
2022-06-02,10610.9328,10654.9982,10566.0795,10599.8461,1691473.0,3019718032.0,600519.SH
2022-06-06,10622.3572,10650.496,10442.2687,10611.1017,3674126.0,6535329352.0,600519.SH
2022-06-07,10589.3785,10819.329,10511.5465,10779.3719,3504859.0,6356031009.0,600519.SH
2022-06-08,10819.329,11140.1117,10819.329,11047.8163,4435381.0,8236953846.0,600519.SH
2022-06-09,11083.834,11175.848,10954.3954,10976.9065,2632902.0,4897066622.0,600519.SH
2022-06-10,10931.9406,11280.8058,10875.6067,11244.7881,4734462.0,8882462598.0,600519.SH
2022-06-13,11185.1338,11196.3893,10949.2179,10993.7898,3675518.0,6847248995.0,600519.SH
2022-06-14,10869.9789,11103.081,10858.7234,11078.2063,2941623.0,5467949348.0,600519.SH
2022-06-15,11072.5785,11269.5503,11033.1278,11101.2801,3366362.0,6354869100.0,600519.SH
2022-06-16,11210.9653,11284.3513,11102.5745,11111.9729,2688670.0,5087605391.0,600519.SH
2022-06-17,11118.1071,11534.0553,11118.1071,11528.4275,5054161.0,9749530916.0,600519.SH
2022-06-20,11522.7998,11635.3551,11410.2445,11477.8902,3497478.0,6802792459.0,600519.SH
2022-06-21,11517.172,11618.4155,11398.9889,11498.8255,2371702.0,4617805127.0,600519.SH
2022-06-22,11550.9386,11567.8219,11421.5,11444.0111,1964665.0,3813775294.0,600519.SH
2022-06-23,11481.7171,11607.4414,11466.5221,11562.7569,2684352.0,5239860443.0,600519.SH
2022-06-24,11635.3551,11916.7434,11607.2163,11854.8943,3963465.0,7921199792.0,600519.SH
2022-06-27,11916.4057,12085.2387,11805.8764,11863.561,4011517.0,8124448900.0,600519.SH
2022-06-28,11915.2802,12034.9265,11809.8159,12006.7877,2524571.0,5112298787.0,600519.SH
2022-06-29,11961.7655,12040.5543,11866.1498,11973.0211,3036012.0,6142508408.0,600519.SH
2022-06-30,11926.1699,12359.5079,11926.1136,12179.4194,3898243.0,7984019438.0,600519.SH
2022-07-01,12235.6971,12307.5636,12011.7682,12089.6565,2159645.0,4385555299.0,600519.SH
2022-07-04,12038.7815,12062.8684,11931.854,12027.4697,2507589.0,5042804258.0,600519.SH
2022-07-05,12068.4398,12232.6018,11982.4476,12111.9425,2632940.0,5345189852.0,600519.SH
2022-07-06,12106.2584,12145.6528,11847.3812,11937.4255,3275166.0,6566374982.0,600519.SH
2022-07-07,11954.3087,11978.7895,11841.8097,11869.8923,2093177.0,4179088240.0,600519.SH
2022-07-08,11954.3087,12009.9674,11904.5593,11920.5422,1564389.0,3134903462.0,600519.SH
2022-07-11,11871.0178,11896.7367,11647.5955,11721.3192,2394921.0,4709248310.0,600519.SH
2022-07-12,11729.1981,11773.0947,11532.564,11635.8335,2344686.0,4562731381.0,600519.SH
2022-07-13,11616.6428,11768.5925,11592.2746,11694.8125,1985377.0,3893406034.0,600519.SH
2022-07-14,11701.0593,11795.6057,11594.1317,11661.6649,2052724.0,4014985518.0,600519.SH
2022-07-15,11617.2618,11924.369,11613.8852,11641.9677,3341623.0,6588730699.0,600519.SH
2022-07-18,11658.0631,11695.4315,11487.2042,11654.1237,2422072.0,4701936868.0,600519.SH
2022-07-19,11616.6428,11654.0674,11509.7152,11605.95,2195603.0,4250852886.0,600519.SH
2022-07-20,11694.0246,11757.3369,11616.6428,11645.3444,1870461.0,3659970961.0,600519.SH
2022-07-21,11605.95,11677.9854,11557.6075,11582.8762,1406137.0,2735503093.0,600519.SH
2022-07-22,11640.392,11712.3148,11560.3651,11627.8983,2511357.0,4894378605.0,600519.SH
2022-07-25,11642.024,11657.7255,11537.8541,11614.6731,1691244.0,3285451347.0,600519.SH
2022-07-26,11661.6086,11729.0293,11628.0109,11645.9634,2068510.0,4041100077.0,600519.SH
2022-07-27,11599.7595,11633.5261,11459.0653,11473.6975,2148987.0,4149807166.0,600519.SH
2022-07-28,11482.1392,11577.2484,11322.0855,11352.1378,3486986.0,6669448409.0,600519.SH
2022-07-29,11335.8173,11470.2646,11240.1452,11354.614,3703236.0,7028415881.0,600519.SH
2022-08-01,11307.1719,11408.4154,11257.4787,11308.804,2103741.0,3988198590.0,600519.SH
2022-08-02,11250.838,11295.7476,11127.0834,11250.7254,2822088.0,5284516568.0,600519.SH
2022-08-03,11307.0594,11385.9044,11233.9547,11278.9768,2459842.0,4642442196.0,600519.SH
2022-08-04,11307.1156,11493.3947,11251.5696,11453.4938,3035714.0,5797110733.0,600519.SH
2022-08-05,11519.8452,11560.3651,11390.9694,11498.2346,2008584.0,3857406327.0,600519.SH
2022-08-08,11448.654,11548.4343,11405.6578,11428.2814,1679901.0,3220702892.0,600519.SH
2022-08-09,11428.2814,11470.2646,11391.5321,11419.671,1387461.0,2651800008.0,600519.SH
2022-08-10,11419.5584,11464.6931,11164.0578,11228.3269,2792662.0,5259452686.0,600519.SH
2022-08-11,11284.6046,11402.7877,11239.6387,11402.2249,2606149.0,4940834195.0,600519.SH
2022-08-12,11402.2249,11532.2263,11363.3933,11520.9708,2025983.0,3882570566.0,600519.SH
2022-08-15,11478.5374,11585.6901,11450.9051,11475.3296,1932314.0,3717178491.0,600519.SH
2022-08-16,11498.122,11553.5555,11453.4376,11463.7927,1483584.0,2854189586.0,600519.SH
2022-08-17,11532.2263,11532.2263,11335.2545,11464.6931,1836063.0,3508295541.0,600519.SH
2022-08-18,11408.4154,11437.0045,11256.8597,11338.0684,2316777.0,4384060205.0,600519.SH
2022-08-19,11352.1378,11410.3852,11295.8601,11335.3108,1354417.0,2572000762.0,600519.SH
2022-08-22,11279.0331,11402.7877,11258.6043,11329.5142,1542667.0,2925285473.0,600519.SH
2022-08-23,11355.5144,11355.5144,11177.677,11194.6166,2375636.0,4452538978.0,600519.SH
2022-08-24,11194.504,11223.9935,11087.6328,11105.6416,1872761.0,3486382969.0,600519.SH
2022-08-25,11132.6549,11295.8601,11105.6416,11278.9768,2192534.0,4107597895.0,600519.SH
2022-08-26,11363.3933,11430.9265,11284.6046,11352.1378,2314195.0,4397161135.0,600519.SH
2022-08-29,11267.7213,11363.2245,11217.0714,11244.1972,1356962.0,2555981192.0,600519.SH
2022-08-30,11264.0632,11278.9768,11105.6416,11194.5603,1823539.0,3400091358.0,600519.SH
2022-08-31,11138.8454,11507.239,11138.3389,11498.4597,4469151.0,8518225337.0,600519.SH
2022-09-01,11431.7707,11453.4376,11255.8467,11255.8467,2684508.0,5088658955.0,600519.SH
2022-09-02,11306.778,11323.7738,11173.006,11222.6992,1939132.0,3635162804.0,600519.SH
2022-09-05,11153.14,11188.9326,10913.172,10997.5885,3682187.0,6764549173.0,600519.SH
2022-09-06,10999.6145,11071.875,10941.3108,11053.8662,2083004.0,3832086313.0,600519.SH
2022-09-07,10997.7573,11012.5584,10862.5784,10901.9728,2830616.0,5151537330.0,600519.SH
2022-09-08,10913.172,10980.7052,10885.0332,10885.0332,1659057.0,3026766448.0,600519.SH
2022-09-09,10941.3108,11093.2605,10890.6609,11052.6843,2708986.0,4991679523.0,600519.SH
2022-09-13,11250.838,11297.9987,11128.3215,11245.2102,2869309.0,5387987148.0,600519.SH
2022-09-14,11160.85,11250.838,11155.166,11188.9326,1604157.0,3002693247.0,600519.SH
2022-09-15,11194.5603,11324.6743,11194.3352,11250.838,2081021.0,3917954256.0,600519.SH
2022-09-16,11204.6903,11282.3535,11110.7629,11132.6549,2412127.0,4501527357.0,600519.SH
2022-09-19,11110.1438,11299.1805,11098.213,11203.7899,1858351.0,3479680771.0,600519.SH
2022-09-20,11194.4478,11276.7257,11130.1224,11239.5824,1411630.0,2645281859.0,600519.SH
2022-09-21,11232.0975,11267.7213,11070.7495,11070.7495,2099454.0,3904096421.0,600519.SH
2022-09-22,11025.7273,11031.4677,10895.4445,10917.7305,2270429.0,4147900996.0,600519.SH
2022-09-23,10917.7305,11110.1438,10917.7305,10994.3807,2828769.0,5191904760.0,600519.SH
2022-09-26,10913.172,11295.8601,10913.0595,11155.166,3513492.0,6566771227.0,600519.SH
2022-09-27,11188.1447,11346.51,11088.2518,11295.8601,2882019.0,5422668135.0,600519.SH
2022-09-28,11253.6519,11360.0166,11217.1277,11267.7213,2144597.0,4042506330.0,600519.SH
2022-09-29,11352.0252,11375.6618,11200.9197,11252.8077,2158966.0,4075515187.0,600519.SH
2022-09-30,11355.627,11374.5926,11172.0493,11208.6297,2128908.0,4000917951.0,600519.SH
2022-10-10,11307.1156,11312.7434,10689.1869,10721.828,4858413.0,8865386496.0,600519.SH
2022-10-11,10738.7113,10834.3833,10575.506,10688.0051,3204719.0,5712249507.0,600519.SH
2022-10-12,10652.3813,10682.4336,10282.8622,10575.506,4819500.0,8372252823.0,600519.SH
2022-10-13,10352.9842,10434.8119,10220.9568,10237.7838,6396927.0,10919727537.0,600519.SH
2022-10-14,10294.1177,10547.3672,10248.7579,10449.5004,4651970.0,8045032623.0,600519.SH
2022-10-17,10384.162,10395.3613,10225.459,10341.9537,3354951.0,5740146639.0,600519.SH
2022-10-18,10378.5342,10406.6731,10243.4678,10270.65,2808277.0,4800689502.0,600519.SH
2022-10-19,10248.9831,10248.9831,9945.1962,9945.1962,6012093.0,9997656284.0,600519.SH
2022-10-20,9793.2466,10060.1715,9736.9689,9919.8713,4277807.0,7020555512.0,600519.SH
2022-10-21,9900.1741,9944.0707,9731.3411,9810.1298,3890740.0,6317945876.0,600519.SH
2022-10-24,9506.2305,9613.158,9044.8099,9119.4904,13209804.0,20217576174.0,600519.SH
2022-10-25,8996.4674,9196.7033,8954.7094,8998.3246,8136156.0,12136909034.0,600519.SH
2022-10-26,9049.2559,9196.6471,8887.1762,8910.1375,8178083.0,12120993864.0,600519.SH
2022-10-27,8999.7315,9044.6411,8458.6218,8555.138,10710590.0,15258551283.0,600519.SH
2022-10-28,8497.566,8583.2768,8317.1398,8324.3996,9314275.0,12823821843.0,600519.SH
2022-10-31,8268.1219,8448.2667,8172.4499,8268.1219,7184665.0,9758303071.0,600519.SH
2022-11-01,8318.7718,8940.0772,8318.7718,8898.488,11876648.0,16859775304.0,600519.SH
2022-11-02,8887.1762,9146.0534,8752.1098,8954.4843,7977715.0,11717204099.0,600519.SH
2022-11-03,8794.712,8901.2456,8707.6505,8771.807,4515970.0,6509550787.0,600519.SH
2022-11-04,8763.1402,9268.5699,8763.1402,9205.5389,8000795.0,11996968945.0,600519.SH
2022-11-07,9078.8016,9216.288,9036.8185,9152.3003,4269835.0,6414049133.0,600519.SH
2022-11-08,9157.309,9213.5304,8937.601,9027.195,3932491.0,5842320995.0,600519.SH
2022-11-09,9021.9612,9049.7061,8830.8985,8886.6134,3609016.0,5276777530.0,600519.SH
2022-11-10,8797.1319,9027.8704,8747.3262,8971.5927,3771967.0,5518325849.0,600519.SH
2022-11-11,9269.8643,9362.4411,9084.0355,9270.7085,7394715.0,11252112275.0,600519.SH
2022-11-14,9357.0947,9469.8188,9269.8643,9298.0031,5737015.0,8858049581.0,600519.SH
2022-11-15,9292.3754,9669.2669,9230.4699,9607.5303,5631760.0,8858377894.0,600519.SH
2022-11-16,9568.1359,9663.8079,9494.9749,9592.0539,2684776.0,4250886805.0,600519.SH
2022-11-17,9621.5997,9654.2407,9409.8831,9489.3472,3057988.0,4793001162.0,600519.SH
2022-11-18,9539.9971,9585.0192,9427.4418,9490.0788,2360871.0,3703793426.0,600519.SH
2022-11-21,9344.995,9344.995,9104.014,9224.7296,3909600.0,5917086070.0,600519.SH
2022-11-22,9210.4351,9448.4896,9202.9502,9337.1161,2990062.0,4582790131.0,600519.SH
2022-11-23,9269.8643,9433.0695,9230.695,9388.0474,2217746.0,3428793052.0,600519.SH
2022-11-24,9444.325,9499.9274,9190.963,9224.7859,2768738.0,4241974248.0,600519.SH
2022-11-25,9227.7123,9292.3754,9168.5645,9236.154,1862104.0,2833988373.0,600519.SH
2022-11-28,9026.6322,9196.7033,8836.5263,9167.8892,4772321.0,7040991068.0,600519.SH
2022-11-29,9503.7543,9675.0635,9399.3029,9669.4357,7342013.0,11587859176.0,600519.SH
2022-11-30,9602.5778,9697.5745,9590.647,9669.4357,3149730.0,5019450678.0,600519.SH
2022-12-01,10012.7294,10125.2848,9848.3424,9848.3987,5135768.0,8480772923.0,600519.SH
2022-12-02,9872.0353,9973.2788,9794.3721,9865.7322,2388390.0,3910860618.0,600519.SH
2022-12-05,10057.7516,10119.657,9950.824,10040.3055,3612746.0,6018521304.0,600519.SH
2022-12-06,9984.5906,10389.227,9967.7073,10170.3069,4414748.0,7477917194.0,600519.SH
2022-12-07,10112.9599,10350.3954,10069.1759,10147.7958,3552626.0,6012253045.0,600519.SH
2022-12-08,10136.5403,10209.7012,10040.8683,10164.7917,1972956.0,3323420877.0,600519.SH
2022-12-09,10192.8179,10406.6731,10136.5403,10406.6731,3921526.0,6716944493.0,600519.SH
2022-12-12,10327.0964,10609.2726,10322.2566,10457.4355,3475517.0,6063957619.0,600519.SH
2022-12-13,10446.0674,10579.3892,10406.6731,10519.2284,2138546.0,3735089152.0,600519.SH
2022-12-14,10479.834,10692.5636,10479.834,10636.6799,2909840.0,5141262368.0,600519.SH
2022-12-15,10828.7555,10890.6609,10688.0614,10727.3995,3063444.0,5497063390.0,600519.SH
2022-12-16,10650.0739,10749.9668,10479.834,10726.7241,3330266.0,5901587128.0,600519.SH
2022-12-19,10793.8634,10793.8634,10576.4628,10648.667,2498710.0,4447236356.0,600519.SH
2022-12-20,10605.502,10605.502,10139.0728,10322.2566,4619840.0,7944120661.0,600519.SH
2022-12-21,10372.9065,10457.323,10337.1701,10457.323,2281614.0,3948926227.0,600519.SH
2022-12-22,10556.9344,10704.9447,10491.0896,10620.5282,2317534.0,4093861570.0,600519.SH
2022-12-23,10532.735,10699.3169,10491.0896,10637.4115,1731921.0,3063608409.0,600519.SH
2022-12-26,10637.4115,10637.4115,10434.9244,10474.5439,2138380.0,3749121030.0,600519.SH
2022-12-27,10574.9995,10626.4936,10504.6525,10546.8607,1790505.0,3109270166.0,600519.SH
2022-12-28,10619.3463,10625.6494,10406.2228,10546.8607,2143790.0,3699948995.0,600519.SH
2022-12-29,10456.8165,10513.0378,10367.0536,10468.072,2241780.0,3844499655.0,600519.SH
2022-12-30,10563.744,10659.3598,10513.0941,10513.0941,2533312.0,4409544297.0,600519.SH
2023-01-03,10536.7307,10577.4195,10394.9673,10530.0337,2603380.0,4487760231.0,600519.SH
2023-01-04,10529.9774,10578.939,10451.1887,10501.8949,2041575.0,3523582306.0,600519.SH
2023-01-05,10569.3718,10929.5488,10546.8607,10929.5488,4794285.0,8541587089.0,600519.SH
2023-01-06,10958.363,10990.8915,10850.7601,10945.1377,2490375.0,4480838898.0,600519.SH
2023-01-09,11120.8929,11205.1968,10967.9302,11155.785,3097723.0,5684181147.0,600519.SH
2023-01-10,11143.7416,11286.912,11095.5679,11230.3529,2273173.0,4204783734.0,600519.SH
2023-01-11,11239.076,11261.587,11131.248,11176.8891,2272031.0,4201487773.0,600519.SH
2023-01-12,11194.0538,11239.076,11109.6373,11115.2651,1719317.0,3162637136.0,600519.SH
2023-01-13,11172.5558,11419.1645,11149.0317,11413.5367,3193965.0,5969876222.0,600519.SH
2023-01-16,11407.9089,11683.6695,11379.7701,11559.2958,3684826.0,7059982640.0,600519.SH
2023-01-17,11560.7591,11616.1363,11458.5588,11531.7198,2129923.0,4068321409.0,600519.SH
2023-01-18,11565.4864,11629.0801,11430.42,11447.3033,2106293.0,4008665438.0,600519.SH
2023-01-19,11444.4894,11444.602,11295.3536,11375.3242,2343889.0,4401994437.0,600519.SH
2023-01-20,11425.8615,11476.8491,11250.3315,11261.6433,2560875.0,4807356071.0,600519.SH
2023-01-30,11537.3476,11537.3476,11374.1423,11419.1645,3592255.0,6799756571.0,600519.SH
2023-01-31,11467.0005,11486.4163,11110.0313,11181.4476,3299068.0,6128311548.0,600519.SH
2023-02-01,11233.3356,11255.9592,10988.0776,11177.0017,3397389.0,6244678925.0,600519.SH
2023-02-02,11196.1924,11255.9592,11070.243,11127.1397,2975886.0,5465509510.0,600519.SH
2023-02-03,11036.4764,11070.243,10899.6091,11025.2208,3494490.0,6324635031.0,600519.SH
2023-02-06,10811.3657,10895.7822,10698.8104,10895.7822,4266095.0,7595739044.0,600519.SH
2023-02-07,10969.3934,10973.4454,10854.8684,10907.0377,2432171.0,4373671735.0,600519.SH
2023-02-08,10923.9773,10957.5188,10783.2269,10833.8768,1667577.0,2980574806.0,600519.SH
2023-02-09,10800.1102,11091.3471,10783.2832,11025.2208,2975366.0,5401399088.0,600519.SH
2023-02-10,10980.7615,11027.9784,10929.8302,10980.1987,1798451.0,3253859317.0,600519.SH
2023-02-13,10980.1987,11343.1896,10980.1987,11241.0457,3814670.0,7058382498.0,600519.SH
2023-02-14,11241.6647,11246.9548,11120.8929,11170.3609,1956576.0,3601769574.0,600519.SH
2023-02-15,11170.3046,11235.1365,11125.4514,11154.6595,1817691.0,3351422211.0,600519.SH
2023-02-16,11156.5729,11413.5367,11081.4985,11271.8295,3324595.0,6196915130.0,600519.SH
2023-02-17,11206.2098,11334.748,11036.7578,11040.866,2644283.0,4880328952.0,600519.SH
2023-02-20,11042.1041,11367.389,11020.7186,11346.0035,2966869.0,5488800056.0,600519.SH
2023-02-21,11340.3757,11340.3757,11210.9371,11300.9814,1875052.0,3491633510.0,600519.SH
2023-02-22,11233.5045,11283.5353,11102.884,11126.5206,2186916.0,4031016045.0,600519.SH
2023-02-23,11149.0317,11198.556,10953.4668,11025.2208,2188097.0,3983991208.0,600519.SH
2023-02-24,10980.8178,10981.268,10823.6343,10856.3879,2463461.0,4415621498.0,600519.SH
2023-02-27,10802.9241,11008.3375,10783.3394,10982.5061,2206489.0,3978128676.0,600519.SH
2023-02-28,11030.8486,11047.7882,10829.9374,11001.2466,2395181.0,4314877096.0,600519.SH
2023-03-01,10997.082,11194.0538,10942.0987,11140.7589,2445810.0,4475592195.0,600519.SH
2023-03-02,11087.1263,11143.3476,11042.6669,11081.4985,1314419.0,2405292304.0,600519.SH
2023-03-03,11147.7373,11158.0924,10937.8779,11025.4459,1619806.0,2946842659.0,600519.SH
2023-03-06,11026.2338,11028.0347,10905.7434,10964.1033,2064586.0,3730079522.0,600519.SH
2023-03-07,10957.5751,11017.342,10856.3879,10858.0762,2278539.0,4101302456.0,600519.SH
2023-03-08,10811.4783,10844.7947,10705.1135,10757.4517,2276370.0,4035787172.0,600519.SH
2023-03-09,10743.8325,10839.5046,10586.2551,10755.2006,2761150.0,4881442710.0,600519.SH
2023-03-10,10651.3683,10816.9935,10642.5327,10642.5327,2116082.0,3725139075.0,600519.SH
2023-03-13,10648.1605,10783.2269,10636.905,10710.0659,2056043.0,3626476291.0,600519.SH
2023-03-14,10720.0834,10810.6904,10577.8134,10732.577,2370492.0,4177289027.0,600519.SH
2023-03-15,10802.1925,10838.8292,10643.2081,10647.7103,1921253.0,3392698490.0,600519.SH
2023-03-16,10586.2551,10755.0881,10580.6836,10653.732,1764624.0,3096791142.0,600519.SH
2023-03-17,10755.0881,10788.2356,10563.744,10597.5106,2702291.0,4744249369.0,600519.SH
2023-03-20,10648.1605,10670.6716,10518.7219,10527.7263,2049093.0,3557872017.0,600519.SH
2023-03-21,10558.1162,10844.2882,10496.042,10783.2269,3114182.0,5491052284.0,600519.SH
2023-03-22,10811.3657,10884.5267,10730.0445,10773.9411,1533026.0,2727648674.0,600519.SH
2023-03-23,10732.577,10873.8902,10727.0055,10782.439,1735566.0,3082821551.0,600519.SH
2023-03-24,10749.9105,10831.6257,10732.577,10803.5994,1276996.0,2269649179.0,600519.SH
2023-03-27,10803.4869,10803.4869,10676.2993,10742.6507,1529555.0,2700755933.0,600519.SH
2023-03-28,10755.0881,10867.6434,10727.0618,10821.4957,1726135.0,3073113077.0,600519.SH
2023-03-29,10918.2933,10923.921,10839.8985,10867.6434,1539299.0,2761909333.0,600519.SH
2023-03-30,10884.5267,10952.0599,10805.738,10923.921,1925701.0,3453573052.0,600519.SH
2023-03-31,11064.6152,11194.0538,11030.8486,11036.4764,2744633.0,5024790356.0,600519.SH
2023-04-03,11064.6152,11080.2041,10924.3713,10935.5705,2141743.0,3875811673.0,600519.SH
2023-04-04,10991.4542,11009.2943,10850.7601,11006.0302,2006626.0,3614275263.0,600519.SH
2023-04-06,10952.0599,11013.4025,10857.626,10906.8126,1487422.0,2676251956.0,600519.SH
2023-04-07,10895.7822,10957.7439,10858.3013,10873.2149,1352468.0,2428160574.0,600519.SH
2023-04-10,10872.5958,10872.5958,10608.7661,10764.6553,2941822.0,5171150567.0,600519.SH
2023-04-11,10884.5267,10884.5267,10608.7661,10617.2078,2920919.0,5138854627.0,600519.SH
2023-04-12,10627.1127,10642.5327,10320.7371,10327.9406,5110492.0,8732657376.0,600519.SH
2023-04-13,10304.8668,10493.9034,10271.1565,10490.5831,2954268.0,5049310126.0,600519.SH
2023-04-14,10507.4664,10546.8607,10388.1577,10436.6691,2123162.0,3646526766.0,600519.SH
2023-04-17,10586.2551,10659.416,10518.7219,10659.416,3046723.0,5303401395.0,600519.SH
2023-04-18,10659.416,10749.4603,10620.1342,10687.5549,1831389.0,3220107647.0,600519.SH
2023-04-19,10710.0659,10729.7631,10642.5327,10693.1826,1460056.0,2568632845.0,600519.SH
2023-04-20,10699.4295,10726.9492,10524.3497,10596.8353,1988537.0,3468366835.0,600519.SH
2023-04-21,10620.0217,10631.7274,10480.9033,10504.4836,1851787.0,3210937222.0,600519.SH
2023-04-24,10479.3275,10484.9553,10366.7722,10389.2833,2023091.0,3456728718.0,600519.SH
2023-04-25,10394.911,10563.6315,10372.4,10532.116,2058251.0,3534989917.0,600519.SH
2023-04-26,10608.7661,10704.4382,10473.6998,10608.2596,2789160.0,4861477657.0,600519.SH
2023-04-27,10631.2772,10755.0881,10529.9774,10687.1046,2560504.0,4489906864.0,600519.SH
2023-04-28,10715.75,10826.9546,10664.875,10701.7368,2622464.0,4636084177.0,600519.SH
2023-05-04,10749.4603,10798.253,10563.744,10641.97,2746642.0,4818999650.0,600519.SH
2023-05-05,10732.577,10732.577,10565.9388,10642.5327,2071421.0,3621305973.0,600519.SH
2023-05-08,10745.6334,10749.4603,10457.7732,10476.6262,3317126.0,5742915994.0,600519.SH
2023-05-09,10445.5609,10586.1425,10400.9327,10484.9553,2937796.0,5057346564.0,600519.SH
2023-05-10,10446.6302,10563.744,10445.5609,10501.8386,2077260.0,3588550877.0,600519.SH
2023-05-11,10535.6052,10558.1162,10445.5609,10457.2104,1524612.0,2623835905.0,600519.SH
2023-05-12,10445.5609,10529.3021,10389.3395,10397.1621,1946045.0,3335038590.0,600519.SH
2023-05-15,10372.4,10456.8165,10311.6201,10452.877,2574018.0,4384647977.0,600519.SH
2023-05-16,10439.8769,10473.6435,10344.2611,10379.6598,2222377.0,3785811907.0,600519.SH
2023-05-17,10406.1666,10434.3054,10355.5729,10366.7722,1677691.0,2858697942.0,600519.SH
2023-05-18,10389.227,10391.5344,10304.8668,10310.4945,1921928.0,3260170684.0,600519.SH
2023-05-19,10197.9392,10385.5127,10110.9902,10358.3305,2674116.0,4504022549.0,600519.SH
2023-05-22,10304.923,10653.7883,10304.8668,10620.0217,4128432.0,7165754129.0,600519.SH
2023-05-23,10664.9875,10665.0438,10499.3061,10499.3061,1689421.0,2934118394.0,600519.SH
2023-05-24,10543.0901,10549.956,10418.0411,10422.4871,1847927.0,3182416491.0,600519.SH
2023-05-25,10394.8548,10417.4221,10304.8668,10366.7722,2246560.0,3814504093.0,600519.SH
2023-05-26,10372.4,10389.2833,10220.5066,10308.0183,1829110.0,3090691546.0,600519.SH
2023-05-29,10344.2611,10351.8586,10237.3336,10299.239,1777141.0,2998147159.0,600519.SH
2023-05-30,10299.239,10354.8976,10127.9298,10182.688,2645340.0,4424706688.0,600519.SH
2023-05-31,10141.7178,10168.2246,9948.4603,9961.0103,3695697.0,6053737281.0,600519.SH
2023-06-01,9899.6676,10220.394,9899.6676,10000.5172,2864525.0,4708722933.0,600519.SH
2023-06-02,10051.6173,10210.0389,10001.5865,10195.6881,2505802.0,4163116244.0,600519.SH
2023-06-05,10170.7008,10264.7971,10152.9171,10164.1726,1620050.0,2704294313.0,600519.SH
2023-06-06,10192.3114,10271.1002,10088.4792,10175.3719,1991392.0,3326778183.0,600519.SH
2023-06-07,10209.1385,10241.8358,10079.7561,10084.8211,1788964.0,2971782064.0,600519.SH
2023-06-08,10112.566,10220.4503,10079.8124,10181.0559,1470272.0,2441569677.0,600519.SH
2023-06-09,10203.5107,10237.1647,10169.8004,10169.8004,1758041.0,2938014322.0,600519.SH
2023-06-12,10169.9129,10406.1666,10144.588,10338.6334,2702944.0,4562308599.0,600519.SH
2023-06-13,10326.7025,10387.0884,10276.7279,10355.5167,1466254.0,2485398902.0,600519.SH
2023-06-14,10468.072,10553.8391,10396.0929,10512.4188,3150580.0,5438040356.0,600519.SH
2023-06-15,10531.8909,10674.3296,10490.5831,10670.6716,2522257.0,4395900802.0,600519.SH
2023-06-16,10681.9271,10923.921,10643.0955,10910.9209,3791789.0,6742301361.0,600519.SH
2023-06-19,10867.6434,10912.3841,10574.9995,10608.7661,3169992.0,5584248725.0,600519.SH
2023-06-20,10586.2551,10726.9492,10558.1162,10605.7271,2094674.0,3659824529.0,600519.SH
2023-06-21,10586.2551,10679.676,10558.1162,10562.7873,1772061.0,3088635934.0,600519.SH
2023-06-26,10474.3188,10529.9774,10333.0056,10411.7943,2399268.0,4098619510.0,600519.SH
2023-06-27,10417.3658,10472.0114,10361.6509,10423.3312,1517446.0,2598138744.0,600519.SH
2023-06-28,10435.3184,10552.4885,10423.0499,10520.8604,1857356.0,3199294221.0,600519.SH
2023-06-29,10535.6052,10558.06,10434.3617,10438.3011,1423116.0,2446524134.0,600519.SH
2023-06-30,10506.9655,10557.5591,10430.8781,10456.3156,2045869.0,3472586730.0,600519.SH
2023-07-03,10501.3377,10649.2354,10461.9434,10642.5946,1913909.0,3286737792.0,600519.SH
2023-07-04,10643.1574,10700.7857,10608.7155,10679.1751,1247238.0,2155553635.0,600519.SH
2023-07-05,10675.7985,10686.8852,10506.9655,10593.5205,1474539.0,2523960725.0,600519.SH
2023-07-06,10558.5158,10692.6818,10506.9655,10523.7362,1514062.0,2589459002.0,600519.SH
2023-07-07,10512.5932,10557.5591,10450.6878,10450.8567,1516742.0,2571458553.0,600519.SH
2023-07-10,10535.1043,10591.1569,10506.9655,10512.0305,1347741.0,2298241728.0,600519.SH
2023-07-11,10563.2431,10592.3387,10518.7838,10563.2431,1258270.0,2151079270.0,600519.SH
2023-07-12,10580.3516,10636.4041,10570.7281,10584.6287,1328467.0,2280785351.0,600519.SH
2023-07-13,10630.7201,10762.5223,10613.9493,10723.0717,2580654.0,4479772500.0,600519.SH
2023-07-14,10822.1204,10836.1898,10738.8294,10805.2371,1855030.0,3245530255.0,600519.SH
2023-07-17,10793.9816,10793.9816,10656.6641,10675.6296,1433648.0,2482069846.0,600519.SH
2023-07-18,10695.9459,10701.1797,10625.1486,10635.2785,1473765.0,2544005063.0,600519.SH
2023-07-19,10591.4383,10664.5429,10584.6287,10636.4041,1248322.0,2147704435.0,600519.SH
2023-07-20,10664.4867,10782.6135,10630.7763,10642.0319,1669265.0,2897176490.0,600519.SH
2023-07-21,10686.3787,10914.9785,10653.2874,10908.2252,3937740.0,6931535726.0,600519.SH
2023-07-24,10791.2802,10907.381,10791.2802,10907.381,1971337.0,3476648177.0,600519.SH
2023-07-25,11069.7421,11232.272,11069.6858,11230.4148,4308646.0,7837450019.0,600519.SH
2023-07-26,11230.4148,11272.2854,11154.6088,11230.4148,1961145.0,3580171484.0,600519.SH
2023-07-27,11272.3417,11378.0874,11231.259,11283.766,2034043.0,3749635290.0,600519.SH
2023-07-28,11249.8306,11632.5187,11227.3758,11615.6354,3901792.0,7330314112.0,600519.SH
2023-07-31,11677.5408,11829.4905,11486.1968,11523.2275,4537861.0,8615279839.0,600519.SH
2023-08-01,11508.7641,11671.6317,11508.0888,11570.6133,1923062.0,3635857283.0,600519.SH
2023-08-02,11539.0978,11576.241,11445.6769,11519.9634,1850872.0,3478674239.0,600519.SH
2023-08-03,11463.6857,11576.241,11353.9443,11511.3529,2154347.0,4031087705.0,600519.SH
2023-08-04,11563.9725,11669.2117,11531.2189,11595.7694,2457364.0,4655813751.0,600519.SH
2023-08-07,11525.3098,11621.2632,11469.4823,11564.5916,2389245.0,4491893140.0,600519.SH
2023-08-08,11520.1322,11597.1201,11430.3693,11576.241,1773618.0,3333559505.0,600519.SH
2023-08-09,11576.241,11660.6575,11536.6216,11577.8168,1852346.0,3506306394.0,600519.SH
2023-08-10,11531.2189,11570.6133,11420.3519,11491.8246,1843619.0,3454219140.0,600519.SH
2023-08-11,11548.1022,11550.3533,11260.4108,11261.0861,2678649.0,4959166751.0,600519.SH
2023-08-14,11126.0198,11210.3237,11047.231,11086.6254,2373119.0,4285362053.0,600519.SH
2023-08-15,11120.392,11171.0419,11075.4261,11142.7905,1481799.0,2682125119.0,600519.SH
2023-08-16,11112.4006,11201.1504,11103.5087,11182.2974,1318431.0,2396261791.0,600519.SH
2023-08-17,11103.9589,11261.0861,11078.4651,11227.6009,1729037.0,3141408018.0,600519.SH
2023-08-18,11249.7743,11266.6576,11084.318,11084.318,1702334.0,3084761577.0,600519.SH
2023-08-21,11030.3477,11148.4745,11013.8584,11019.0922,1891181.0,3405415645.0,600519.SH
2023-08-22,11075.3136,11084.1492,10906.6494,11002.2089,2665036.0,4763131152.0,600519.SH
2023-08-23,11052.8588,11069.7421,10901.3593,10923.4202,1991222.0,3556178584.0,600519.SH
2023-08-24,10955.0482,11227.3195,10929.0479,11161.4747,2605509.0,4703417600.0,600519.SH
2023-08-25,11119.2102,11282.3028,11103.565,11210.3237,1883086.0,3433296756.0,600519.SH
2023-08-28,11624.5273,11624.5273,11249.1553,11266.5451,4105213.0,7633221012.0,600519.SH
2023-08-29,11227.3195,11458.5082,11227.3195,11358.6153,2895028.0,5371260173.0,600519.SH
2023-08-30,11451.8674,11452.4302,11315.4504,11384.897,1981181.0,3672570260.0,600519.SH
2023-08-31,11407.4081,11407.4081,11300.5368,11334.2471,1482022.0,2738445519.0,600519.SH
2023-09-01,11367.057,11438.1919,11328.7882,11357.0396,1314519.0,2438622738.0,600519.SH
2023-09-04,11422.0403,11519.6257,11370.9964,11441.1747,2387100.0,4453823216.0,600519.SH
2023-09-05,11452.4302,11452.4302,11389.3992,11400.092,1565874.0,2915625961.0,600519.SH
2023-09-06,11396.1525,11444.889,11345.5589,11413.0358,1112143.0,2067605990.0,600519.SH
2023-09-07,11365.7626,11389.9057,11245.2721,11283.5972,1698157.0,3128587116.0,600519.SH
2023-09-08,11266.3762,11266.3762,11153.8772,11173.8558,1221178.0,2224338144.0,600519.SH
2023-09-11,11114.7642,11294.8527,11114.7642,11194.5097,1592600.0,2902617736.0,600519.SH
2023-09-12,11219.4407,11221.5792,11159.8989,11182.0723,1216801.0,2214514112.0,600519.SH
2023-09-13,11238.1249,11238.1249,11070.0235,11181.7909,1950143.0,3540583633.0,600519.SH
2023-09-14,11196.5357,11221.5792,11103.5087,11174.925,1750459.0,3180447848.0,600519.SH
2023-09-15,11176.6697,11181.0593,10964.5029,10968.386,2843146.0,5105749077.0,600519.SH
2023-09-18,10936.4203,11235.7612,10917.7924,11234.0729,3255892.0,5905121000.0,600519.SH
2023-09-19,11194.6785,11232.9473,11114.7642,11221.3541,1498950.0,2727858953.0,600519.SH
2023-09-20,11193.553,11238.5751,11171.3233,11204.8085,1250178.0,2281583949.0,600519.SH
2023-09-21,11171.0982,11193.553,11060.6814,11060.6814,1948919.0,3521486755.0,600519.SH
2023-09-22,11101.4264,11350.9053,11027.0274,11345.5026,3439046.0,6287832575.0,600519.SH
2023-09-25,11337.061,11339.8749,11219.3844,11251.9692,1397913.0,2565773541.0,600519.SH
2023-09-26,11227.3195,11266.0386,11143.4658,11159.7864,1576196.0,2870852363.0,600519.SH
2023-09-27,11154.1586,11258.2723,11085.4998,11148.5308,2087994.0,3791876119.0,600519.SH
2023-09-28,11210.3237,11210.3237,11057.361,11061.5818,2053784.0,3704812960.0,600519.SH
2023-10-09,11052.5211,11052.5211,10872.2075,10940.3035,2976268.0,5279950406.0,600519.SH
2023-10-10,10973.451,11064.0018,10889.6536,10900.9091,2028392.0,3615557182.0,600519.SH
2023-10-11,10983.3559,10983.3559,10889.6536,10948.7451,2194486.0,3896568648.0,600519.SH
2023-10-12,11057.9238,11059.7809,10941.429,10990.9534,1486507.0,2657095942.0,600519.SH
2023-10-13,10905.8615,10945.9875,10721.8899,10793.9816,2502788.0,4387687934.0,600519.SH
2023-10-16,10793.869,10822.1204,10633.3088,10675.2357,2078965.0,3603604610.0,600519.SH
2023-10-17,10726.4484,10728.9246,10597.0097,10653.2874,1494523.0,2577312288.0,600519.SH
2023-10-18,10612.7675,10743.3317,10603.6505,10664.5429,2031750.0,3511987514.0,600519.SH
2023-10-19,10506.9655,10507.1343,10090.6796,10113.0219,7349237.0,12146921769.0,600519.SH
2023-10-20,10113.0219,10253.716,10035.6401,10197.4383,4537601.0,7421390806.0,600519.SH
2023-10-23,10112.853,10281.8548,10065.7486,10191.698,2523423.0,4138279588.0,600519.SH
2023-10-24,10214.3216,10244.4865,10063.5538,10185.9014,2986146.0,4894807617.0,600519.SH
2023-10-25,10338.7516,10495.7099,10321.3618,10380.3407,3617898.0,6075417064.0,600519.SH
2023-10-26,10321.2492,10439.4323,10293.1666,10350.6824,2238635.0,3741418874.0,600519.SH
2023-10-27,10304.3659,10461.268,10285.2315,10375.8948,3426239.0,5754795486.0,600519.SH
2023-10-30,10332.5047,10444.3847,10332.5047,10400.0379,2408642.0,4050573178.0,600519.SH
2023-10-31,10394.4102,10450.6878,10326.0328,10420.1853,1985877.0,3335804699.0,600519.SH
2023-11-01,11351.1304,11351.1304,10922.2383,10962.7583,9314308.0,16747292689.0,600519.SH
2023-11-02,11041.6033,11041.6033,10935.0134,10954.3729,2790764.0,4982090753.0,600519.SH
2023-11-03,10957.1868,11153.5395,10923.4202,11132.9982,3017600.0,5433116881.0,600519.SH
2023-11-06,11182.2974,11203.6267,11076.0452,11137.2753,2552392.0,4624102375.0,600519.SH
2023-11-07,11097.8809,11126.0198,10980.1481,11020.0489,1958159.0,3511590028.0,600519.SH
2023-11-08,10979.9792,11091.1276,10973.3385,11060.4,1454567.0,2610041959.0,600519.SH
2023-11-09,11014.0835,11064.1143,10974.0701,11036.5946,1280048.0,2291996819.0,600519.SH
2023-11-10,10960.282,11002.2089,10918.3552,10933.7753,1646557.0,2928380668.0,600519.SH
2023-11-13,10913.7404,10984.6503,10827.6356,10867.1425,1836995.0,3244573621.0,600519.SH
2023-11-14,10867.1425,10928.9917,10844.6877,10874.2898,1281675.0,2263963957.0,600519.SH
2023-11-15,10951.559,10973.451,10884.0258,10917.3985,1843486.0,3271230275.0,600519.SH
2023-11-16,10923.4202,10934.6757,10844.9128,10844.9128,1255757.0,2215937273.0,600519.SH
2023-11-17,10799.6093,10839.0037,10720.2578,10807.6007,2171363.0,3793781119.0,600519.SH
2023-11-20,10816.4926,10898.0952,10713.2794,10858.7009,1860804.0,3265514010.0,600519.SH
2023-11-21,10976.4337,11058.4866,10901.4719,11013.4644,3009845.0,5383107810.0,600519.SH
2023-11-22,10975.7584,11037.9452,10960.2258,10965.6847,1266457.0,2263460167.0,600519.SH
2023-11-23,10947.6196,11002.2089,10906.5369,10990.9534,1154964.0,2055272193.0,600519.SH
2023-11-24,11007.8367,11007.8367,10929.0479,10940.3035,1308540.0,2329345658.0,600519.SH
2023-11-27,10919.4807,10919.4807,10816.4926,10861.5147,1626074.0,2865075217.0,600519.SH
2023-11-28,10850.2592,10922.7448,10833.3759,10895.5065,1451976.0,2562905659.0,600519.SH
2023-11-29,10889.6536,10934.6757,10833.3759,10927.4159,1714933.0,3034175614.0,600519.SH
2023-11-30,10938.7277,11040.2526,10906.9871,11021.9061,2135342.0,3817513545.0,600519.SH
2023-12-01,11009.5813,11011.7761,10777.0983,10846.2072,3305131.0,5830850111.0,600519.SH
2023-12-04,10846.2072,10854.9303,10761.7907,10792.3495,1844047.0,3233102118.0,600519.SH
2023-12-05,10781.4879,10782.0507,10552.1002,10557.6154,2990301.0,5168983317.0,600519.SH
2023-12-06,10521.7665,10616.5381,10513.3249,10523.8488,2385129.0,4078003022.0,600519.SH
2023-12-07,10529.4765,10558.0656,10435.4929,10506.9655,2504150.0,4249170906.0,600519.SH
2023-12-08,10506.9655,10556.7149,10463.1815,10534.6541,2628801.0,4474160126.0,600519.SH
2023-12-11,10450.6878,10529.4765,10264.9715,10495.7099,3683098.0,6172810248.0,600519.SH
2023-12-12,10437.1812,10563.1869,10416.9212,10563.1869,2101066.0,3564305866.0,600519.SH
2023-12-13,10536.3424,10539.1563,10265.4218,10281.8548,3878870.0,6480807500.0,600519.SH
2023-12-14,10315.3963,10337.4009,10141.2732,10146.2257,4067215.0,6703240107.0,600519.SH
2023-12-15,10215.616,10381.8602,10191.8669,10197.4383,3709251.0,6140791726.0,600519.SH
2023-12-18,10169.2995,10300.5953,10141.1607,10293.1104,1989734.0,3292194757.0,600519.SH
2023-12-19,10309.9937,10393.6785,10197.9448,10366.2713,2220676.0,3706057587.0,600519.SH
2023-12-20,10378.1234,10389.3789,10293.7069,10331.9194,2309203.0,3816133219.0,600519.SH
2023-12-21,10276.8799,10458.713,10276.8799,10445.6566,2901168.0,4827827888.0,600519.SH
2023-12-22,10443.9683,10496.8693,10378.1797,10449.3146,2166684.0,3613238325.0,600519.SH
2023-12-25,10451.2844,10494.0554,10434.4011,10456.9121,1247106.0,2086014390.0,600519.SH
2023-12-26,10459.726,10473.2327,10375.3095,10445.6566,1477126.0,2457177339.0,600519.SH
2023-12-27,10434.4011,10485.8951,10395.0067,10429.111,1605550.0,2679221365.0,600519.SH
2023-12-28,10451.2281,10772.0108,10429.111,10755.1275,3833806.0,6537401380.0,600519.SH
2023-12-29,10727.0449,10893.5142,10727.0449,10760.8115,2753868.0,4768857531.0,600519.SH
2024-01-02,10698.9061,10716.8586,10491.2415,10530.1294,3215644.0,5440082548.0,600519.SH
2024-01-03,10508.1811,10587.5889,10481.2804,10580.723,2022929.0,3411400667.0,600519.SH
2024-01-04,10575.0952,10575.0952,10405.8683,10440.0288,2155107.0,3603970147.0,600519.SH
2024-01-05,10396.8639,10494.3931,10344.9759,10408.2882,2024286.0,3373155627.0,600519.SH
2024-01-08,10395.0067,10400.6345,10276.8799,10299.2784,2558620.0,4211918629.0,600519.SH
2024-01-09,10282.5077,10346.1577,10249.0787,10282.4514,2441204.0,4009826496.0,600519.SH
2024-01-10,10283.0142,10386.3399,10265.5681,10285.2653,1735067.0,2856120718.0,600519.SH
2024-01-11,10277.3864,10377.7857,10265.9057,10313.798,1644055.0,2708764500.0,600519.SH
2024-01-12,10276.6548,10340.1923,10273.447,10294.0446,1160324.0,1908084612.0,600519.SH
2024-01-15,10248.6848,10361.0713,10245.5895,10276.8236,1785403.0,2931202343.0,600519.SH
2024-01-16,10268.382,10316.218,10192.0695,10273.6158,2590314.0,4236042960.0,600519.SH
2024-01-17,10220.546,10251.3861,9922.2743,9922.2743,5163276.0,8251735591.0,600519.SH
2024-01-18,9905.391,10123.7484,9801.5588,10112.8868,6043981.0,9566349514.0,600519.SH
2024-01-19,10101.6313,10265.6244,10056.6654,10248.6848,4637843.0,7550144389.0,600519.SH
2024-01-22,10214.9182,10293.7069,10157.9652,10288.0791,4694589.0,7678297836.0,600519.SH
2024-01-23,10231.8578,10276.5422,10102.3629,10158.6405,3483490.0,5659457115.0,600519.SH
2024-01-24,10214.9182,10242.1566,10071.7478,10198.0349,3321635.0,5373603703.0,600519.SH
2024-01-25,10202.6497,10282.4514,10175.5238,10265.5681,3120580.0,5094508165.0,600519.SH
2024-01-26,10222.5719,10299.8975,10181.1516,10261.7412,2695475.0,4402111882.0,600519.SH
2024-01-29,10278.5119,10392.643,10278.4557,10333.1013,3142068.0,5189014946.0,600519.SH
2024-01-30,10332.9887,10332.9887,10107.9906,10124.8739,3086633.0,5010784454.0,600519.SH
2024-01-31,10124.8739,10164.0995,10041.189,10079.3453,2964912.0,4770104891.0,600519.SH
2024-02-01,10082.6657,10186.1603,10057.3407,10108.1595,2648515.0,4272298576.0,600519.SH
2024-02-02,10136.1295,10208.0523,9944.7854,10029.2019,3938202.0,6336691194.0,600519.SH
2024-02-05,10029.2019,10262.4165,10024.9811,10220.6022,5313036.0,8590683071.0,600519.SH
2024-02-06,10220.6022,10532.7744,10198.5977,10479.4232,5247204.0,8740646588.0,600519.SH
2024-02-07,10507.7309,10696.5987,10398.4396,10676.3387,5260107.0,8899606867.0,600519.SH
2024-02-08,10727.1012,10755.1837,10530.0731,10648.2562,4675654.0,7953438044.0,600519.SH
2024-02-19,10827.6131,10827.9508,10546.9564,10588.7707,3697744.0,6288277980.0,600519.SH
2024-02-20,10599.6323,10599.6323,10370.0194,10445.6566,3447007.0,5755266893.0,600519.SH
2024-02-21,10423.2581,10788.9503,10400.6345,10713.8759,4615407.0,7868784082.0,600519.SH
2024-02-22,10656.6978,10743.9845,10617.4723,10717.9279,2279361.0,3905984695.0,600519.SH
2024-02-23,10677.0141,10751.6945,10614.6021,10693.7848,2730589.0,4670706950.0,600519.SH
2024-02-26,10659.5117,10663.6763,10530.1856,10586.2382,2731832.0,4625594409.0,600519.SH
2024-02-27,10518.8176,10574.645,10490.6787,10555.398,2207985.0,3718478358.0,600519.SH
2024-02-28,10552.1339,10595.1863,10468.2239,10510.6573,3186731.0,5371312847.0,600519.SH
2024-02-29,10510.6573,10594.7924,10497.432,10586.3508,2475833.0,4184917973.0,600519.SH
2024-03-01,10558.2119,10586.1819,10483.2501,10530.4108,2686796.0,4526845398.0,600519.SH
2024-03-04,10496.3065,10507.5057,10445.938,10481.1115,2648477.0,4434401015.0,600519.SH
2024-03-05,10450.2151,10597.6063,10426.9724,10586.9135,3623837.0,6102136582.0,600519.SH
2024-03-06,10563.8397,10586.3508,10490.7913,10505.0295,2214248.0,3725582802.0,600519.SH
2024-03-07,10501.9343,10557.0864,10490.6787,10522.363,2159912.0,3633934774.0,600519.SH
2024-03-08,10505.0858,10539.5277,10445.938,10453.7043,2215623.0,3710678522.0,600519.SH
2024-03-11,10473.7954,10608.1865,10463.5529,10583.4806,2989509.0,5048394347.0,600519.SH
2024-03-12,10580.3853,10890.8129,10561.0258,10867.7391,5422654.0,9393309052.0,600519.SH
2024-03-13,10839.4314,10884.6224,10727.6077,10768.9718,2649954.0,4588879420.0,600519.SH
2024-03-14,10721.4171,10810.561,10679.2089,10708.0793,1940479.0,3338768308.0,600519.SH
2024-03-15,10684.8367,10796.8292,10682.0228,10712.9192,1783358.0,3066692399.0,600519.SH
2024-03-18,10698.9061,10726.2007,10608.8618,10660.9749,2605501.0,4446059130.0,600519.SH
2024-03-19,10631.3729,10726.7072,10575.7143,10659.6243,2394753.0,4093701261.0,600519.SH
2024-03-20,10633.3989,10691.4774,10615.784,10668.5161,1524925.0,2604543856.0,600519.SH
2024-03-21,10660.0745,10721.4171,10639.8145,10665.1395,1659597.0,2839332631.0,600519.SH
2024-03-22,10642.7972,10665.0832,10546.9564,10622.0871,2545614.0,4318592818.0,600519.SH
2024-03-25,10606.273,10607.5674,10505.1984,10552.6404,2447285.0,4131446237.0,600519.SH
2024-03-26,10543.9174,10686.525,10543.9174,10666.7715,2806907.0,4782899074.0,600519.SH
2024-03-27,10642.6284,10682.0228,10608.8618,10620.1173,1811258.0,3087792980.0,600519.SH
2024-03-28,10586.3508,10715.7894,10576.2208,10623.7191,2464218.0,4201857059.0,600519.SH
2024-03-29,10623.7191,10676.3387,10603.7968,10630.8101,1345655.0,2290584417.0,600519.SH
2024-04-01,10670.711,10805.8336,10663.4511,10734.5298,2713137.0,4679371035.0,600519.SH
2024-04-02,10738.3004,10755.1275,10642.9098,10693.222,2544925.0,4360973684.0,600519.SH
2024-04-03,10805.8336,10836.4487,10670.8798,10699.5251,2904580.0,5002390042.0,600519.SH
2024-04-08,10586.3508,10591.9785,10404.0111,10426.8599,5916659.0,9907355766.0,600519.SH
2024-04-09,10393.1495,10462.5399,10380.6559,10401.8726,2558982.0,4256226333.0,600519.SH
2024-04-10,10402.154,10417.4615,10304.9624,10321.7332,2763050.0,4562853880.0,600519.SH
2024-04-11,10277.4427,10333.1013,10246.9402,10321.8457,2276624.0,3736417595.0,600519.SH
2024-04-12,10338.729,10411.89,10243.2258,10243.2258,2674433.0,4403968129.0,600519.SH
2024-04-15,10248.7411,10477.2284,10248.5722,10462.4273,3581771.0,5960815532.0,600519.SH
2024-04-16,10420.2754,10499.458,10383.7512,10445.6566,2626623.0,4382796962.0,600519.SH
2024-04-17,10434.4011,10474.921,10378.1234,10428.7733,2481911.0,4130322018.0,600519.SH
2024-04-18,10383.8074,10518.705,10379.1364,10450.0463,2656841.0,4445487745.0,600519.SH
2024-04-19,10393.7686,10437.2149,10284.0272,10314.192,2349992.0,3879233242.0,600519.SH
2024-04-22,10355.6123,10495.6312,10304.9624,10474.1331,2995139.0,5001684635.0,600519.SH
2024-04-23,10473.7954,10586.3508,10473.7954,10571.0432,2497995.0,4217855279.0,600519.SH
2024-04-24,10597.4937,10613.9831,10520.6747,10578.4719,1708643.0,2893555635.0,600519.SH
2024-04-25,10560.0691,10589.7274,10514.5967,10575.3203,1447648.0,2447183879.0,600519.SH
2024-04-26,10580.723,10693.2783,10580.6104,10667.5594,3099592.0,5290248521.0,600519.SH
2024-04-29,10597.3249,10772.067,10579.71,10637.0006,4133223.0,7072096590.0,600519.SH
2024-04-30,10642.6847,10782.6472,10642.6284,10642.6284,3075989.0,5273902374.0,600519.SH
2024-05-06,10805.6648,10980.2944,10766.4393,10953.2811,5990949.0,10504351712.0,600519.SH
2024-05-07,10984.7403,11052.3298,10933.4714,11008.4332,2492452.0,4413196426.0,600519.SH
2024-05-08,11006.6886,11008.2644,10927.7873,10974.4978,1476909.0,2603293863.0,600519.SH
2024-05-09,10940.9,10980.1818,10895.8779,10929.6445,2238734.0,3929804849.0,600519.SH
2024-05-10,10958.3461,10996.5023,10805.7774,10833.8599,2620661.0,4571398242.0,600519.SH
2024-05-13,10794.6907,10798.2924,10621.3555,10648.2562,3766212.0,6435415674.0,600519.SH
2024-05-14,10648.1999,10689.17,10614.5459,10625.6326,2127417.0,3623282672.0,600519.SH
2024-05-15,10629.0092,10659.5117,10606.5544,10614.4896,1573876.0,2677203002.0,600519.SH
2024-05-16,10642.6284,10670.0919,10558.2119,10639.8145,2967954.0,5048754769.0,600519.SH
2024-05-17,10614.5459,10707.7979,10614.4896,10698.9061,2892388.0,4936920634.0,600519.SH
2024-05-20,10715.7331,10800.1496,10660.1308,10665.1395,3142572.0,5401389335.0,600519.SH
2024-05-21,10659.5117,10669.2477,10604.1345,10642.6284,1629339.0,2776847499.0,600519.SH
2024-05-22,10631.3729,10670.5421,10563.8397,10601.602,2028568.0,3443977767.0,600519.SH
2024-05-23,10614.4896,10650.3947,10558.6621,10569.5237,1888497.0,3199923320.0,600519.SH
2024-05-24,10575.0952,10586.3508,10485.051,10485.5012,2021663.0,3401323915.0,600519.SH
2024-05-27,10490.6787,10543.8611,10434.4573,10446.3319,2509791.0,4199001866.0,600519.SH
2024-05-28,10447.9077,10474.7521,10406.2622,10415.4918,2352087.0,3923020375.0,600519.SH
2024-05-29,10423.1455,10501.9343,10417.5178,10468.1677,1965128.0,3289173345.0,600519.SH
2024-05-30,10473.7954,10475.934,10327.4735,10327.4735,3220792.0,5333306808.0,600519.SH
2024-05-31,10335.9152,10409.0761,10324.3782,10324.3782,2185665.0,3617654788.0,600519.SH
2024-06-03,10333.1013,10338.2788,10249.3038,10273.3907,3026105.0,4966041477.0,600519.SH
2024-06-04,10279.6375,10366.8679,10257.4078,10351.1101,2084108.0,3432497303.0,600519.SH
2024-06-05,10344.3568,10381.9503,10293.8757,10299.3347,1905557.0,3140824328.0,600519.SH
2024-06-06,10297.4212,10344.3005,10253.806,10275.7543,2561005.0,4205700983.0,600519.SH
2024-06-07,10311.3218,10311.6032,10158.6968,10159.6535,3352455.0,5453120695.0,600519.SH
2024-06-11,10068.54,10079.8518,9865.9967,9877.2522,7024676.0,11090577610.0,600519.SH
2024-06-12,9882.88,9995.4353,9882.88,9892.3346,3317050.0,5230086503.0,600519.SH
2024-06-13,9920.98,9921.6553,9788.0521,9798.5198,3618597.0,5654938942.0,600519.SH
2024-06-14,9798.4635,9848.8883,9604.0804,9798.4635,5951416.0,9177637168.0,600519.SH
2024-06-17,9670.6569,9763.4025,9550.8981,9722.4886,4831816.0,7400883243.0,600519.SH
2024-06-18,9662.778,9795.8747,9582.8075,9609.9333,4125825.0,6317590943.0,600519.SH
2024-06-19,9651.3874,9685.2103,9561.9622,9668.327,4126153.0,6167728416.0,600519.SH
2024-06-20,9662.6993,9752.7998,9651.4437,9663.262,2471068.0,3715924984.0,600519.SH
2024-06-21,9665.5131,9690.7255,9495.1044,9499.494,4331997.0,6418543742.0,600519.SH
2024-06-24,9229.3613,9600.7376,9178.7676,9530.7281,6383993.0,9319362390.0,600519.SH
2024-06-25,9533.2606,9679.5263,9533.2606,9587.5686,4209795.0,6273919386.0,600519.SH
2024-06-26,9550.1439,9668.721,9537.7629,9602.0319,2956977.0,4414601922.0,600519.SH
2024-06-27,9617.6771,9628.7638,9482.6107,9609.1792,3282178.0,4857959457.0,600519.SH
2024-06-28,9550.1439,9631.6903,9460.0997,9479.1778,3858202.0,5699649047.0,600519.SH
2024-07-01,9487.5632,9510.6933,9257.5001,9327.1718,3216138.0,4636689118.0,600519.SH
2024-07-02,9285.6389,9651.4437,9285.6389,9610.361,5185298.0,7659166816.0,600519.SH
2024-07-03,9657.0715,9735.9165,9595.2786,9662.6993,3157326.0,4740808130.0,600519.SH
2024-07-04,9690.8381,9730.2325,9556.5033,9582.4473,2437973.0,3637968895.0,600519.SH
2024-07-05,9544.5162,9624.3179,9381.311,9398.1943,3882938.0,5664477336.0,600519.SH
2024-07-08,9341.9166,9425.0387,9207.6381,9212.478,3952705.0,5657951348.0,600519.SH
2024-07-09,9212.478,9408.8307,9156.7631,9313.9466,3362071.0,4807957927.0,600519.SH
2024-07-10,9320.8125,9470.6799,9296.8945,9311.4704,2376322.0,3436693365.0,600519.SH
2024-07-11,9381.1421,9488.2385,9326.2151,9449.3506,2902014.0,4236960596.0,600519.SH
2024-07-12,9510.8059,9586.1616,9468.2599,9543.5032,2338634.0,3451132648.0,600519.SH
2024-07-15,9493.8663,9595.1661,9493.8663,9521.4423,1917626.0,2835374730.0,600519.SH
2024-07-16,9527.6329,9561.3995,9466.0088,9527.6329,2031644.0,2998367128.0,600519.SH
2024-07-17,9528.1956,9679.5826,9493.9788,9670.5781,3431101.0,5115680654.0,600519.SH
2024-07-18,9659.8854,9747.1158,9620.6598,9648.6861,2887039.0,4337214601.0,600519.SH
2024-07-19,9610.9801,9826.9175,9572.7113,9806.8826,3894291.0,5888615145.0,600519.SH
2024-07-22,9803.5622,9831.4197,9615.7074,9657.0715,2854321.0,4300813310.0,600519.SH
2024-07-23,9657.0715,9668.327,9409.4498,9409.4498,3094396.0,4555460198.0,600519.SH
2024-07-24,9382.4365,9458.4113,9296.8945,9325.1458,2412255.0,3490200973.0,600519.SH
2024-07-25,9325.1458,9370.0554,9212.5342,9271.5132,2834656.0,4054086714.0,600519.SH
2024-07-26,9271.5132,9312.202,9161.2653,9224.8028,3235379.0,4594928574.0,600519.SH
2024-07-29,9184.3391,9223.6772,9088.6671,9088.7797,3086907.0,4342610100.0,600519.SH
2024-07-30,9021.0214,9045.1645,8882.1281,8987.311,5177904.0,7103491566.0,600519.SH
2024-07-31,8948.5357,9253.3918,8948.5357,9219.6815,4327232.0,6098149721.0,600519.SH
2024-08-01,9201.2224,9212.478,9013.8178,9022.0344,3203810.0,4470988088.0,600519.SH
2024-08-02,8951.3496,9082.8705,8951.3496,9018.0386,2192769.0,3041726372.0,600519.SH
2024-08-05,9037.3419,9246.2446,9018.4326,9156.2566,3773607.0,5327127147.0,600519.SH
2024-08-06,9223.7335,9234.989,9066.2123,9126.3731,2744433.0,3860735014.0,600519.SH
2024-08-07,9130.8754,9223.6772,9090.3554,9187.153,2062221.0,2910580747.0,600519.SH
2024-08-08,9161.8281,9371.0684,9150.5725,9272.6388,2513082.0,3592705430.0,600519.SH
2024-08-09,9437.7574,9488.2385,9307.0244,9307.0244,3013849.0,4368705515.0,600519.SH
2024-08-12,9268.7556,9341.9166,9249.5087,9303.085,1363203.0,1956573438.0,600519.SH
2024-08-13,9285.6389,9296.8945,9167.5121,9229.4175,1630843.0,2317037756.0,600519.SH
2024-08-14,9229.4175,9240.054,9167.5684,9174.7719,1341431.0,1898377426.0,600519.SH
2024-08-15,9128.2303,9302.4659,9122.1523,9251.2533,2303897.0,3275699572.0,600519.SH
2024-08-16,9250.6905,9302.072,9195.6509,9275.5089,1645470.0,2349825846.0,600519.SH
2024-08-19,9280.0112,9431.2855,9240.6168,9243.093,2043279.0,2942106435.0,600519.SH
2024-08-20,9268.1929,9268.3617,9178.7114,9227.7855,1859138.0,2644814344.0,600519.SH
2024-08-21,9212.478,9257.3875,9188.2223,9198.8588,1509165.0,2144746551.0,600519.SH
2024-08-22,9189.9669,9212.478,9099.9789,9156.4817,1952729.0,2750868073.0,600519.SH
2024-08-23,9144.9448,9232.1751,9134.3646,9184.2829,1532046.0,2166499202.0,600519.SH
2024-08-26,9195.5947,9234.2011,9117.6501,9167.4558,1562841.0,2207595461.0,600519.SH
2024-08-27,9167.4558,9173.0836,9106.1695,9122.8277,1365740.0,1920770570.0,600519.SH
2024-08-28,9122.8277,9133.6892,8959.2285,9038.0172,3166351.0,4388025875.0,600519.SH
2024-08-29,8987.3673,9201.2224,8987.3673,9174.7719,2747161.0,3864270621.0,600519.SH
2024-08-30,9173.0836,9426.727,9128.0615,9342.9859,3873923.0,5576118649.0,600519.SH
2024-09-02,9268.7556,9313.7778,9071.7838,9071.7838,3413459.0,4801049927.0,600519.SH
2024-09-03,9088.6671,9184.2266,9060.6408,9156.2003,1788760.0,2516125842.0,600519.SH
2024-09-04,9111.1782,9207.9195,9098.4594,9099.9226,1421109.0,1995221417.0,600519.SH
2024-09-05,9102.7365,9139.317,9083.0393,9127.3861,1450295.0,2033680839.0,600519.SH
2024-09-06,9128.0615,9133.6892,9088.6671,9088.6671,1032104.0,1445537257.0,600519.SH
2024-09-09,8987.4236,9064.524,8931.5399,8959.2285,2863755.0,3950086825.0,600519.SH
2024-09-10,8931.2022,9060.5283,8931.2022,8976.1118,1980284.0,2737295644.0,600519.SH
2024-09-11,8962.6052,9020.4586,8902.9508,8987.3673,2099577.0,2892932794.0,600519.SH
2024-09-12,8987.3673,9015.5062,8733.6113,8734.4555,4794831.0,6482445000.0,600519.SH
2024-09-13,8711.6068,8717.2345,8521.9511,8560.3887,5600511.0,7329376917.0,600519.SH
2024-09-18,8537.146,8537.2023,8349.5163,8350.867,4618531.0,5895948011.0,600519.SH
2024-09-19,8323.2909,8497.0763,8232.2899,8317.6632,5998821.0,7623739997.0,600519.SH
2024-09-20,8320.477,8390.2613,8255.9266,8334.0962,3998184.0,5038507835.0,600519.SH
2024-09-23,8357.0575,8500.5656,8315.7497,8320.7021,4554969.0,5809791682.0,600519.SH
2024-09-24,8453.236,8947.973,8340.6807,8945.7219,10041281.0,13297277523.0,600519.SH
2024-09-25,9100.204,9251.8723,9081.4073,9094.2949,7395380.0,10420109655.0,600519.SH
2024-09-26,9099.6975,9830.8006,9077.4116,9825.9045,9727806.0,14269262657.0,600519.SH
2024-09-27,10225.4759,10389.8066,10030.5301,10389.8066,8792167.0,14050260569.0,600519.SH
2024-09-30,10743.2304,11125.2431,10518.1197,11058.3853,15729341.0,26982747037.0,600519.SH
2024-10-08,11970.0834,11970.0834,10676.7102,10917.6911,19470947.0,35114075007.0,600519.SH
2024-10-09,10788.2525,10788.2525,10169.1982,10198.1812,12019684.0,19708432734.0,600519.SH
2024-10-10,10350.7499,10608.6142,10174.826,10450.5865,7460342.0,12198964035.0,600519.SH
2024-10-11,10312.1435,10450.3614,10169.1982,10253.5584,4191471.0,6764982707.0,600519.SH
2024-10-14,10298.6368,10341.5767,10119.505,10236.6751,4481202.0,7181350822.0,600519.SH
2024-10-15,10219.8481,10231.0474,9961.0271,9968.0056,4357143.0,6884141869.0,600519.SH
2024-10-16,9892.7623,9942.962,9718.9769,9789.324,4666440.0,7140169692.0,600519.SH
2024-10-17,9870.9266,9874.6409,9625.6123,9632.3093,3945955.0,5964778958.0,600519.SH
2024-10-18,9623.3049,10044.4869,9544.2911,9893.4377,6861930.0,10418043492.0,600519.SH
2024-10-21,9894.6195,9943.9187,9782.0642,9824.7789,4200790.0,6433918335.0,600519.SH
2024-10-22,9812.1727,10001.3782,9798.8912,9904.6932,3626913.0,5607826492.0,600519.SH
2024-10-23,9910.94,10095.7559,9842.7878,10042.5735,4008846.0,6259600035.0,600519.SH
2024-10-24,10005.993,10084.7817,9916.005,9956.4687,2392280.0,3723973209.0,600519.SH
2024-10-25,9927.2043,10083.5999,9921.6328,9993.8933,2774508.0,4328271351.0,600519.SH
2024-10-28,10000.3652,10028.5041,9787.8045,10028.5041,3912140.0,6064453668.0,600519.SH
2024-10-29,10000.3652,10112.9206,9831.5322,9840.6492,4116578.0,6368105233.0,600519.SH
2024-10-30,9803.3934,9950.7846,9794.4453,9842.7878,3200574.0,4913175983.0,600519.SH
2024-10-31,9843.6319,9887.8099,9775.2546,9819.0949,2995735.0,4575545180.0,600519.SH
2024-11-01,9780.8823,9916.6803,9779.7568,9852.6364,3228392.0,4954302212.0,600519.SH
2024-11-04,9915.5548,9944.0876,9820.6144,9933.9576,2909292.0,4481761764.0,600519.SH
2024-11-05,9887.8099,10099.9767,9865.3551,10095.981,4564047.0,7134443464.0,600519.SH
2024-11-06,10084.7817,10163.5142,10007.2311,10062.2707,3763143.0,5916917616.0,600519.SH
2024-11-07,10014.2095,10526.5614,10013.3091,10502.0243,7473872.0,12074951757.0,600519.SH
2024-11-08,10568.1506,10603.1553,10231.1599,10281.5847,6077120.0,9885645907.0,600519.SH
2024-11-11,10169.1982,10281.4721,10040.8289,10214.2766,4385365.0,6957095385.0,600519.SH
2024-11-12,10163.5704,10354.9145,10078.8726,10097.1628,4922266.0,7844798676.0,600519.SH
2024-11-13,10045.3874,10150.4015,10007.5688,10104.4789,2912526.0,4594445032.0,600519.SH
2024-11-14,10056.6429,10194.2418,10032.1621,10078.0284,2924814.0,4617144097.0,600519.SH
2024-11-15,10051.0151,10134.3061,9960.9709,9994.7375,3376112.0,5295326892.0,600519.SH
2024-11-18,10011.6208,10090.3532,9972.2264,9994.7375,2709219.0,4237197499.0,600519.SH
2024-11-19,10028.5041,10053.0974,9803.3934,9898.6152,3326643.0,5138831155.0,600519.SH
2024-11-20,9904.6932,9966.4298,9838.8483,9914.8795,2134455.0,3292675257.0,600519.SH
2024-11-21,9909.5894,9938.4035,9842.7878,9916.6803,1826179.0,2810933515.0,600519.SH
2024-11-22,9894.2818,9931.5376,9706.7084,9706.7084,3343611.0,5107288992.0,600519.SH
2024-11-25,9724.6047,9842.7878,9643.9588,9654.6516,3318556.0,5011136234.0,600519.SH
2024-11-26,9654.6516,9768.9515,9600.1185,9713.3492,2574479.0,3876885984.0,600519.SH
2024-11-27,9713.3492,9787.3543,9690.8381,9769.9082,2593417.0,3927607772.0,600519.SH
2024-11-28,9786.5101,9803.3371,9673.9548,9763.999,2395203.0,3627662382.0,600519.SH
2024-11-29,9758.3713,9972.2264,9737.0421,9807.558,3608810.0,5534035503.0,600519.SH
2024-12-02,9809.0212,9831.476,9747.6785,9803.3934,2681954.0,4086609952.0,600519.SH
2024-12-03,9797.7656,9825.3417,9753.1937,9813.1857,2480662.0,3777197199.0,600519.SH
2024-12-04,9775.6485,9795.8522,9718.9769,9775.2546,2392389.0,3626565544.0,600519.SH
2024-12-05,9723.8168,9763.2112,9718.9769,9724.6047,1614147.0,2441318387.0,600519.SH
2024-12-06,9735.8602,9881.6194,9708.1153,9780.9386,3203969.0,4883148600.0,600519.SH
2024-12-09,9786.6227,9829.9565,9736.9858,9768.5013,1979986.0,3008173586.0,600519.SH
2024-12-10,10056.6429,10111.4011,9916.9617,9924.8969,6031210.0,9421340719.0,600519.SH
2024-12-11,9887.8099,9972.2264,9837.0475,9863.0477,2967112.0,4569662604.0,600519.SH
2024-12-12,9842.9003,10034.1318,9825.9045,10033.0063,4193652.0,6510547810.0,600519.SH
2024-12-13,9944.1438,9972.1701,9768.9515,9769.6268,4951197.0,7580908315.0,600519.SH
2024-12-16,9780.8823,9825.9045,9722.9726,9815.7745,3253710.0,4945298799.0,600519.SH
2024-12-17,9808.9649,10051.0151,9780.9386,9989.1097,5417163.0,8398945449.0,600519.SH
2024-12-18,9988.9409,10096.0373,9927.767,10065.0845,4116226.0,6440801971.0,600519.SH
2024-12-19,10029.2919,10044.9934,9945.9447,9949.7716,2480932.0,3862602665.0,600519.SH
2024-12-20,9972.2939,10032.3422,9909.7694,9920.9124,2815774.0,4307425535.0,600519.SH
2024-12-23,9926.5402,10010.9567,9892.7736,9945.956,2160269.0,3300971424.0,600519.SH
2024-12-24,9937.7957,10044.7233,9918.605,10015.5715,2210492.0,3394160299.0,600519.SH
2024-12-25,10015.4589,10015.4589,9943.9863,9965.9346,1712339.0,2621061878.0,600519.SH
2024-12-26,9988.4456,10015.3463,9926.5402,9953.4972,1828651.0,2798840003.0,600519.SH
2024-12-27,9959.744,9999.7012,9906.843,9960.138,2075932.0,3170191445.0,600519.SH
2024-12-30,9988.2768,10044.4982,9937.7957,9937.7957,2512982.0,3849542646.0,600519.SH
2024-12-31,9940.0468,10050.351,9920.9687,9932.168,3935445.0,6033540366.0,600519.SH
2025-01-02,9932.168,9934.9256,9684.5462,9729.5684,5002870.0,7490883773.0,600519.SH
2025-01-03,9766.1489,9768.9065,9611.4416,9656.4074,3262836.0,4836610288.0,600519.SH
2025-01-06,9532.5966,9586.9608,9418.9157,9459.4356,4425512.0,6392479712.0,600519.SH
2025-01-07,9485.661,9526.3497,9453.8078,9460.5612,2422118.0,3494634227.0,600519.SH
2025-01-08,9459.4356,9525.9558,9384.3612,9473.505,3525821.0,5071821246.0,600519.SH
2025-01-09,9510.0292,9597.7661,9419.9287,9481.9467,2970565.0,4295852736.0,600519.SH
2025-01-10,9499.3927,9526.6874,9436.9245,9436.9245,2187195.0,3154677598.0,600519.SH
2025-01-13,9375.0191,9484.4229,9358.1921,9481.8341,2108251.0,3030806870.0,600519.SH
2025-01-14,9487.293,9677.1176,9470.6911,9642.338,3095657.0,4535651504.0,600519.SH
2025-01-15,9611.3853,9654.1563,9572.0472,9635.4158,1839934.0,2701518712.0,600519.SH
2025-01-16,9650.7797,9699.5161,9470.6911,9495.3407,2634213.0,3840411437.0,600519.SH
2025-01-17,9495.397,9577.6187,9495.3407,9542.4452,1830894.0,2663227309.0,600519.SH
2025-01-20,9577.6187,9739.6421,9571.9909,9655.2819,3140975.0,4647626351.0,600519.SH
2025-01-21,9690.174,9695.8018,9600.1298,9617.8572,1685604.0,2481821229.0,600519.SH
2025-01-22,9590.3937,9616.7317,9448.1801,9465.0634,2829384.0,4088101682.0,600519.SH
2025-01-23,9515.5444,9617.0131,9448.1801,9476.3189,2712504.0,3932700850.0,600519.SH
2025-01-24,9470.6911,9503.2759,9404.9025,9436.9245,3136034.0,4515322685.0,600519.SH
2025-01-27,9442.5523,9481.7778,9386.3872,9431.2405,2935646.0,4213534543.0,600519.SH
2025-02-05,9459.4356,9476.3189,9246.7623,9255.7105,4075652.0,5753730034.0,600519.SH
2025-02-06,9234.3812,9358.0795,9234.3812,9306.5855,2735582.0,3859568163.0,600519.SH
2025-02-07,9311.3128,9474.518,9253.5156,9436.9245,3724207.0,5310850624.0,600519.SH
2025-02-10,9448.1801,9459.4356,9386.7811,9411.6559,2083979.0,2988101756.0,600519.SH
2025-02-11,9431.0154,9436.6994,9323.8064,9335.6247,2357283.0,3348668867.0,600519.SH
2025-02-12,9335.6247,9487.5744,9329.3216,9476.3189,2547579.0,3644170477.0,600519.SH
2025-02-13,9476.4315,9657.8144,9428.5392,9600.4674,4338536.0,6335985851.0,600519.SH
2025-02-14,9600.4674,9667.6629,9561.9735,9656.4074,2709992.0,3978694098.0,600519.SH
2025-02-17,9690.174,9768.8502,9611.9481,9637.3856,3247059.0,4804663813.0,600519.SH
2025-02-18,9628.2686,9757.6509,9583.6967,9656.4074,2779992.0,4113845397.0,600519.SH
2025-02-19,9656.6888,9765.8112,9599.567,9746.4517,3239331.0,4803378441.0,600519.SH
2025-02-20,9701.4295,9751.9106,9647.3467,9650.7797,2374973.0,3513552984.0,600519.SH
2025-02-21,9684.5462,9778.6988,9645.2082,9730.7502,3641783.0,5418169587.0,600519.SH
2025-02-24,9729.5684,9794.4002,9650.7797,9679.3124,3474373.0,5157907322.0,600519.SH
2025-02-25,9628.3249,9647.3467,9526.9688,9538.2243,2838743.0,4142814459.0,600519.SH
2025-02-26,9546.3846,9599.9046,9487.5744,9572.0472,2636609.0,3835949041.0,600519.SH
2025-02-27,9572.1035,9740.2611,9538.2243,9715.8366,4976217.0,7368002361.0,600519.SH
2025-02-28,9715.499,9956.8176,9695.8018,9801.5475,5612895.0,8475738166.0,600519.SH
2025-03-03,9811.7338,9915.2284,9692.9879,9724.0532,3159566.0,4736679903.0,600519.SH
2025-03-04,9712.6851,9718.3128,9601.3116,9628.8876,2521121.0,3710675863.0,600519.SH
2025-03-05,9639.5241,9650.7797,9572.5537,9607.8398,2460522.0,3606932152.0,600519.SH
2025-03-06,9650.7797,9854.5048,9639.9743,9830.7556,4216764.0,6297117400.0,600519.SH
2025-03-07,9813.9849,9956.705,9813.9849,9915.2847,3799135.0,5760608729.0,600519.SH
2025-03-10,9908.5876,9948.3759,9831.6561,9925.9774,3136907.0,4758789260.0,600519.SH
2025-03-11,9892.7736,10071.0612,9864.6348,10071.0612,3977560.0,6094007854.0,600519.SH
2025-03-12,10061.3815,10076.689,9945.3932,10036.7319,2960396.0,4552923644.0,600519.SH
2025-03-13,10044.7233,10109.4426,9970.887,10009.6623,2572439.0,3966369271.0,600519.SH
2025-03-14,10065.3209,10517.5119,10027.84,10517.5119,9291315.0,14882842708.0,600519.SH
2025-03-17,10680.6609,10686.2323,10511.1525,10572.9454,5468913.0,8985138902.0,600519.SH
2025-03-18,10613.3528,10652.522,10482.0007,10494.9446,3161345.0,5153210436.0,600519.SH
2025-03-19,10496.5766,10630.011,10489.3168,10560.8457,2738955.0,4477128770.0,600519.SH
2025-03-20,10560.8457,10571.4822,10332.1333,10382.3892,3673677.0,5903879207.0,600519.SH
2025-03-21,10354.2504,10428.5369,10184.4607,10212.1493,3361430.0,5324973190.0,600519.SH
2025-03-24,10191.0452,10301.6871,10148.1616,10264.2062,2556585.0,4032223482.0,600519.SH
2025-03-25,10292.345,10319.3583,10172.2485,10221.9979,1767438.0,2783286813.0,600519.SH
2025-03-26,10206.6341,10261.8425,10196.673,10224.8118,1432356.0,2257639750.0,600519.SH
2025-03-27,10224.8118,10350.0296,10210.0671,10297.9728,1795563.0,2848889210.0,600519.SH
2025-03-28,10308.8343,10320.4838,10224.8118,10276.6435,1622789.0,2569470015.0,600519.SH
2025-03-31,10252.8381,10286.4921,10135.1052,10140.3953,2108494.0,3311857714.0,600519.SH
2025-04-01,10157.2786,10190.4261,10090.9272,10112.369,1855644.0,2893739955.0,600519.SH
2025-04-02,10123.512,10178.6641,10053.1649,10072.9747,2167401.0,3371883024.0,600519.SH
2025-04-03,9965.9346,10281.0895,9960.3631,10184.7421,3548050.0,5557442052.0,600519.SH
2025-04-07,9909.7132,10004.4848,9583.2465,9797.1016,10195267.0,15314738235.0,600519.SH
2025-04-08,9870.2625,10050.351,9768.9627,10050.351,7387649.0,11226977557.0,600519.SH
2025-04-09,9937.9083,10116.7587,9912.7522,10028.0651,5563004.0,8562928225.0,600519.SH
2025-04-10,10084.0614,10106.6287,9954.679,10072.8621,3862021.0,5963650791.0,600519.SH
2025-04-11,10247.154,10247.154,10050.351,10185.3049,3263423.0,5087359924.0,600519.SH
2025-04-14,10140.2265,10168.5341,10087.1004,10089.6891,2171144.0,3379425640.0,600519.SH
2025-04-15,10089.7454,10162.9064,10050.351,10123.512,2148928.0,3339942729.0,600519.SH
2025-04-16,10089.7454,10224.8118,10005.3289,10130.0965,3115605.0,4834880596.0,600519.SH
2025-04-17,10101.0009,10227.6257,10078.4336,10191.0452,2384605.0,3733924973.0,600519.SH
2025-04-18,10168.5341,10219.184,10112.2565,10168.1965,2029848.0,3179974340.0,600519.SH
2025-04-21,10165.7203,10165.7203,10084.1176,10084.1176,1805703.0,2808158177.0,600519.SH
2025-04-22,10078.4899,10113.9448,10040.2773,10071.7366,1843214.0,2857525967.0,600519.SH
2025-04-23,10129.1398,10130.3779,10050.351,10089.7454,1866876.0,2895468892.0,600519.SH
2025-04-24,10089.7454,10138.5944,10072.7496,10091.1524,1487181.0,2313372072.0,600519.SH
2025-04-25,10118.447,10141.5209,10078.4899,10078.4899,1476490.0,2295029705.0,600519.SH
2025-04-28,10089.7454,10106.6287,10059.3555,10078.4899,1465972.0,2274252465.0,600519.SH
2025-04-29,10078.4899,10092.7844,9977.3026,10044.7233,1892180.0,2917422938.0,600519.SH
2025-04-30,10078.4336,10172.2485,10057.6671,10061.6066,2575425.0,4005439429.0,600519.SH
2025-05-06,10129.1398,10129.1398,10046.5804,10079.6154,1830026.0,2838614215.0,600519.SH
2025-05-07,10191.0452,10191.0452,10079.6154,10106.6287,2746221.0,4275142569.0,600519.SH
2025-05-08,10095.3732,10319.2457,10077.5332,10237.1366,3348106.0,5265446444.0,600519.SH
2025-05-09,10241.6388,10345.5274,10219.4654,10310.2413,2367190.0,3757574546.0,600519.SH
2025-05-12,10348.6227,10466.4118,10340.8001,10385.2031,2473533.0,3967785800.0,600519.SH
2025-05-13,10410.0779,10410.0779,10276.0807,10305.2889,2125829.0,3386617848.0,600519.SH
2025-05-14,10303.6005,10613.1277,10293.358,10556.7937,3946012.0,6394735058.0,600519.SH
2025-05-15,10555.7244,10605.1925,10495.6762,10540.023,2473285.0,4043402636.0,600519.SH
2025-05-16,10551.166,10568.0493,10439.3985,10439.3985,2293522.0,3714508659.0,600519.SH
2025-05-19,10337.3671,10359.8782,10212.8809,10241.5825,3806283.0,6021950010.0,600519.SH
2025-05-20,10247.3229,10330.6138,10219.7468,10281.0895,1952153.0,3095742637.0,600519.SH
2025-05-21,10275.4617,10337.0295,10252.7818,10252.7818,1979464.0,3143941416.0,600519.SH
2025-05-22,10252.8944,10275.4054,10191.608,10247.3229,1509024.0,2381236586.0,600519.SH
2025-05-23,10220.3096,10291.7822,10200.3873,10205.6774,2153700.0,3399424961.0,600519.SH
2025-05-26,10191.0452,10217.1018,10050.351,10081.3038,2708653.0,4212944430.0,600519.SH
2025-05-27,10084.1176,10126.8887,10041.9657,10044.1605,1775213.0,2748945675.0,600519.SH
2025-05-28,10044.667,10058.5676,9982.8179,10005.3289,1626568.0,2504624605.0,600519.SH
2025-05-29,10022.2122,10106.6287,9977.1901,10022.2122,2185958.0,3375465796.0,600519.SH
2025-05-30,10023.0564,10050.351,9882.8687,9920.9124,3123918.0,4764875947.0,600519.SH
2025-06-03,9842.18,9904.0291,9825.353,9847.7515,2897918.0,4377892799.0,600519.SH
2025-06-04,9856.1931,9926.5402,9848.9896,9853.1541,2300809.0,3480363797.0,600519.SH
2025-06-05,9875.8903,9887.1458,9809.4827,9875.8903,2321366.0,3504925524.0,600519.SH
2025-06-06,9874.7647,9903.8603,9813.9849,9833.063,2502307.0,3777727616.0,600519.SH
2025-06-09,9825.353,9846.0631,9716.512,9718.9319,4495867.0,6723839138.0,600519.SH
2025-06-10,9718.3128,9752.0794,9655.2819,9656.4637,3049220.0,4511934584.0,600519.SH
2025-06-11,9666.5374,9763.335,9662.598,9684.5462,3089282.0,4585522755.0,600519.SH
2025-06-12,9684.5462,9706.3257,9538.7871,9566.3632,4990361.0,7306800800.0,600519.SH
2025-06-13,9484.2541,9515.5444,9375.3568,9385.9933,5911325.0,8466515559.0,600519.SH
2025-06-16,9241.0783,9375.2442,9240.9657,9359.7679,4288787.0,6060448438.0,600519.SH
2025-06-17,9346.8803,9386.2746,9302.8711,9386.2746,2723151.0,3868364671.0,600519.SH
2025-06-18,9459.4356,9478.7951,9352.5643,9375.0191,3076099.0,4404131364.0,600519.SH
2025-06-19,9380.6469,9423.8118,9331.01,9380.6469,2450072.0,3490268568.0,600519.SH
2025-06-20,9367.0277,9465.8513,9348.0058,9395.6167,3481581.0,4990683314.0,600519.SH
2025-06-23,9346.8803,9420.0412,9263.4768,9346.8803,2672331.0,3794012343.0,600519.SH
2025-06-24,9365.7333,9525.1679,9365.7333,9443.6779,3631151.0,5229183514.0,600519.SH
2025-06-25,9454.4269,9511.2111,9349.7504,9436.1366,4105007.0,5869292227.0,600519.SH
2025-06-26,9474.4786,9547.6396,9446.79,9502.6175,3486025.0,4955829982.0,600519.SH
2025-06-27,9502.6737,9519.5007,9407.4519,9407.4519,3824973.0,5404312675.0,600519.SH
2025-06-30,9409.7593,9464.5175,9401.3177,9443.6385,3045730.0,4287373691.0,600519.SH
2025-07-01,9440.712,9457.2577,9408.69,9418.7637,1987819.0,2794423203.0,600519.SH
2025-07-02,9443.5259,9473.3531,9390.0621,9444.0887,2621825.0,3689246316.0,600519.SH
2025-07-03,9457.5953,9517.7561,9435.0843,9477.8553,2441267.0,3456733002.0,600519.SH
2025-07-04,9478.4181,9569.5316,9446.3961,9515.1111,2876691.0,4086547268.0,600519.SH
2025-07-07,9515.4488,9522.3146,9446.3961,9450.2792,2385467.0,3370562659.0,600519.SH
2025-07-08,9450.3355,9502.6175,9450.2792,9480.7254,1867370.0,2643302691.0,600519.SH
2025-07-09,9474.4786,9558.7263,9469.8076,9496.3144,2774532.0,3950810723.0,600519.SH
2025-07-10,9496.8209,9593.6747,9448.5909,9539.1979,3872503.0,5503329754.0,600519.SH
2025-07-11,9520.4012,9716.4726,9520.4012,9542.0118,5724335.0,8239010390.0,600519.SH
2025-07-14,9558.8951,9586.9214,9511.6219,9522.8774,2778094.0,3961736006.0,600519.SH
2025-07-15,9508.1327,9519.1068,9436.8851,9451.9676,3540578.0,5005150165.0,600519.SH
2025-07-16,9446.3961,9488.4918,9446.0584,9452.1364,2128605.0,3006882579.0,600519.SH
2025-07-17,9468.7383,9519.557,9462.5478,9482.0761,2310554.0,3273100406.0,600519.SH
2025-07-18,9502.6175,9602.848,9482.2449,9598.2895,4182341.0,5984949774.0,600519.SH
2025-07-21,9598.2332,9653.4416,9587.0339,9632.0561,2620331.0,3779891829.0,600519.SH
2025-07-22,9637.6838,9764.8714,9618.9997,9755.7544,4211898.0,6127636851.0,600519.SH
2025-07-23,9778.378,9924.6999,9778.0966,9814.9585,4504484.0,6676301462.0,600519.SH
2025-07-24,9817.7724,9947.211,9812.1446,9905.0027,3880364.0,5786337377.0,600519.SH
2025-07-25,9904.44,9904.44,9688.3337,9699.5893,4191126.0,6140078741.0,600519.SH
2025-07-28,9688.3337,9699.533,9594.35,9607.6316,3858632.0,5560966386.0,600519.SH
2025-07-29,9612.9217,9664.6408,9587.0902,9609.545,2630408.0,3785848102.0,600519.SH
2025-07-30,9637.6838,9711.7452,9598.2895,9668.2989,3186771.0,4612883040.0,600519.SH
2025-07-31,9632.0561,9642.58,9491.3619,9512.0158,5179751.0,7386302758.0,600519.SH
2025-08-01,9513.1414,9536.1589,9468.8509,9485.7342,2963559.0,4200850790.0,600519.SH
2025-08-04,9474.4786,9501.4919,9468.8509,9496.9897,1868795.0,2647105740.0,600519.SH
2025-08-05,9508.2452,9558.5574,9486.3532,9546.1764,2534227.0,3607931488.0,600519.SH
2025-08-06,9553.2673,9553.2673,9498.678,9524.4532,2369928.0,3372334940.0,600519.SH
2025-08-07,9524.4532,9545.9513,9502.9551,9515.8427,2800134.0,3988765795.0,600519.SH
2025-08-08,9519.7821,9539.1979,9491.3619,9508.0764,1865528.0,2651478118.0,600519.SH
2025-08-11,9522.3146,9682.6497,9519.5007,9643.3116,4715907.0,6794034090.0,600519.SH
2025-08-12,9665.8227,9756.2609,9592.6617,9598.5146,4201923.0,6095342036.0,600519.SH
2025-08-13,9530.7563,9579.6053,9502.6175,9502.8988,6552754.0,9325460101.0,600519.SH
2025-08-14,9507.9076,9657.4373,9507.9076,9541.9555,4812930.0,6897535330.0,600519.SH
2025-08-15,9536.4403,9551.3539,9503.8556,9514.3232,4758165.0,6772436997.0,600519.SH
2025-08-18,9541.9555,9596.2635,9520.0635,9550.4535,4737798.0,6773477871.0,600519.SH
2025-08-19,9578.5923,9652.6537,9570.1506,9603.9172,4637186.0,6678541001.0,600519.SH
2025-08-20,9603.9172,9687.2082,9559.0077,9671.4504,4580466.0,6623095725.0,600519.SH
2025-08-21,9690.8662,9699.533,9635.7141,9661.6018,3089057.0,4470441662.0,600519.SH
2025-08-22,9665.1473,9750.2392,9642.0172,9749.9578,4497058.0,6544867368.0,600519.SH
2025-08-25,9784.062,9930.3277,9761.4947,9898.4182,6532455.0,9676719498.0,600519.SH
2025-08-26,9898.362,9920.3665,9840.3397,9849.3441,3960213.0,5883917000.0,600519.SH
2025-08-27,9850.8636,9868.0283,9660.1949,9660.1949,5600609.0,8184169113.0,600519.SH
2025-08-28,9660.0261,9705.7798,9608.2506,9649.5021,3928177.0,5683673273.0,600519.SH
2025-08-29,9688.3337,9854.8031,9682.706,9840.2834,6225648.0,9159701454.0,600519.SH
2025-09-01,9852.6645,9885.3055,9759.8064,9818.3351,4512338.0,6658918555.0,600519.SH
2025-09-02,9832.7422,10003.4886,9829.0279,9903.8772,5668837.0,8470012816.0,600519.SH
2025-09-03,9902.1888,9972.5359,9761.4947,9843.3787,4504503.0,6656011145.0,600519.SH
2025-09-04,9795.2613,9836.344,9730.3731,9798.9756,4774676.0,7017084750.0,600519.SH
2025-09-05,9789.6335,9879.509,9750.2392,9857.1667,3738848.0,5519312163.0,600519.SH
2025-09-08,9857.1667,9989.0816,9826.214,9959.7609,5138298.0,7682065696.0,600519.SH
2025-09-09,9980.9776,10008.835,9915.808,9980.9776,3574277.0,5366650005.0,600519.SH
2025-09-10,9990.3197,10121.3903,9930.3277,10076.7059,4966331.0,7541460049.0,600519.SH
2025-09-11,10076.7059,10099.2732,10000.6748,10085.0912,3723896.0,5642778456.0,600519.SH
2025-09-12,10099.1607,10166.8064,10012.0991,10042.883,3372209.0,5132184935.0,600519.SH
2025-09-15,10042.1514,10051.2121,9961.2804,10037.818,2582703.0,3901929718.0,600519.SH
2025-09-16,10037.818,10070.9656,9931.5095,9952.7262,3271789.0,4928374478.0,600519.SH
2025-09-17,9952.7825,10010.6922,9896.6174,9913.4444,3033054.0,4534770634.0,600519.SH
2025-09-18,9907.8166,9940.4577,9747.4253,9772.5251,4972125.0,7347477479.0,600519.SH
2025-09-19,9772.6939,9814.9585,9710.9011,9772.5814,3263662.0,4784528851.0,600519.SH
2025-09-22,9756.3734,9772.5814,9671.5067,9690.3035,3494708.0,5085057536.0,600519.SH
2025-09-23,9674.2643,9713.6587,9615.1728,9656.9308,3866300.0,5588384388.0,600519.SH
2025-09-24,9581.8001,9709.6067,9581.8001,9626.4283,3074350.0,4443052872.0,600519.SH
2025-09-25,9631.0994,9644.4934,9592.6617,9609.545,3386973.0,4873274661.0,600519.SH
2025-09-26,9621.8135,9655.1862,9547.6959,9587.0339,4512071.0,6480889597.0,600519.SH
2025-09-29,9611.6836,9783.9495,9587.0339,9732.568,5368403.0,7798434586.0,600519.SH
2025-09-30,9727.7281,9732.0052,9615.1728,9637.6276,3936362.0,5687474876.0,600519.SH
2025-10-09,9592.6617,9611.6836,9502.6175,9597.0514,5491812.0,7845448947.0,600519.SH
2025-10-10,9601.6661,9614.8351,9544.8257,9558.8951,3600144.0,5157459262.0,600519.SH
2025-10-13,9478.4181,9518.6566,9475.154,9498.1152,4606880.0,6533147458.0,600519.SH
2025-10-14,9558.8388,9750.2392,9558.8388,9677.1908,6667233.0,9639484605.0,600519.SH
2025-10-15,9676.9656,9744.6114,9643.7618,9738.9836,4278540.0,6233407482.0,600519.SH
2025-10-16,9738.5334,9868.1409,9721.425,9867.9158,4573015.0,6749162949.0,600519.SH
2025-10-17,9857.7295,9885.3055,9694.1303,9699.5893,3808589.0,5594724900.0,600519.SH
2025-10-20,9699.5893,9781.1919,9698.9139,9716.0786,2594988.0,3793283759.0,600519.SH
2025-10-21,9722.1003,9783.6681,9702.4031,9740.4468,2544267.0,3727984130.0,600519.SH
2025-10-22,9739.4339,9759.9752,9705.217,9720.412,1819492.0,2657486636.0,600519.SH
2025-10-23,9699.5893,9777.2524,9655.6927,9772.6377,2932235.0,4274652090.0,600519.SH
2025-10-24,9772.4688,9833.9803,9667.7361,9671.4504,3822583.0,5578603148.0,600519.SH
2025-10-27,9615.1728,9685.4636,9592.6054,9617.4802,3710239.0,5352667152.0,600519.SH
2025-10-28,9626.4283,9678.2038,9621.3633,9643.3116,2712433.0,3923817140.0,600519.SH
2025-10-29,9615.2853,9652.0346,9559.1202,9569.5879,3393711.0,4868780319.0,600519.SH
2025-10-30,9512.8037,9596.2072,9512.8037,9540.5486,4745610.0,6768821311.0,600519.SH
2025-10-31,9513.873,9592.5492,9503.2365,9558.9514,3569377.0,5109623861.0,600519.SH
2025-11-03,9564.5229,9660.1949,9503.1802,9587.0339,3454766.0,4945310830.0,600519.SH
2025-11-04,9587.5967,9591.4236,9523.8904,9553.2673,2656572.0,3793892903.0,600519.SH
2025-11-05,9535.765,9564.4666,9502.6737,9503.0677,3447527.0,4908475373.0,600519.SH
2025-11-06,9558.8951,9623.333,9558.8388,9587.7656,3834782.0,5505960415.0,600519.SH
2025-11-07,9587.653,9613.9347,9565.1419,9577.6356,1886139.0,2704995856.0,600519.SH
2025-11-10,9587.0339,9748.4946,9586.9214,9740.672,4945154.0,7181246441.0,600519.SH
2025-11-11,9738.9836,9739.9966,9654.5671,9722.0441,2669156.0,3882776772.0,600519.SH
2025-11-12,9727.6155,9831.0539,9723.2822,9756.7111,3299210.0,4849073051.0,600519.SH
2025-11-13,9739.659,9804.1532,9716.4726,9786.1443,3117923.0,4569178269.0,600519.SH
2025-11-14,9784.0058,9834.3743,9706.9054,9708.5937,2747306.0,4031007106.0,600519.SH
2025-11-17,9693.9615,9800.8891,9647.7575,9789.6335,3446221.0,5035780027.0,600519.SH
2025-11-18,9787.9452,9874.444,9778.378,9817.7724,3420478.0,5055675474.0,600519.SH
2025-11-19,9806.5168,9837.6384,9783.7806,9789.6898,2204537.0,3249449214.0,600519.SH
2025-11-20,9795.2613,9839.7206,9756.0358,9767.7415,2400232.0,3531653943.0,600519.SH
2025-11-21,9786.8196,9840.2834,9705.217,9764.8714,4260720.0,6259873433.0,600519.SH
2025-11-24,9767.1225,9789.6335,9677.8098,9682.706,3360744.0,4901903705.0,600519.SH
2025-11-25,9716.4726,9716.4726,9640.4977,9641.3419,2844069.0,4119930011.0,600519.SH
2025-11-26,9665.1473,9691.0913,9635.3202,9666.6668,2030616.0,2938818095.0,600519.SH
2025-11-27,9668.6366,9671.4504,9609.7701,9656.2555,2228689.0,3216797187.0,600519.SH
2025-11-28,9651.7533,9702.4031,9632.0561,9674.2643,2321121.0,3366696622.0,600519.SH
2025-12-01,9677.0782,9740.5031,9626.4283,9660.1949,2733342.0,3961994999.0,600519.SH
2025-12-02,9660.1949,9682.2557,9587.1465,9592.8305,2504726.0,3607543825.0,600519.SH
2025-12-03,9591.5924,9592.4929,9547.6396,9553.8301,2357279.0,3370080066.0,600519.SH
2025-12-04,9553.8301,9572.9645,9493.5005,9525.016,2907539.0,4134921902.0,600519.SH
2025-12-05,9525.016,9576.2849,9499.8036,9558.9514,2540166.0,3622681597.0,600519.SH
2025-12-08,9554.3929,9596.4323,9491.3619,9492.6,3360280.0,4789155770.0,600519.SH
2025-12-09,9492.6563,9508.2452,9390.3435,9395.7462,4263443.0,5995722121.0,600519.SH
2025-12-10,9390.0621,9405.8199,9295.4031,9405.8199,3313347.0,4625906139.0,600519.SH
2025-12-11,9427.5431,9457.539,9398.7852,9457.539,2238501.0,3149974074.0,600519.SH
2025-12-12,9491.3619,9530.7563,9466.4309,9506.2755,3715919.0,5273563274.0,600519.SH
2025-12-15,9612.8654,9615.1165,9533.9641,9536.384,3335879.0,4774362060.0,600519.SH
2025-12-16,9537.5096,9552.0292,9474.4786,9513.873,2396367.0,3403139194.0,600519.SH
2025-12-17,9530.7563,9614.8351,9489.561,9576.3412,3138249.0,4489482138.0,600519.SH
2025-12-18,9578.5923,9608.8697,9537.0031,9564.5229,1782995.0,2551177659.0,600519.SH
2025-12-19,9581.1642,9594.9522,9530.5706,9581.1642,2650868.0,3733028357.0,600519.SH
2025-12-22,9581.1642,9604.4631,9561.9172,9571.3719,2042565.0,2881636856.0,600519.SH
2025-12-23,9571.3719,9597.6535,9509.0725,9569.1208,2450681.0,3445377032.0,600519.SH
2025-12-24,9552.9691,9560.6791,9524.8865,9529.9515,2518669.0,3533253565.0,600519.SH
2025-12-25,9553.0254,9634.5154,9532.6528,9604.632,2338621.0,3299572096.0,600519.SH
2025-12-26,9604.632,9632.602,9581.1642,9604.4069,1780299.0,2520605635.0,600519.SH
2025-12-29,9604.4069,9604.4069,9530.5143,9536.1421,2630810.0,3694660107.0,600519.SH
2025-12-30,9530.5143,9535.5793,9446.0978,9467.0331,3379194.0,4702489813.0,600519.SH
2025-12-31,9468.6089,9491.1199,9396.4046,9396.4609,3476563.0,4799456452.0,600519.SH
2026-01-05,9440.47,9704.2997,9440.47,9671.2084,7094942.0,10018086372.0,600519.SH
2026-01-06,9708.0703,9732.945,9617.9135,9682.5203,3958618.0,5649710153.0,600519.SH
2026-01-07,9709.9275,9721.8583,9638.5674,9656.3511,2968380.0,4234255286.0,600519.SH
2026-01-08,9656.1823,9656.3511,9570.6965,9594.108,2913454.0,4117925041.0,600519.SH
2026-01-09,9620.5585,9685.8406,9614.9871,9632.3769,2984774.0,4243865418.0,600519.SH
2026-01-12,9632.3769,9699.3473,9621.1213,9655.6195,3608266.0,5135636033.0,600519.SH
2026-01-13,9675.6544,9691.0182,9575.4801,9586.7919,3916866.0,5555633779.0,600519.SH
2026-01-14,9586.7919,9650.1043,9503.3885,9513.6873,5175797.0,7285041159.0,600519.SH
2026-01-15,9502.488,9540.8131,9460.6174,9462.362,4090714.0,5698739671.0,600519.SH
2026-01-16,9496.7477,9510.8171,9412.3312,9423.5867,5512068.0,7643061998.0,600519.SH
2026-01-19,9423.024,9454.4832,9384.1924,9389.8201,4228640.0,5833745442.0,600519.SH
2026-01-20,9409.5173,9421.2231,9367.5905,9376.0321,3648443.0,5021900765.0,600519.SH
2026-01-21,9376.0884,9380.8157,9243.4982,9249.4636,6451625.0,8775880803.0,600519.SH
2026-01-22,9254.81,9309.6807,9173.0386,9187.5582,5901089.0,7962441434.0,600519.SH
2026-01-23,9187.7833,9232.2427,9144.8435,9170.3373,6194890.0,8301311489.0,600519.SH
2026-01-26,9190.0907,9271.637,9103.4794,9198.4761,8016606.0,10751225525.0,600519.SH
2026-01-27,9215.2468,9264.3209,9175.965,9204.1601,4841596.0,6514513216.0,600519.SH
