time,open,high,low,close_stock,volume,amount,thscode,close_index,ret_stock,ret_index,ret_excess
2015-01-06,1128.4723,1141.5696,1108.11,1117.3702,5502001.0,1094977375.0,600519.SH,3641.059,-0.02102289802122892,-0.00013236154693851976,-0.0208905364742904
2015-01-07,1108.2123,1125.9142,1077.2596,1092.3522,5479784.0,1063925641.0,600519.SH,3643.79,-0.022390072690322338,0.0007500565082849686,-0.023140129198607307
2015-01-08,1097.7754,1100.4358,1078.027,1086.3152,4052530.0,777874670.0,600519.SH,3559.259,-0.005526605796189243,-0.023198647562016506,0.017672041765827262
2015-01-09,1079.3572,1106.8309,1077.8735,1078.8968,5398220.0,1039955153.0,600519.SH,3546.723,-0.006828957194007779,-0.003522081422003831,-0.0033068757720039477
2015-01-12,1077.3108,1090.5616,1048.9673,1059.0461,4991459.0,934643414.0,600519.SH,3513.576,-0.018399072089193336,-0.009345810202826654,-0.009053261886366681
2015-01-13,1061.9623,1069.8412,1049.6835,1051.1161,3670808.0,683429624.0,600519.SH,3514.04,-0.00748787045247612,0.0001320591898397172,-0.007619929642315837
2015-01-14,1051.73,1059.4042,1030.6515,1042.4186,5240344.0,965036184.0,600519.SH,3502.423,-0.008274537893578016,-0.0033058815494416693,-0.004968656344136346
2015-01-15,1046.0511,1058.8926,1038.8373,1057.2043,4858552.0,895503097.0,600519.SH,3604.121,0.014184033170551835,0.029036469895269645,-0.01485243672471781
2015-01-16,1057.8694,1067.0785,1056.7438,1057.4089,3997806.0,746304289.0,600519.SH,3635.146,0.00019352929230409543,0.00860820155594122,-0.008414672263637124
2015-01-19,1031.2654,1042.5209,982.5085,1003.0242,6467937.0,1151544267.0,600519.SH,3355.155,-0.05143204298734383,-0.07702331625744885,0.02559127327010502
2015-01-20,1005.787,1028.7073,990.3362,1016.3262,6102274.0,1086018454.0,600519.SH,3396.222,0.013261893382034096,0.01223997102965435,0.001021922352379745
2015-01-21,1017.2983,1040.9861,1011.824,1038.2234,5267474.0,950750407.0,600519.SH,3548.885,0.021545444759763166,0.04495083065830219,-0.023405385898539022
2015-01-22,1038.2745,1048.4557,1026.1492,1032.4421,3825481.0,696541254.0,600519.SH,3567.613,-0.0055684547275663965,0.005277150428937505,-0.010845605156503901
2015-01-23,1026.7632,1042.9302,1026.712,1031.3677,3308455.0,600627336.0,600519.SH,3571.732,-0.001040639470242466,0.0011545534787547052,-0.002195192948997171
2015-01-26,1034.8467,1044.0558,1031.5212,1040.4745,3564906.0,650642102.0,600519.SH,3607.985,0.008829828585867228,0.010149977657898157,-0.0013201490720309295
2015-01-27,1040.5768,1040.5768,1015.9169,1026.712,4188362.0,755025862.0,600519.SH,3574.931,-0.013227138195121557,-0.009161346291628125,-0.004065791903493432
2015-01-28,1021.0331,1028.1957,1012.3356,1013.2054,3068066.0,547979157.0,600519.SH,3525.323,-0.013155198341891383,-0.013876631465054912,0.0007214331231635285
2015-01-29,1006.7079,1015.9169,1000.5685,1006.4521,3249254.0,571553419.0,600519.SH,3481.798,-0.006665282281361762,-0.012346386416223432,0.00568110413486167
2015-01-30,1010.7496,1031.2654,1008.2427,1011.7217,4750834.0,848744494.0,600519.SH,3434.39,0.005235817978819002,-0.013615953596389008,0.01885177157520801
2015-02-02,1003.1777,1007.7311,992.8943,999.6476,3398336.0,593379653.0,600519.SH,3353.96,-0.011934210761714414,-0.02341900599524216,0.011484795233527745
2015-02-03,1013.2565,1019.2424,1006.7079,1017.8099,2779280.0,493512567.0,600519.SH,3437.445,0.01816870265081416,0.024891471573900814,-0.006722768923086653
2015-02-04,1021.8005,1036.7908,1010.8008,1012.0798,3529371.0,634135328.0,600519.SH,3401.768,-0.005629833233101733,-0.010378929699238815,0.004749096466137082
2015-02-05,1020.8796,1030.7538,995.4523,995.7081,4123962.0,735861121.0,600519.SH,3366.946,-0.016176293608468506,-0.010236441756169223,-0.005939851852299283
2015-02-06,998.7267,1008.2427,993.4059,998.522,3710238.0,648205629.0,600519.SH,3312.42,0.0028260290340111904,-0.016194497921855566,0.019020526955866757
2015-02-09,1004.5079,1052.2416,1000.5685,1048.1487,8729358.0,1584342294.0,600519.SH,3345.921,0.049700156831797404,0.010113753690655036,0.03958640314114237
2015-02-10,1050.7068,1052.7532,1033.5677,1040.8838,5363887.0,984795852.0,600519.SH,3406.943,-0.0069311730291702345,0.018237728864489045,-0.02516890189365928
2015-02-11,1038.428,1047.8929,1036.7908,1042.2651,2289479.0,420358857.0,600519.SH,3434.124,0.0013270453435820784,0.007978119974416886,-0.006651074630834808
2015-02-12,1046.5627,1049.1208,1036.4327,1044.4139,2505098.0,458818631.0,600519.SH,3442.874,0.0020616635825183582,0.0025479569171060756,-0.0004862933345877174
2015-02-13,1047.1766,1049.1719,1033.3119,1038.8885,4012705.0,734977407.0,600519.SH,3469.828,-0.005290431312720001,0.00782892432310911,-0.01311935563582911
2015-02-16,1039.1443,1044.7209,1032.391,1043.0837,3952108.0,722512103.0,600519.SH,3499.483,0.00403816193941875,0.008546533142276935,-0.004508371202858186
2015-02-17,1044.3116,1046.0511,1035.9211,1037.5071,3417255.0,624854087.0,600519.SH,3522.322,-0.0053462632001629595,0.006526392612851595,-0.011872655813014554
2015-02-25,1041.4977,1055.3113,1031.8282,1046.4092,5993512.0,1104113268.0,600519.SH,3478.729,0.00858027863134625,-0.012376210919955777,0.020956489551302027
2015-02-26,1045.5906,1069.0738,1044.3116,1060.1205,6229772.0,1163369598.0,600519.SH,3566.295,0.013103191371023781,0.025171837185362866,-0.012068645814339085
2015-02-27,1061.4507,1100.3334,1060.9391,1082.6827,6337094.0,1217723178.0,600519.SH,3572.843,0.021282674941197843,0.0018360791802136678,0.019446595760984176
2015-03-02,1081.4037,1096.7521,1072.1946,1081.0455,3109870.0,592027084.0,600519.SH,3601.265,-0.0015121697243339893,0.007955009498038512,-0.009467179222372502
2015-03-03,1073.7295,1087.5431,1052.5486,1056.5903,4299960.0,812905777.0,600519.SH,3507.9,-0.022621804540141843,-0.025925612250139785,0.0033038077099979413
2015-03-04,1061.9111,1067.1296,1049.6835,1062.9344,4066223.0,757815044.0,600519.SH,3530.822,0.006004314065726435,0.006534393796858495,-0.0005300797311320604
2015-03-05,1051.7812,1062.1158,1046.8697,1054.3904,3620624.0,670609773.0,600519.SH,3496.344,-0.008038125400777418,-0.009764864952127361,0.0017267395513499428
2015-03-06,1053.5207,1059.3019,1042.8791,1044.6697,2547066.0,471454744.0,600519.SH,3478.52,-0.009219260721645473,-0.00509789654564885,-0.004121364175996622
2015-03-09,1055.8229,1092.608,1045.5906,1085.292,4348603.0,815432195.0,600519.SH,3537.75,0.038885305087340116,0.017027356461943643,0.021857948625396473
2015-03-10,1082.1199,1084.985,1063.3948,1066.2087,2963706.0,561292473.0,600519.SH,3520.611,-0.01758356276467532,-0.004844604621581539,-0.012738958143093781
2015-03-11,1066.2087,1092.6592,1066.0552,1087.4407,4058339.0,778418696.0,600519.SH,3524.653,0.01991354975812909,0.001148096168534396,0.018765453589594694
2015-03-12,1092.6592,1107.9565,1084.4734,1091.3802,3849640.0,747203168.0,600519.SH,3592.844,0.0036227262783157244,0.019346869039306824,-0.0157241427609911
2015-03-13,1091.1244,1097.2637,1070.0458,1076.8503,2547927.0,486997365.0,600519.SH,3617.657,-0.013313325640322171,0.006906228046639429,-0.0202195536869616
2015-03-16,1077.6177,1100.3334,1062.0135,1096.5475,3116097.0,597313674.0,600519.SH,3705.671,0.018291493255840452,0.02432900631541335,-0.0060375130595728965
2015-03-17,1102.8404,1121.7701,1102.3287,1111.9471,4590408.0,903712736.0,600519.SH,3757.122,0.014043714476573266,0.013884395025894003,0.00015931945067926279
2015-03-18,1112.1006,1128.4211,1105.5519,1125.6584,3930446.0,778884998.0,600519.SH,3846.055,0.01233089235989726,0.02367051163097722,-0.01133961927107996
2015-03-19,1121.0027,1123.305,1098.0823,1104.324,3353977.0,658535489.0,600519.SH,3839.739,-0.018952819079038452,-0.0016422022045966544,-0.017310616874441798
2015-03-20,1098.7986,1102.8404,1081.813,1093.4266,5137371.0,991294900.0,600519.SH,3892.574,-0.00986793730825375,0.013760049836720745,-0.023627987144974494
2015-03-23,1101.2032,1111.8448,1093.6824,1103.3008,4097901.0,799009923.0,600519.SH,3972.061,0.009030510141238457,0.020420164138176933,-0.011389653996938476
2015-03-24,1104.4264,1115.3749,1088.0547,1106.4217,6007944.0,1172628507.0,600519.SH,3973.046,0.0028286936799104545,0.0002479820929235377,0.002580711586986917
2015-03-25,1092.6592,1103.4031,1087.85,1091.5337,4224030.0,815963246.0,600519.SH,3940.412,-0.0134559906046674,-0.008213849021632247,-0.005242141583035154
2015-03-26,1095.4731,1127.9607,1087.5431,1121.105,6710525.0,1315872110.0,600519.SH,3949.999,0.027091513528166855,0.0024329943163303724,0.024658519211836483
2015-03-27,1118.24,1121.105,1092.4034,1100.5892,4014459.0,784086654.0,600519.SH,3971.697,-0.01829962403164742,0.0054931659476369354,-0.023792789979284357
2015-03-30,1101.2543,1123.1003,1093.1708,1111.9471,6345139.0,1237889229.0,600519.SH,4088.178,0.010319835956958512,0.02932776593984876,-0.019007929982890248
2015-03-31,1111.4866,1132.4117,1097.8777,1107.803,8813097.0,1746870227.0,600519.SH,4051.204,-0.0037268859282963973,-0.009044126747905668,0.00531724081960927
2015-04-01,1108.1611,1115.9889,1100.2311,1104.631,7687523.0,1504959693.0,600519.SH,4123.895,-0.0028633249774554503,0.017943060877704475,-0.020806385855159926
2015-04-02,1107.803,1116.1935,1092.0453,1100.7427,6298161.0,1228604478.0,600519.SH,4124.776,-0.003519998986086792,0.00021363298532084407,-0.003733631971407636
2015-04-03,1097.7754,1113.175,1091.5337,1112.1517,5121088.0,996536046.0,600519.SH,4170.538,0.010364820043775813,0.011094420642478564,-0.000729600598702751
2015-04-07,1112.3564,1133.9977,1106.9844,1131.9001,5982433.0,1189027078.0,600519.SH,4260.044,0.017756930102251545,0.02146149969140687,-0.0037045695891553265
2015-04-08,1141.2626,1183.1128,1136.6069,1151.4949,13585716.0,2798381803.0,600519.SH,4295.803,0.017311421741194266,0.008394044756345309,0.008917376984848957
2015-04-09,1151.3926,1158.5552,1123.6119,1128.4723,6239973.0,1255308054.0,600519.SH,4262.138,-0.01999366215169518,-0.00783671876945935,-0.01215694338223583
2015-04-10,1128.4211,1143.7696,1126.477,1129.5978,10201946.0,2048914304.0,600519.SH,4344.416,0.0009973660851048116,0.019304396056627038,-0.018307029971522226
2015-04-13,1136.4023,1151.4438,1123.0491,1148.4253,9135609.0,1840018389.0,600519.SH,4421.073,0.016667436852302764,0.017644949286624412,-0.000977512434321648
2015-04-14,1148.9369,1175.9501,1148.7322,1159.1692,8190313.0,1691094329.0,600519.SH,4438.184,0.009355332035962505,0.0038703274069440408,0.005485004629018464
2015-04-15,1175.0292,1178.5082,1149.7555,1157.6343,5500520.0,1135635917.0,600519.SH,4380.513,-0.001324138011948639,-0.012994278741034648,0.01167014072908601
2015-04-16,1172.2154,1262.8736,1168.5317,1262.8736,8601417.0,1877332299.0,600519.SH,4513.546,0.09090893384897103,0.030369274101001542,0.06053965974796949
2015-04-17,1327.4905,1377.6288,1273.157,1295.0541,19209491.0,4577503916.0,600519.SH,4596.136,0.025481964307433547,0.018298251529950127,0.00718371277748342
2015-04-20,1281.9568,1362.2804,1276.8406,1302.5749,13058871.0,3118764548.0,600519.SH,4521.919,0.005807324960401372,-0.016147694498161225,0.021955019458562597
2015-04-21,1333.1183,1422.2928,1333.1183,1422.2928,12240188.0,3039243960.0,600519.SH,4619.164,0.09190864955251321,0.021505250315186908,0.0704033992373263
2015-04-22,1480.4635,1481.4867,1420.6557,1455.3432,13463506.0,3543576711.0,600519.SH,4739.814,0.023237409343561444,0.026119444990478913,-0.002882035646917469
2015-04-23,1455.9059,1456.7757,1399.5259,1415.1814,8603012.0,2214737651.0,600519.SH,4740.892,-0.02759610241762911,0.00022743508500533416,-0.027823537502634443
2015-04-24,1393.8982,1433.8042,1358.7502,1427.7159,10053123.0,2547399865.0,600519.SH,4702.641,0.008857168416713135,-0.008068312882892115,0.01692548129960525
2015-04-27,1423.0602,1475.3473,1399.5771,1413.9023,7897335.0,2050832438.0,600519.SH,4807.592,-0.009675314255448098,0.02231745948712649,-0.03199277374257459
2015-04-28,1404.7444,1428.2787,1369.1872,1373.4847,8729177.0,2187970737.0,600519.SH,4741.861,-0.028585850663090384,-0.013672333259561076,-0.014913517403529308
2015-04-29,1364.3268,1399.6283,1364.3268,1383.1543,5930057.0,1477767688.0,600519.SH,4774.326,0.007040194914439191,0.006846468084998669,0.00019372682944052144
2015-04-30,1390.1634,1409.349,1372.7685,1395.6888,6406407.0,1610938043.0,600519.SH,4749.886,0.009062257189960565,-0.005119047170218272,0.014181304360178837
2015-05-04,1397.8888,1430.3252,1384.3821,1409.7071,5473902.0,1398337296.0,600519.SH,4787.741,0.010044001212877962,0.007969664956169353,0.0020743362567086088
2015-05-05,1394.5121,1394.5121,1332.5044,1337.9787,7370003.0,1801146749.0,600519.SH,4596.837,-0.0508817753702171,-0.03987350192919781,-0.01100827344101929
2015-05-06,1353.4806,1368.8802,1333.1695,1346.8296,6032432.0,1472597539.0,600519.SH,4553.327,0.006615127729612036,-0.0094652040087565,0.016080331738368536
2015-05-07,1358.6991,1393.8982,1346.2157,1358.3409,6810290.0,1693825898.0,600519.SH,4470.089,0.008546960951853144,-0.018280698926301686,0.02682765987815483
2015-05-08,1364.4292,1409.2466,1363.3036,1405.6142,5780559.0,1447670266.0,600519.SH,4558.404,0.03480223558018469,0.019756877323919175,0.015045358256265517
2015-05-11,1391.954,1425.1579,1384.2798,1422.344,6134570.0,1552417973.0,600519.SH,4690.532,0.01190212790963563,0.028985583550733995,-0.017083455641098366
2015-05-12,1421.1161,1421.1161,1394.5121,1406.8932,4703129.0,1193035140.0,600519.SH,4747.421,-0.01086291361302194,0.012128474978957637,-0.022991388591979578
2015-05-13,1403.7212,1450.6363,1397.0702,1417.0232,5891341.0,1520374556.0,600519.SH,4718.436,0.007200262251605194,-0.006105420184980503,0.013305682436585697
2015-05-14,1416.2558,1432.8833,1390.5215,1391.4936,4185329.0,1062504725.0,600519.SH,4700.778,-0.018016359929745707,-0.0037423417420516802,-0.014274018187694026
2015-05-15,1391.4936,1402.1352,1341.3553,1359.5688,5418507.0,1333031173.0,600519.SH,4617.47,-0.0229428292016578,-0.017722172797779434,-0.005220656403878365
2015-05-18,1358.6991,1358.6991,1333.6299,1338.9507,3536324.0,856505079.0,600519.SH,4575.14,-0.015165175899888195,-0.00916735788213019,-0.005997818017758005
2015-05-19,1338.4903,1385.4054,1334.1415,1384.4845,4763777.0,1174434448.0,600519.SH,4731.222,0.034007077333019,0.034115240189371177,-0.0001081628563521786
2015-05-20,1394.5121,1435.4413,1380.6985,1404.4886,6377150.0,1631009463.0,600519.SH,4754.919,0.014448771365804358,0.005008642587475354,0.009440128778329004
2015-05-21,1414.9767,1442.0923,1404.7956,1428.2276,4766913.0,1230234942.0,600519.SH,4840.976,0.016902237583131807,0.018098520710867927,-0.0011962831277361197
2015-05-22,1433.8042,1521.3927,1433.3437,1516.5835,6664906.0,1779754347.0,600519.SH,4951.335,0.06186401943219688,0.02279684923040315,0.03906717020179373
2015-05-25,1486.6028,1581.2005,1481.4867,1572.7077,6747362.0,1868570180.0,600519.SH,5099.495,0.037006996317710206,0.029923242923373117,0.007083753394337089
2015-05-26,1571.5309,1588.9259,1558.0243,1566.1078,6091468.0,1746031124.0,600519.SH,5198.918,-0.004196520434153084,0.019496636431646674,-0.023693156865799758
2015-05-27,1566.0055,1585.4469,1501.9513,1521.9043,4693479.0,1309259999.0,600519.SH,5181.434,-0.028225068542535925,-0.0033630074565513812,-0.024862061085984544
2015-05-28,1513.4626,1542.8805,1435.9529,1441.1203,6088499.0,1650995554.0,600519.SH,4834.007,-0.05308086717410543,-0.06705228706956423,0.013971419895458803
2015-05-29,1435.4925,1481.4867,1434.8786,1455.0362,5778309.0,1531805542.0,600519.SH,4840.829,0.009656306971735695,0.0014112515765907219,0.008245055395144973
2015-06-01,1455.599,1501.849,1434.4181,1494.0724,6581670.0,1747123649.0,600519.SH,5076.179,0.026828335954803162,0.04861770576899138,-0.02178936981418822
2015-06-02,1489.1609,1489.1609,1438.818,1469.3102,6463560.0,1708951665.0,600519.SH,5161.87,-0.016573627891125042,0.01688100439326501,-0.03345463228439005
2015-06-03,1461.943,1469.3102,1435.4925,1449.7154,4642403.0,1218378716.0,600519.SH,5143.59,-0.013336053884332788,-0.00354135226187402,-0.009794701622458768
2015-06-04,1450.6875,1461.0221,1333.1183,1426.2834,9236273.0,2332785391.0,600519.SH,5181.416,-0.016163172440604612,0.007354007609471136,-0.023517180050075748
2015-06-05,1425.7718,1446.1852,1363.8152,1403.9258,8573823.0,2188974566.0,600519.SH,5230.552,-0.01567542607591177,0.009483121988274945,-0.025158548064186714
2015-06-08,1392.0052,1474.0171,1383.2566,1459.1803,9600797.0,2462736702.0,600519.SH,5353.751,0.03935713696550058,0.02355372817247603,0.015803408793024554
2015-06-09,1461.0221,1485.5796,1417.5348,1430.4787,7785186.0,2045525401.0,600519.SH,5317.461,-0.019669673446112257,-0.006778425070572025,-0.012891248375540232
2015-06-10,1413.1349,1470.6404,1403.7212,1440.8133,8046208.0,2096832880.0,600519.SH,5309.112,0.0072245745427736985,-0.0015701102462246652,0.008794684788998364
2015-06-11,1435.4413,1458.464,1424.0323,1435.7483,5295454.0,1378413758.0,600519.SH,5306.59,-0.0035153756562352756,-0.00047503235946044775,-0.003040343296774828
2015-06-12,1446.2876,1501.9513,1440.5575,1466.1382,9090952.0,2438986511.0,600519.SH,5335.115,0.021166593058128624,0.005375391729905532,0.015791201328223092
2015-06-15,1471.1521,1496.8351,1435.8506,1439.9947,10001422.0,2664672586.0,600519.SH,5221.167,-0.01783153866395415,-0.02135811505468943,0.003526576390735281
2015-06-16,1430.3252,1465.115,1397.0702,1404.4886,6930384.0,1789696036.0,600519.SH,5064.821,-0.024657104640732452,-0.029944646474629244,0.005287541833896792
2015-06-17,1404.5398,1423.9812,1379.1637,1410.321,5838881.0,1478407037.0,600519.SH,5138.831,0.0041526858957772195,0.014612559851572282,-0.010459873955795063
2015-06-18,1399.7306,1408.8373,1336.188,1353.4294,6150650.0,1530836127.0,600519.SH,4930.549,-0.04033946881596451,-0.0405310079276785,0.00019153911171398974
2015-06-19,1363.1501,1376.5544,1302.5237,1309.1236,6760866.0,1646002769.0,600519.SH,4637.052,-0.032735952093252974,-0.059526231257411744,0.02679027916415877
2015-06-23,1332.0951,1414.2093,1303.0865,1395.7912,8124734.0,1989068141.0,600519.SH,4786.091,0.0662027634365463,0.032140894689125954,0.03406186874742034
2015-06-24,1384.2798,1462.0453,1372.2569,1441.6319,9570694.0,2463553858.0,600519.SH,4880.126,0.03284208984839587,0.019647557892233936,0.013194531956161937
2015-06-25,1443.1156,1445.8271,1385.3542,1393.4377,6652166.0,1707385606.0,600519.SH,4706.516,-0.033430309082367105,-0.03557490113984774,0.002144592057480632
2015-06-26,1384.3821,1413.6977,1309.0724,1345.6529,9933201.0,2451381599.0,600519.SH,4336.195,-0.034292742330712,-0.07868261788550168,0.04438987555478968
2015-06-29,1375.9405,1417.5348,1270.7013,1367.0896,16507167.0,4057069903.0,600519.SH,4191.549,0.01593033389219456,-0.033357817164587744,0.0492881510567823
2015-06-30,1367.0896,1434.5204,1363.8152,1423.4184,12629819.0,3205285541.0,600519.SH,4472.998,0.041203444163425695,0.06714677557151294,-0.025943331408087245
2015-07-01,1409.8606,1478.9286,1389.2936,1422.5998,10332654.0,2696026039.0,600519.SH,4253.021,-0.0005750944346371023,-0.04917887287228828,0.04860377843765118
2015-07-02,1411.3954,1551.0663,1358.7502,1436.9762,11845972.0,3011363680.0,600519.SH,4107.996,0.010105723338355688,-0.03409929083350394,0.044205014171859625
2015-07-03,1409.8606,1437.9994,1344.3738,1383.3078,10960531.0,2772183160.0,600519.SH,3885.917,-0.037348148146086224,-0.05406017922120665,0.016712031075120426
2015-07-06,1476.1147,1476.3194,1330.5602,1404.9491,27279966.0,7012491142.0,600519.SH,3998.537,0.015644602018437315,0.02898157629203091,-0.013336974273593594
2015-07-07,1384.2798,1417.9441,1330.5602,1354.5038,16756224.0,4121731560.0,600519.SH,3928.003,-0.035905428887067936,-0.01763995181237532,-0.018265477074692615
2015-07-08,1276.8406,1358.6479,1229.5674,1317.0536,28914054.0,6738026659.0,600519.SH,3663.038,-0.027648648900062134,-0.06745539654628574,0.039806747646223606
2015-07-09,1317.0536,1437.539,1297.3053,1424.9021,13820334.0,3409950542.0,600519.SH,3897.626,0.08188618899033417,0.06404192367100747,0.017844265319326702
2015-07-10,1420.0929,1553.1128,1394.3075,1464.0406,25614930.0,6888908351.0,600519.SH,4106.556,0.027467501100602032,0.05360442484732997,-0.026136923746727936
2015-07-13,1425.209,1463.9895,1389.396,1423.93,14892616.0,3838169457.0,600519.SH,4211.812,-0.027397191034183033,0.025631210191703335,-0.05302840122588637
2015-07-14,1409.8606,1410.7815,1369.9546,1379.4195,9676830.0,2425239239.0,600519.SH,4112.149,-0.03125891019923743,-0.023662737083231522,-0.007596173116005911
2015-07-15,1371.4894,1398.0934,1349.8993,1390.7262,10407746.0,2585923324.0,600519.SH,3966.759,0.008196708832954869,-0.03535620912569082,0.04355291795864569
2015-07-16,1390.7262,1405.6653,1375.3777,1392.4145,7281433.0,1826618391.0,600519.SH,3997.356,0.0012139700826805377,0.007713349865721586,-0.006499379783041048
2015-07-17,1416.3786,1421.95,1392.4043,1412.3828,5641853.0,1284361191.0,600519.SH,4151.496,0.01434077280867152,0.03856048848288718,-0.02421971567421566
2015-07-20,1405.9672,1410.188,1379.7981,1394.4865,6793355.0,1531275688.0,600519.SH,4160.612,-0.01267099825911222,0.0021958349472093186,-0.01486683320632154
2015-07-21,1375.5772,1389.3653,1365.7287,1375.0707,5178996.0,1148423253.0,600519.SH,4166.006,-0.013923261358213201,0.0012964438885434415,-0.015219705246756643
2015-07-22,1365.7287,1376.9842,1346.4817,1349.577,7085510.0,1552554839.0,600519.SH,4157.16,-0.018539919438324115,-0.00212337668260687,-0.016416542755717245
2015-07-23,1354.4168,1369.1053,1341.9232,1363.1399,6474810.0,1411411702.0,600519.SH,4250.805,0.01004974151159943,0.02252619576826498,-0.012476454256665548
2015-07-24,1368.5425,1386.4951,1358.6939,1361.2827,5739009.0,1271122141.0,600519.SH,4176.279,-0.0013624426957202784,-0.017532208605193556,0.016169765909473277
2015-07-27,1348.8454,1373.0448,1258.8011,1261.7275,7694415.0,1628465532.0,600519.SH,3818.731,-0.07313337633689165,-0.08561401189910922,0.012480635562217568
2015-07-28,1252.3854,1306.2994,1238.9914,1285.9832,8670357.0,1766521467.0,600519.SH,3811.093,0.019224198569025353,-0.0020001408844980695,0.021224339453523422
2015-07-29,1296.9574,1309.451,1265.1605,1296.7322,6650743.0,1364157580.0,600519.SH,3930.379,0.008358585088825476,0.031299682269627205,-0.02294109718080173
2015-07-30,1302.8665,1302.8665,1281.8749,1286.7148,4113400.0,853284372.0,600519.SH,3815.412,-0.007725110859435724,-0.02925086868212967,0.021525757822693947
2015-07-31,1290.8794,1292.1738,1270.0566,1291.611,4073664.0,835374146.0,600519.SH,3816.699,0.003805194437804138,0.0003373161273279024,0.0034678783104762356
2015-08-03,1281.3122,1309.3947,1270.0566,1306.9748,5455303.0,1117796040.0,600519.SH,3829.235,0.011895067477746712,0.003284513659578714,0.008610553818167999
2015-08-04,1305.2864,1331.8495,1305.2864,1320.5377,5953396.0,1260302964.0,600519.SH,3948.155,0.010377323265911675,0.0310558114088062,-0.020678488142894524
2015-08-05,1325.9403,1331.1179,1292.23,1293.637,4314385.0,907597376.0,600519.SH,3866.9,-0.02037102007765479,-0.02058049899256742,0.00020947891491263082
2015-08-06,1288.2343,1295.3816,1270.0566,1281.0871,3924980.0,805358564.0,600519.SH,3831.852,-0.009701253133607035,-0.009063590990198933,-0.000637662143408102
2015-08-07,1295.3253,1301.5721,1284.6888,1292.1738,3952134.0,819022560.0,600519.SH,3906.945,0.008654134445659434,0.01959705124310651,-0.010942916797447078
2015-08-10,1292.624,1326.3343,1282.0438,1322.3949,5649643.0,1182083559.0,600519.SH,4084.365,0.02338779814294334,0.04541144039652445,-0.02202364225358111
2015-08-11,1322.3949,1323.0139,1309.5073,1313.6718,5089705.0,1076261224.0,600519.SH,4066.669,-0.006596441047980406,-0.004332619636100099,-0.002263821411880307
2015-08-12,1309.3947,1333.5941,1302.4163,1306.4683,4582434.0,968610598.0,600519.SH,4016.126,-0.005483485296708057,-0.012428599426213327,0.00694511412950527
2015-08-13,1317.8926,1317.8926,1286.9399,1306.6934,3518025.0,733202199.0,600519.SH,4075.463,0.00017229656471573485,0.014774685853979674,-0.01460238928926394
2015-08-14,1312.2649,1317.3299,1305.2302,1309.3384,3066690.0,645849785.0,600519.SH,4073.54,0.00202419328053538,-0.00047184822926871206,0.0024960415098040922
2015-08-17,1298.308,1302.8102,1275.6844,1288.178,5385832.0,1108212041.0,600519.SH,4077.872,-0.016161139091315113,0.001063448499339703,-0.017224587590654816
2015-08-18,1292.4551,1295.3816,1255.1431,1259.1388,5128552.0,1047896516.0,600519.SH,3825.412,-0.02254284733942058,-0.061909741159114406,0.03936689381969383
2015-08-19,1251.7664,1265.3293,1242.9308,1262.2903,5026180.0,1004394398.0,600519.SH,3886.136,0.002502901189288975,0.015873845745242754,-0.013370944555953779
2015-08-20,1257.8444,1258.8011,1224.4717,1225.4284,3964503.0,788892224.0,600519.SH,3761.454,-0.029202395043358753,-0.032083797376108225,0.002881402332749472
2015-08-21,1205.4499,1224.2466,1175.0599,1176.2418,7562061.0,1433277975.0,600519.SH,3589.536,-0.0401382895973359,-0.04570519804309714,0.005566908445761243
2015-08-24,1146.2458,1149.0597,1074.2104,1082.3144,8981284.0,1559048775.0,600519.SH,3275.534,-0.07985381917221446,-0.08747704438679538,0.00762322521458092
2015-08-25,1070.0458,1154.7437,1062.9548,1121.4273,12308058.0,2165823577.0,600519.SH,3042.927,0.03613820531261536,-0.07101345917948032,0.10715166449209568
2015-08-26,1122.384,1188.454,1112.4792,1162.4537,9157253.0,1663612844.0,600519.SH,3025.692,0.03658409243292016,-0.005663954475411348,0.042248046908331505
2015-08-27,1196.8957,1252.6106,1168.1378,1236.684,8705201.0,1663248886.0,600519.SH,3205.638,0.06385656478189183,0.059472676002712666,0.004383888779179168
2015-08-28,1225.0345,1226.6666,1180.744,1211.8093,8992583.0,1720106859.0,600519.SH,3342.286,-0.020114030746738898,0.042627395856924544,-0.06274142660366344
2015-08-31,1193.1813,1227.8484,1169.7698,1227.1168,6273019.0,1198185023.0,600519.SH,3366.536,0.012631938045037483,0.007255513142801151,0.005376424902236332
2015-09-01,1207.1382,1225.0345,1185.6401,1221.489,8743269.0,1688392993.0,600519.SH,3362.083,-0.004586197499700129,-0.0013227246047569086,-0.00326347289494322
2015-09-02,1197.5147,1225.0345,1192.3935,1222.8397,10694546.0,2052413262.0,600519.SH,3365.832,0.001105781550222673,0.0011150825247323581,-9.300974509685034e-06
2015-09-07,1211.5279,1219.4067,1189.2982,1189.6359,3221642.0,615819752.0,600519.SH,3250.485,-0.027153027498207694,-0.03426998138944537,0.007116953891237676
2015-09-08,1188.2289,1199.5407,1168.7568,1193.0688,3309858.0,621914336.0,600519.SH,3334.023,0.002885672834856523,0.02570016474464576,-0.022814491909789236
2015-09-09,1197.6836,1218.6751,1197.6836,1207.3633,3521516.0,676337501.0,600519.SH,3399.305,0.011981287248480577,0.019580548784456475,-0.007599261535975899
2015-09-10,1199.0342,1215.4673,1192.0558,1214.9608,2685248.0,514766384.0,600519.SH,3357.561,0.006292637849767413,-0.01228015726744136,0.018572795117208774
2015-09-11,1207.4759,1219.9695,1202.8048,1213.2725,1693214.0,326277629.0,600519.SH,3347.188,-0.0013895921580350246,-0.003089444987001033,0.0016998528289660086
2015-09-14,1210.5711,1268.9311,1185.0774,1267.4116,8617555.0,1678995779.0,600519.SH,3281.132,0.04462237461081475,-0.019734774383751374,0.06435714899456613
2015-09-15,1241.9741,1264.5414,1225.7098,1264.4289,5188434.0,1035493477.0,600519.SH,3152.232,-0.0023533791232459578,-0.039285222295232236,0.03693184317198628
2015-09-16,1253.2296,1306.8622,1240.3983,1278.7797,3719802.0,753188784.0,600519.SH,3309.248,0.011349629860563981,0.049811054516291975,-0.038461424655727994
2015-09-17,1267.8055,1285.8144,1239.723,1241.9178,2642300.0,533638541.0,600519.SH,3236.999,-0.028825840760531407,-0.021832452569284677,-0.00699338819124673
2015-09-18,1245.2945,1258.182,1241.9178,1249.9655,1564276.0,312040970.0,600519.SH,3251.273,0.006480058503066877,0.004409639916478358,0.0020704185865885183
2015-09-21,1241.9741,1257.1128,1241.9178,1249.2339,1652767.0,329196735.0,600519.SH,3308.247,-0.0005852961541739088,0.017523597680047187,-0.018108893834221096
2015-09-22,1257.5067,1259.8141,1247.433,1249.0651,1645740.0,329161941.0,600519.SH,3339.03,-0.00013512281407024318,0.00930492795731408,-0.009440050771384323
2015-09-23,1237.1342,1247.4893,1219.9695,1223.4587,2234432.0,438412337.0,600519.SH,3263.028,-0.020500452698582472,-0.022761700254265604,0.0022612475556831324
2015-09-24,1229.5367,1232.238,1212.6534,1219.4067,1388674.0,269653188.0,600519.SH,3284.999,-0.0033119221760407047,0.0067333164165308546,-0.01004523859257156
2015-09-25,1219.3505,1224.4717,1194.0818,1216.3677,2445597.0,470411106.0,600519.SH,3231.951,-0.002492195589871682,-0.01614855894933298,0.013656363359461299
2015-09-28,1205.2248,1209.8395,1192.5623,1204.662,1234110.0,235369401.0,600519.SH,3242.752,-0.009623488029154359,0.0033419442312090375,-0.012965432260363396
2015-09-29,1194.3632,1204.6057,1187.3285,1197.8524,1840982.0,348759190.0,600519.SH,3178.854,-0.0056527059042287275,-0.01970486796400095,0.014052162059772222
2015-09-30,1198.1901,1205.2248,1197.8524,1198.6403,1163463.0,222178053.0,600519.SH,3202.948,0.0006577605053845748,0.007579461025891687,-0.0069217005205071125
2015-10-08,1246.3075,1262.0652,1236.29,1239.2165,3439179.0,684138047.0,600519.SH,3296.482,0.03385185697494064,0.02920247222246508,0.0046493847524755605
2015-10-09,1246.3075,1246.9828,1233.4762,1236.0086,1572174.0,310187702.0,600519.SH,3340.1159,-0.0025886517811860577,0.013236504855782538,-0.015825156636968596
2015-10-12,1247.5456,1278.442,1241.0736,1242.4243,4903000.0,982174156.0,600519.SH,3447.6934,0.005190659676639786,0.03220771470834305,-0.027017055031703263
2015-10-13,1242.4243,1253.6798,1242.4243,1246.0823,1575113.0,313495454.0,600519.SH,3445.0431,0.0029442437659985554,-0.0007687168470376093,0.0037129606130361648
2015-10-14,1247.433,1250.3594,1236.3463,1240.9611,1521339.0,301666756.0,600519.SH,3406.1116,-0.004109840898951944,-0.011300729445155477,0.007190888546203533
2015-10-15,1242.8182,1255.2556,1239.4416,1253.1171,1655013.0,329836775.0,600519.SH,3486.815,0.009795633400595749,0.023693703987855308,-0.013898070587259559
2015-10-16,1260.0392,1266.68,1249.853,1257.3379,1923843.0,386383069.0,600519.SH,3534.0653,0.003368240685567292,0.013551134774859142,-0.01018289408929185
2015-10-19,1280.9745,1280.9745,1263.8661,1268.4809,2612145.0,531101872.0,600519.SH,3534.1821,0.008862375022657076,3.3049757173442273e-05,0.008829325265483634
2015-10-20,1264.5414,1269.3813,1259.8141,1264.26,1478429.0,298284287.0,600519.SH,3577.7027,-0.003327523496806317,0.012314192865161111,-0.015641716361967428
2015-10-21,1264.8791,1267.5241,1236.3463,1254.9179,2234914.0,447195037.0,600519.SH,3473.2544,-0.007389381930931971,-0.02919423684924971,0.02180485491831774
2015-10-22,1254.524,1268.5371,1249.9655,1267.4116,2372030.0,478632748.0,600519.SH,3524.5339,0.009955790733401804,0.014764107115217362,-0.004808316381815558
2015-10-23,1285.8144,1352.222,1284.4074,1314.9662,5627734.0,1189746955.0,600519.SH,3571.2411,0.037521038942676777,0.013252021777971912,0.024269017164704865
2015-10-26,1320.7065,1356.1615,1298.1955,1352.9536,4334626.0,932490839.0,600519.SH,3589.2611,0.028888499187279537,0.005045864867538663,0.023842634319740874
2015-10-27,1349.4081,1352.6722,1323.9706,1338.9968,2257279.0,484597005.0,600519.SH,3592.8794,-0.01031580092621076,0.0010080904952831649,-0.011323891421493926
2015-10-28,1337.5335,1337.5335,1320.1437,1323.1827,1655922.0,353020506.0,600519.SH,3524.9199,-0.011810409106280062,-0.01891505181053388,0.007104642704253816
2015-10-29,1320.7065,1336.408,1320.7065,1326.3343,1345435.0,287688318.0,600519.SH,3533.3065,0.0023818328338178762,0.0023792313692008182,2.6014646170580136e-06
2015-10-30,1326.0529,1342.092,1321.3819,1331.1742,1225791.0,263117287.0,600519.SH,3534.0788,0.003649080024545892,0.00021857713164696868,0.0034305028928989234
2015-11-02,1335.3387,1342.4297,1323.5204,1323.8581,1529820.0,328246682.0,600519.SH,3475.9623,-0.005495974906965628,-0.016444596538141565,0.010948621631175937
2015-11-03,1325.8841,1341.8669,1300.4466,1307.8189,2317329.0,493565252.0,600519.SH,3465.4927,-0.012115497877000503,-0.003012000446610208,-0.009103497430390295
2015-11-04,1312.7151,1343.2176,1310.07,1337.4773,3080972.0,659118997.0,600519.SH,3628.5377,0.02267775760084212,0.04704814412103664,-0.02437038652019452
2015-11-05,1335.3387,1384.1877,1329.1482,1346.3691,4998258.0,1087812237.0,600519.SH,3705.9697,0.006648187599146427,0.021339725917688623,-0.014691538318542197
2015-11-06,1350.8151,1357.8498,1340.7414,1356.8368,2169571.0,471929422.0,600519.SH,3793.3739,0.007774762507547273,0.023584704429720604,-0.01580994192217333
2015-11-09,1376.9842,1391.954,1360.1009,1370.3997,4052729.0,900398639.0,600519.SH,3840.3547,0.009995970038548352,0.012384964213519645,-0.002388994174971293
2015-11-10,1365.7287,1388.9151,1361.0013,1379.1227,2872976.0,639416128.0,600519.SH,3833.2379,0.006365296197890169,-0.0018531621571309387,0.008218458355021108
2015-11-11,1377.0405,1382.612,1357.8498,1366.5728,2381550.0,524296324.0,600519.SH,3833.6457,-0.00909991547525102,0.0001063852572260604,-0.00920630073247708
2015-11-12,1367.023,1382.612,1362.2394,1365.7849,1618085.0,357408916.0,600519.SH,3795.3241,-0.0005765517943865373,-0.009996124576666099,0.009419572782279562
2015-11-13,1355.0359,1362.9148,1336.6331,1338.2089,2839718.0,614644801.0,600519.SH,3746.2422,-0.020190587844396313,-0.01293220254892058,-0.007258385295475733
2015-11-16,1323.5204,1346.0315,1320.7065,1330.724,2391670.0,511461320.0,600519.SH,3764.1262,-0.0055932224034679345,0.004773850446722294,-0.010367072850190229
2015-11-17,1336.0141,1351.6592,1327.1222,1333.9881,2198635.0,473813948.0,600519.SH,3758.3869,0.002452875276917066,-0.0015247363385425539,0.00397761161545962
2015-11-18,1329.6547,1343.2176,1329.6547,1335.6764,1972554.0,423815322.0,600519.SH,3715.5796,0.0012656034937643668,-0.011389806621558862,0.012655410115323229
2015-11-19,1331.9621,1343.2176,1331.3993,1337.7587,1526276.0,327777826.0,600519.SH,3774.9692,0.001558985394965351,0.015983939625462407,-0.014424954230497056
2015-11-20,1338.3777,1341.9795,1326.8971,1330.3863,2227423.0,476413651.0,600519.SH,3774.3833,-0.00551100882393829,-0.00015520656433432034,-0.00535580225960397
2015-11-23,1326.3343,1331.0616,1323.5767,1324.1957,2099473.0,446996434.0,600519.SH,3753.3351,-0.004653234928832295,-0.005576593135095731,0.000923358206263436
2015-11-24,1322.9014,1327.9101,1309.451,1318.9619,2046902.0,431548236.0,600519.SH,3753.8887,-0.003952436939645643,0.00014749549007775364,-0.004099932429723396
2015-11-25,1319.0182,1326.3343,1311.7021,1326.2217,2424981.0,512351419.0,600519.SH,3781.6069,0.00550417718661933,0.007383863032486948,-0.001879685845867618
2015-11-26,1329.0919,1330.7802,1319.7498,1325.4338,1880453.0,400523684.0,600519.SH,3759.4286,-0.0005940937325938922,-0.0058647819793220535,0.005270688246728161
2015-11-27,1323.4641,1323.7455,1290.4854,1296.7322,1622072.0,339061425.0,600519.SH,3556.9924,-0.021654495305612476,-0.053847598009974185,0.03219310270436171
2015-11-30,1298.4206,1336.3517,1297.0136,1333.7067,3344003.0,702029940.0,600519.SH,3566.4122,0.0285135974875923,0.002648248559653954,0.025865348927938348
2015-12-01,1326.3343,1331.6807,1315.0788,1330.8365,1887754.0,400895906.0,600519.SH,3591.696,-0.002152047372934396,0.007089421688272424,-0.00924146906120682
2015-12-02,1334.6634,1405.123,1320.7065,1374.6205,4789145.0,1055325951.0,600519.SH,3721.9545,0.032899608629610055,0.036266571558394745,-0.003366962928784689
2015-12-03,1360.1009,1373.6075,1347.157,1366.8542,2238683.0,489928569.0,600519.SH,3749.2985,-0.005649777520413846,0.0073466776662638456,-0.012996455186677691
2015-12-04,1365.5035,1365.5035,1337.6461,1339.3344,2084871.0,452200743.0,600519.SH,3677.5922,-0.020133676291150926,-0.01912525769820672,-0.0010084185929442047
2015-12-07,1337.5898,1348.7328,1327.4598,1334.8322,1925509.0,413697607.0,600519.SH,3687.6073,-0.0033615204686745503,0.00272327638719716,-0.00608479685587171
2015-12-08,1335.0573,1335.0573,1317.6675,1320.3689,1739368.0,370510935.0,600519.SH,3623.0202,-0.010835294503683812,-0.017514636116486737,0.006679341612802925
2015-12-09,1318.3429,1337.8712,1317.8926,1334.6071,1411977.0,302039607.0,600519.SH,3635.9382,0.010783501489621594,0.0035655335291810974,0.007217967960440497
2015-12-10,1337.5898,1344.3431,1320.6502,1326.1092,1378671.0,295297553.0,600519.SH,3623.0842,-0.006367342118890118,-0.0035352636081659172,-0.002832078510724201
2015-12-11,1323.5204,1323.5204,1312.2649,1317.3861,1303548.0,275655733.0,600519.SH,3608.0587,-0.006577965072559699,-0.00414715727556092,-0.0024308077969987796
2015-12-14,1310.5203,1336.9145,1303.8232,1332.5248,2070134.0,439584116.0,600519.SH,3711.322,0.011491467839231051,0.028620182925516158,-0.017128715086285107
2015-12-15,1330.8365,1335.2824,1321.1567,1334.8322,1508839.0,321828819.0,600519.SH,3694.3885,0.0017316000422658018,-0.004562659882381581,0.006294259924647383
2015-12-16,1334.2694,1335.5638,1324.0269,1331.4556,2014480.0,430371563.0,600519.SH,3685.4398,-0.0025296063430295668,-0.0024222411909304853,-0.00010736515209908148
2015-12-17,1334.1569,1348.17,1331.9621,1342.4297,2425321.0,523818380.0,600519.SH,3755.8881,0.008242182465566295,0.019115303416433527,-0.010873120950867232
2015-12-18,1340.4037,1360.9451,1338.2089,1348.17,2846020.0,618897538.0,600519.SH,3767.9128,0.004276052593294111,0.0032015597056791467,0.001074492887614964
2015-12-21,1354.4731,1417.3915,1354.4731,1405.2919,5939189.0,1341466585.0,600519.SH,3865.9646,0.042369953344162825,0.026022842142206626,0.0163471112019562
2015-12-22,1403.9975,1403.9975,1384.1877,1394.0363,2840245.0,638684794.0,600519.SH,3876.7325,-0.00800943917772523,0.0027853074495303165,-0.010794746627255547
2015-12-23,1396.4,1403.3784,1380.9236,1382.612,2237497.0,501438271.0,600519.SH,3866.3814,-0.0081951237568203,-0.002670057838656592,-0.005525065918163707
2015-12-24,1388.1272,1397.6944,1383.7375,1392.6294,1557788.0,350137309.0,600519.SH,3829.4022,0.0072452719924316344,-0.009564291820770787,0.01680956381320242
2015-12-25,1393.8675,1397.5818,1381.9366,1391.0536,1154295.0,258870006.0,600519.SH,3838.201,-0.0011315286033743988,0.0022976954470856903,-0.003429224050460089
2015-12-28,1396.5688,1399.4953,1360.1009,1360.7762,2559452.0,569404122.0,600519.SH,3727.6316,-0.021765803992024435,-0.028807610648842963,0.007041806656818528
2015-12-29,1357.9623,1368.2049,1357.3433,1364.7719,1577433.0,345982477.0,600519.SH,3761.8745,0.002936338833674501,0.009186235034599477,-0.006249896200924976
2015-12-30,1366.7417,1369.443,1351.7718,1359.313,2014766.0,440489185.0,600519.SH,3765.1752,-0.003999862541132271,0.0008774083239619923,-0.004877270865094263
2015-12-31,1355.7112,1362.9148,1353.4601,1355.5424,1967387.0,429872169.0,600519.SH,3731.0047,-0.0027739012280468822,-0.00907540769948767,0.006301506471440788
2016-01-04,1354.4731,1354.4731,1309.3947,1309.5635,1734969.0,371909829.0,600519.SH,3469.0662,-0.03391918983869491,-0.07020588851040577,0.03628669867171086
2016-01-05,1309.451,1331.7932,1295.4379,1325.3213,3190891.0,672596329.0,600519.SH,3478.7797,0.012032864385728592,0.002800033046356898,0.009232831339371694
2016-01-06,1325.0962,1330.0486,1305.5116,1321.7195,2376090.0,502483565.0,600519.SH,3539.8082,-0.002717680610731965,0.017543076958854265,-0.02026075756958623
2016-01-07,1303.767,1303.767,1253.3422,1265.7233,814868.0,167829920.0,600519.SH,3294.3839,-0.0423661752739517,-0.06933265480316142,0.02696647952920972
2016-01-08,1276.6411,1298.1955,1253.1733,1279.2299,4451009.0,911812833.0,600519.SH,3361.5632,0.010671052670042425,0.02039206784613068,-0.009721015176088255
2016-01-11,1270.9571,1274.5026,1249.7967,1252.3854,2970258.0,596838948.0,600519.SH,3192.4499,-0.02098489098792966,-0.050307934118269726,0.029323043130340065
2016-01-12,1259.3639,1264.9916,1230.6623,1235.1082,4028723.0,801495583.0,600519.SH,3215.7099,-0.01379543389758453,0.007285940493537479,-0.02108137439112201
2016-01-13,1248.1083,1286.9399,1245.2945,1251.9352,2920198.0,592420624.0,600519.SH,3155.879,0.013623907605827545,-0.018605813913748825,0.03222972151957637
2016-01-14,1236.9091,1286.8274,1227.9047,1280.2992,3477606.0,699341426.0,600519.SH,3221.5714,0.022656124693993807,0.020815880456760194,0.0018402442372336125
2016-01-15,1279.9052,1287.9529,1241.9178,1247.5456,2668119.0,537750009.0,600519.SH,3118.7301,-0.025582770027506085,-0.031922713244846745,0.00633994321734066
2016-01-18,1241.9178,1266.68,1237.4156,1249.9655,2737123.0,548614385.0,600519.SH,3130.7289,0.0019397286960893823,0.0038473351701706626,-0.0019076064740812804
2016-01-19,1258.8011,1311.3082,1253.2296,1310.8017,5911022.0,1224859286.0,600519.SH,3223.1251,0.04867030330037103,0.02951267993852813,0.0191576233618429
2016-01-20,1292.5677,1310.3514,1258.8574,1266.2298,4096866.0,835946965.0,600519.SH,3174.3781,-0.03400354149678009,-0.01512414147375174,-0.018879400023028348
2016-01-21,1260.2643,1279.0048,1252.6106,1254.6366,2183229.0,439737651.0,600519.SH,3081.3454,-0.009155684063035019,-0.02930737834916386,0.02015169428612884
2016-01-22,1270.6757,1272.3077,1246.4763,1268.5934,2273348.0,456952021.0,600519.SH,3113.4626,0.011124177311581551,0.010423109333994152,0.0007010679775873996
2016-01-25,1270.0566,1272.8142,1261.615,1268.7622,1375045.0,278273547.0,600519.SH,3128.886,0.0001330607584746346,0.004953777186853081,-0.0048207164283784465
2016-01-26,1258.7448,1278.3294,1244.7317,1247.6018,2228092.0,448487464.0,600519.SH,2940.5085,-0.016677987411667816,-0.06020593271854591,0.04352794530687809
2016-01-27,1253.0608,1258.182,1228.9739,1252.7794,2984041.0,589842577.0,600519.SH,2930.3519,0.004150042104780427,-0.0034540284443999036,0.007604070549180331
2016-01-28,1251.7664,1251.7664,1228.5237,1234.264,1790300.0,353744037.0,600519.SH,2853.7562,-0.014779457580480604,-0.026138737808247603,0.011359280227766999
2016-01-29,1238.9914,1267.2427,1236.29,1256.8314,2309024.0,461975279.0,600519.SH,2946.0902,0.01828409481277915,0.03235525165043884,-0.014071156837659693
2016-02-01,1264.9916,1268.9311,1252.5543,1260.4332,1917802.0,386028337.0,600519.SH,2901.0477,0.0028657781783618663,-0.015288907311799216,0.018154685490161082
2016-02-02,1264.4289,1280.1866,1256.7751,1278.7797,1784208.0,362596993.0,600519.SH,2961.3337,0.014555709894026991,0.020780768272097072,-0.006225058378070081
2016-02-03,1267.693,1278.8359,1261.615,1273.771,1515699.0,307933687.0,600519.SH,2948.6386,-0.003916780974862255,-0.004286953543938599,0.00037017256907634355
2016-02-04,1280.1866,1286.2646,1273.0956,1281.2559,1662475.0,340315128.0,600519.SH,2984.7598,0.005876173974757037,0.012250127906485275,-0.006373953931728238
2016-02-05,1281.2559,1282.3252,1267.4116,1274.9528,1422767.0,290691678.0,600519.SH,2963.7894,-0.004919470029367323,-0.0070258249926844485,0.0021063549633171252
2016-02-15,1253.1733,1270.0566,1250.9222,1255.4807,1947018.0,390748384.0,600519.SH,2946.7066,-0.015272800687209709,-0.005763837336080657,-0.009508963351129052
2016-02-16,1256.3249,1298.1955,1256.3249,1275.2342,1922316.0,393326285.0,600519.SH,3037.0353,0.01573381414784003,0.03065412077334062,-0.01492030662550059
2016-02-17,1274.2212,1280.8619,1256.0435,1266.1172,2034911.0,411126979.0,600519.SH,3063.3199,-0.007149275011601897,0.00865469031591437,-0.015803965327516267
2016-02-18,1271.1822,1273.4333,1259.3639,1262.7968,1889256.0,381696249.0,600519.SH,3053.6985,-0.002622506036565886,-0.0031408407590731713,0.0005183347225072854
2016-02-19,1262.2903,1271.0696,1259.5327,1270.6757,1423846.0,287755552.0,600519.SH,3051.585,0.006239246092482942,-0.0006921115493229157,0.0069313576418058576
2016-02-22,1286.9399,1299.9963,1286.9399,1297.0699,2775986.0,574540624.0,600519.SH,3118.8675,0.0207717830757288,0.02204837813791838,-0.0012765950621895783
2016-02-23,1296.9011,1337.4773,1292.6803,1323.0139,3746089.0,795824522.0,600519.SH,3089.3632,0.020002006059966382,-0.009459940186622218,0.0294619462465886
2016-02-24,1321.8321,1354.642,1315.135,1353.0099,3312902.0,717612347.0,600519.SH,3109.5454,0.022672475323199714,0.006532802617704503,0.01613967270549521
2016-02-25,1358.9753,1368.43,1321.4381,1323.0139,3948065.0,855036777.0,600519.SH,2918.7501,-0.022169830390745937,-0.061357939974119646,0.03918810958337371
2016-02-26,1326.8971,1361.5078,1316.542,1347.9449,2833271.0,609924298.0,600519.SH,2948.0306,0.018844095288794716,0.010031862611328046,0.00881223267746667
2016-02-29,1360.0446,1370.6811,1291.4421,1337.0833,4771246.0,1022532377.0,600519.SH,2877.4666,-0.008057896135071907,-0.023935979497634707,0.0158780833625628
2016-03-01,1342.9925,1367.417,1311.7021,1356.8368,3400459.0,736088847.0,600519.SH,2930.6937,0.014773574690522207,0.018497903676796712,-0.0037243289862745055
2016-03-02,1360.1009,1396.6814,1358.2437,1389.4778,4794266.0,1073462814.0,600519.SH,3051.3327,0.024056688320953423,0.04116397424950957,-0.01710728592855615
2016-03-03,1393.8675,1433.1493,1375.0707,1409.6815,4019328.0,914557333.0,600519.SH,3058.4219,0.014540498595947415,0.002323312695465818,0.012217185900481597
2016-03-04,1404.4477,1479.1844,1393.9238,1471.4181,8583869.0,2007278355.0,600519.SH,3093.8895,0.043794715331087364,0.01159669959203491,0.032198015739052455
2016-03-07,1467.6475,1478.284,1427.9155,1442.4914,3934555.0,924016283.0,600519.SH,3104.8397,-0.019659062233908897,0.0035392989956493093,-0.023198361229558206
2016-03-08,1440.5779,1440.5779,1405.123,1417.5604,2614722.0,600938828.0,600519.SH,3107.6727,-0.017283291948915647,0.0009124464622118911,-0.018195738411127538
2016-03-09,1405.123,1436.9199,1400.058,1407.5992,1640260.0,375804071.0,600519.SH,3071.907,-0.007027002165128193,-0.011508837465412647,0.0044818353002844535
2016-03-10,1416.3223,1442.8291,1410.7508,1411.0885,2572746.0,593953294.0,600519.SH,3013.1457,0.0024789016646216133,-0.019128606432421313,0.021607508097042927
2016-03-11,1402.5342,1432.5865,1396.6814,1411.0322,1632008.0,373343712.0,600519.SH,3018.2844,-3.9898277110150815e-05,0.0017054269894747343,-0.001745325266584885
2016-03-14,1426.2834,1441.7035,1378.1097,1391.4475,4527783.0,1029457824.0,600519.SH,3065.6904,-0.013879697430009164,0.01570627340485209,-0.029585970834861253
2016-03-15,1392.7419,1446.7122,1390.1532,1432.8116,3635633.0,832373597.0,600519.SH,3074.7796,0.029727388205447847,0.0029648134071202925,0.026762574798327554
2016-03-16,1423.2444,1436.0757,1393.8675,1414.1837,2425097.0,555358085.0,600519.SH,3090.0328,-0.013000941645084363,0.004960745804349687,-0.01796168744943405
2016-03-17,1422.0063,1445.0802,1412.4391,1419.5301,2882095.0,665454446.0,600519.SH,3124.2039,0.003780555524717233,0.011058491029609874,-0.007277935504892641
2016-03-18,1433.2618,1434.7251,1398.2571,1399.4953,7056894.0,1613934123.0,600519.SH,3171.963,-0.014113684521377845,0.015286806344489978,-0.029400490865867823
2016-03-21,1403.2096,1433.3744,1403.1533,1433.1493,3854745.0,885665711.0,600519.SH,3249.4372,0.024047240458756836,0.02442468591216218,-0.0003774454534053451
2016-03-22,1434.7251,1468.0414,1430.448,1447.275,4176661.0,981582397.0,600519.SH,3225.7903,0.009856405051448691,-0.007277229422990472,0.017133634474439163
2016-03-23,1451.2707,1461.4007,1437.0887,1449.9763,2141206.0,503035650.0,600519.SH,3236.0924,0.0018664731996338446,0.00319366699069068,-0.0013271937910568354
2016-03-24,1450.1451,1508.6739,1429.3224,1493.2538,6206802.0,1487290878.0,600519.SH,3181.8507,0.029847039568853484,-0.016761480605436363,0.04660852017428985
2016-03-25,1492.3534,1533.3798,1484.0243,1506.3103,4475616.0,1100326150.0,600519.SH,3197.8169,0.008743657642123592,0.005017897288518203,0.0037257603536053896
2016-03-28,1506.3103,1553.5835,1506.3103,1532.198,4833765.0,1207751715.0,600519.SH,3169.7283,0.017186166754618926,-0.008783679891115614,0.02596984664573454
2016-03-29,1532.3105,1540.1894,1503.2713,1523.9252,3668805.0,911522995.0,600519.SH,3135.4098,-0.0053993021789613405,-0.010826953212362156,0.0054276510334008155
2016-03-30,1528.9339,1536.8127,1509.1241,1527.0204,2778260.0,688591402.0,600519.SH,3216.2753,0.0020310708163366886,0.02579104651647124,-0.02375997570013455
2016-03-31,1533.6612,1536.25,1517.6221,1521.2801,1945734.0,483196895.0,600519.SH,3218.0879,-0.0037591508273236984,0.0005635711594713655,-0.004322721986795064
2016-04-01,1528.6525,1537.3192,1503.834,1506.9293,2514607.0,620149506.0,600519.SH,3221.8948,-0.009433371277255187,0.001182969551577484,-0.010616340828832671
2016-04-05,1495.1673,1520.4922,1495.1673,1509.3492,2504785.0,615354327.0,600519.SH,3264.4858,0.0016058483964709325,0.013219239808823113,-0.01161339141235218
2016-04-06,1510.925,1577.3327,1510.925,1575.1378,4842492.0,1225137020.0,600519.SH,3257.5276,0.043587395150174624,-0.002131484229461189,0.04571887937963581
2016-04-07,1573.3369,1576.6573,1549.3064,1557.6918,2553639.0,650128766.0,600519.SH,3209.2902,-0.011075856347298574,-0.014807978910140296,0.003732122562841722
2016-04-08,1545.8172,1567.7092,1524.4317,1533.7738,2315602.0,583704015.0,600519.SH,3185.7258,-0.015354770436616594,-0.007342558176882785,-0.008012212259733809
2016-04-11,1537.3755,1563.7135,1497.9812,1499.2193,11928468.0,2930751132.0,600519.SH,3230.0957,-0.022529071757517283,0.01392772096079331,-0.03645679271831059
2016-04-12,1499.1067,1506.4228,1490.1023,1505.9726,2333909.0,568663727.0,600519.SH,3218.4497,0.0045045444652427324,-0.003605465930931917,0.00811001039617465
2016-04-13,1508.6739,1526.8516,1487.8512,1490.8902,5427425.0,1328412389.0,600519.SH,3261.3831,-0.010015056050820537,0.013339776601138054,-0.02335483265195859
2016-04-14,1491.6781,1505.4661,1483.9117,1493.8166,2866437.0,696651874.0,600519.SH,3275.8321,0.0019628541390908083,0.004430328960740582,-0.0024674748216497733
2016-04-15,1493.1413,1506.3103,1485.0373,1505.86,1902926.0,463404859.0,600519.SH,3272.2053,0.008062167738663417,-0.0011071385496222996,0.009169306288285717
2016-04-18,1494.0417,1512.0506,1492.3534,1498.9942,1859304.0,453989128.0,600519.SH,3228.4531,-0.004559387990915376,-0.013370860318574707,0.008811472327659331
2016-04-19,1504.1154,1507.4921,1486.4442,1496.1803,1423668.0,345816837.0,600519.SH,3238.3029,-0.001877192053178156,0.0030509348269609493,-0.004928126880139105
2016-04-20,1496.2366,1503.0461,1454.6474,1469.5047,3370850.0,808354333.0,600519.SH,3181.0264,-0.017829134630365062,-0.01768719658682949,-0.00014193804353557216
2016-04-21,1481.0979,1491.2278,1468.7168,1480.3663,2967222.0,713190665.0,600519.SH,3160.6033,0.007391333964430258,-0.00642028623214197,0.013811620196572227
2016-04-22,1483.9117,1522.6308,1480.3663,1519.9294,3545938.0,869560470.0,600519.SH,3174.9012,0.02672520983489024,0.004523788227392966,0.022201421607497274
2016-04-25,1518.3537,1523.8689,1496.8556,1503.7215,2499028.0,614481805.0,600519.SH,3162.0331,-0.010663587400835728,-0.004053071005799991,-0.006610516395035737
2016-04-26,1506.1414,1517.003,1495.1673,1500.0072,1515668.0,370224914.0,600519.SH,3179.1605,-0.002470071751983438,0.005416578340055933,-0.007886650092039371
2016-04-27,1503.6089,1509.1241,1497.9249,1505.7475,1391510.0,340092448.0,600519.SH,3165.9156,0.0038268482977947826,-0.004166162733841294,0.007993011031636077
2016-04-28,1511.0939,1516.2151,1500.795,1514.5268,1715655.0,421012810.0,600519.SH,3160.5809,0.005830526034411587,-0.0016850417616944835,0.007515567796106071
2016-04-29,1519.8732,1548.2371,1519.8732,1541.315,4607949.0,1155915396.0,600519.SH,3156.7451,0.01768750477046699,-0.0012136376575584418,0.01890114242802543
2016-05-03,1537.6569,1603.6706,1537.6569,1590.8393,5647486.0,1463972630.0,600519.SH,3213.5397,0.03213119965743538,0.017991506504595467,0.014139693152839916
2016-05-04,1590.8393,1604.2897,1568.272,1569.5101,2863626.0,743425170.0,600519.SH,3209.4614,-0.013407513882766287,-0.0012690989938601849,-0.012138414888906102
2016-05-05,1571.1421,1580.4279,1565.5144,1578.2894,1351789.0,347050356.0,600519.SH,3213.9199,0.005593656262549596,0.0013891738969036282,0.004204482365645967
2016-05-06,1575.7006,1582.5102,1540.8647,1547.0553,2717369.0,689911421.0,600519.SH,3130.3544,-0.01978984335825862,-0.026001114713530837,0.006211271355272219
2016-05-09,1535.2932,1550.3194,1528.9902,1539.1764,2779918.0,696784543.0,600519.SH,3065.6154,-0.005092836694331471,-0.020681044932164827,0.015588208237833356
2016-05-10,1531.7478,1557.0727,1529.5529,1546.2674,3350589.0,843441777.0,600519.SH,3069.1124,0.004607009307055376,0.00114071712974817,0.0034662921773072064
2016-05-11,1547.7869,1593.5406,1547.7869,1573.2244,4927713.0,1268594578.0,600519.SH,3082.8086,0.017433595250084144,0.004462593158855999,0.012971002091228145
2016-05-12,1557.1853,1571.4798,1545.8172,1568.1031,1889411.0,480711461.0,600519.SH,3090.1372,-0.003255288946700796,0.0023772478122709995,-0.005632536758971796
2016-05-13,1568.2157,1584.6488,1537.3755,1539.9643,2814561.0,714915405.0,600519.SH,3074.9351,-0.017944483369747743,-0.0049195550281715406,-0.013024928341576203
2016-05-16,1539.4015,1544.6916,1519.3667,1543.7349,2220273.0,553627499.0,600519.SH,3095.3085,0.0024484983190842247,0.006625635773580996,-0.004177137454496771
2016-05-17,1540.2457,1548.0683,1533.6049,1534.7305,1178569.0,295827986.0,600519.SH,3086.0249,-0.005832866770065226,-0.0029992487017046487,-0.002833618068360577
2016-05-18,1529.3841,1544.973,1495.7301,1503.2713,2838034.0,700172115.0,600519.SH,3068.0358,-0.02049819170206091,-0.005829214145355643,-0.014668977556705265
2016-05-19,1507.3233,1526.12,1503.6089,1510.7562,2088943.0,514050851.0,600519.SH,3062.5002,0.004979074635430125,-0.0018042814233133475,0.006783356058743473
2016-05-20,1516.7779,1546.8302,1502.5959,1541.6526,2550157.0,638079261.0,600519.SH,3078.2183,0.020450950325406447,0.005132440481146805,0.015318509844259642
2016-05-23,1532.9859,1562.6442,1532.9859,1558.1983,1870618.0,474832790.0,600519.SH,3087.2225,0.010732443872244701,0.002925133672293523,0.0078073101999511785
2016-05-24,1559.3801,1563.8823,1535.1244,1545.4795,1167440.0,294383661.0,600519.SH,3063.5556,-0.00816250409206587,-0.007666081728803009,-0.0004964223632628606
2016-05-25,1559.774,1562.3628,1540.2457,1545.0293,1778534.0,450815932.0,600519.SH,3059.2259,-0.00029130117869569094,-0.001413292450119119,0.0011219912714234281
2016-05-26,1545.7609,1555.9472,1530.0594,1549.8129,1812026.0,454859062.0,600519.SH,3064.2111,0.003096122513663646,0.0016295625635229793,0.0014665599501406668
2016-05-27,1549.8692,1560.9559,1542.328,1548.2934,1323044.0,334258004.0,600519.SH,3062.4993,-0.0009804409293533434,-0.0005586429733904774,-0.00042179795596286596
2016-05-30,1543.0033,1571.1421,1534.5616,1569.0598,2980692.0,756013047.0,600519.SH,3066.7095,0.013412444953908587,0.00137475949790411,0.012037685456004477
2016-05-31,1568.3282,1628.0951,1563.826,1615.9954,5394965.0,1418668247.0,600519.SH,3169.5598,0.029913200248964378,0.03353767287054743,-0.0036244726215830525
2016-06-01,1621.2292,1621.792,1607.7226,1612.1685,2187669.0,578184009.0,600519.SH,3160.547,-0.002368137929105507,-0.0028435494417867746,0.00047541151268126747
2016-06-02,1607.7789,1639.6883,1607.7789,1634.3982,2476076.0,660335572.0,600519.SH,3167.0997,0.013788695164308251,0.0020732803530527644,0.011715414811255487
2016-06-03,1630.2337,1741.3258,1626.857,1725.2866,6479813.0,1806172759.0,600519.SH,3189.3255,0.05560970392649711,0.007017714030284505,0.048591989896212606
2016-06-06,1714.6502,1720.2779,1675.2558,1681.1649,3726166.0,1034692860.0,600519.SH,3178.7883,-0.025573548186138995,-0.0033038960745774837,-0.02226965211156151
2016-06-07,1683.6974,1694.8967,1675.3121,1691.2949,1875353.0,518246021.0,600519.SH,3177.0536,0.006025583807989454,-0.0005457110811688537,0.006571294889158308
2016-06-08,1683.1347,1691.3512,1666.8141,1671.2038,2388209.0,656530776.0,600519.SH,3163.9864,-0.011879122913455276,-0.004112993246321195,-0.007766129667134081
2016-06-13,1665.97,1684.5979,1626.0128,1630.5713,3777506.0,1030012790.0,600519.SH,3066.3413,-0.024313312356039396,-0.030861415839208317,0.006548103483168921
2016-06-14,1634.2294,1668.5025,1634.2294,1662.5933,2558729.0,696446744.0,600519.SH,3075.9834,0.019638515653991995,0.00314449666773875,0.016494018986253245
2016-06-15,1651.1127,1691.0135,1648.2988,1683.6412,2732201.0,752172235.0,600519.SH,3116.3682,0.012659680512365767,0.013129069552195727,-0.0004693890398299594
2016-06-16,1674.4679,1691.0135,1668.3899,1669.7406,1964357.0,540824570.0,600519.SH,3094.6748,-0.008256272179606894,-0.0069611158270708184,-0.0012951563525360754
2016-06-17,1667.3769,1717.4078,1667.3769,1693.6023,2470518.0,689165054.0,600519.SH,3110.3572,0.014290662873023496,0.005067543769057714,0.009223119103965782
2016-06-20,1702.1002,1702.6067,1669.628,1681.5026,1901926.0,523759587.0,600519.SH,3112.6744,-0.007144357326392403,0.0007449948192446154,-0.007889352145637019
2016-06-21,1686.7364,1691.8014,1664.0003,1668.5588,1674933.0,460067364.0,600519.SH,3106.3175,-0.007697757945780204,-0.0020422630776928408,-0.005655494868087363
2016-06-22,1668.3336,1699.7929,1662.7059,1694.6153,2088448.0,577353686.0,600519.SH,3133.9611,0.015616171273077128,0.00889915470649738,0.006717016566579748
2016-06-23,1703.2258,1703.2258,1674.5805,1683.3598,1398451.0,386801287.0,600519.SH,3117.3168,-0.006641920440586091,-0.0053109465844997095,-0.0013309738560863815
2016-06-24,1676.8316,1686.5113,1631.3592,1668.3336,2012951.0,550877435.0,600519.SH,3077.1554,-0.008926315099125004,-0.012883323247736667,0.003957008148611663
2016-06-27,1675.2558,1772.6161,1675.2558,1746.6159,6364269.0,1823624051.0,600519.SH,3120.5443,0.046922450042365726,0.014100327854745354,0.03282212218762037
2016-06-28,1742.9015,1757.7588,1738.9621,1749.5986,2428223.0,699351511.0,600519.SH,3136.4013,0.0017077023059277607,0.005081485303701561,-0.0033737829977738
2016-06-29,1745.8843,1756.577,1727.0312,1749.4298,2814760.0,805690468.0,600519.SH,3151.3898,-9.647927244582633e-05,0.004778884640814329,-0.004875363913260156
2016-06-30,1759.7848,1805.82,1759.7848,1770.4776,3802240.0,1116195906.0,600519.SH,3153.921,0.012031234405633251,0.0008032011780960691,0.011228033227537182
2016-07-01,1778.6435,1804.9814,1760.6346,1772.8469,2601495.0,746622842.0,600519.SH,3154.2003,0.0013382264762908935,8.855643498995036e-05,0.0012496700413009432
2016-07-04,1777.5179,1824.7912,1771.8902,1816.3495,2948864.0,859625100.0,600519.SH,3204.6962,0.024538272312177645,0.016009097456493038,0.008529174855684607
2016-07-05,1822.7089,1868.125,1822.7089,1853.943,4170773.0,1252985739.0,600519.SH,3207.3827,0.02069728320458153,0.0008383009909020966,0.019858982213679433
2016-07-06,1849.5533,1951.9787,1845.1074,1947.4202,4734770.0,1463885917.0,600519.SH,3216.8035,0.05042075187856376,0.0029372235499056654,0.0474835283286581
2016-07-07,1939.5976,2001.503,1918.6623,1945.8444,5072520.0,1619384207.0,600519.SH,3209.9542,-0.0008091730793385876,-0.0021292254873509497,0.0013200524080123621
2016-07-08,1926.8226,1937.9093,1885.3459,1906.4501,4554563.0,1412963905.0,600519.SH,3192.2804,-0.020245349525378264,-0.0055059352560232755,-0.014739414269354989
2016-07-11,1901.4976,1985.7453,1901.4976,1935.8833,5748167.0,1825388220.0,600519.SH,3203.3298,0.015438746600291209,0.003461287423247583,0.011977459177043626
2016-07-12,1939.3725,2000.3775,1935.0954,1989.8535,5311945.0,1712151169.0,600519.SH,3273.1823,0.027878849928608895,0.02180621551986306,0.006072634408745836
2016-07-13,1980.2863,1989.8535,1935.3768,1947.4202,5344828.0,1697002627.0,600519.SH,3282.8681,-0.021324836225380395,0.0029591385728806596,-0.024283974798261054
2016-07-14,1941.2296,1967.7364,1936.2209,1946.8574,2923085.0,928017845.0,600519.SH,3276.7637,-0.0002889977211902872,-0.0018594716004581846,0.0015704738792678974
2016-07-15,1947.0262,1952.1475,1935.433,1949.2774,2681101.0,848676195.0,600519.SH,3276.2775,0.0012430288936415845,-0.00014837810855872213,0.0013914070022003067
2016-07-18,1949.1648,1960.4203,1938.8097,1941.905,2335289.0,741065232.0,600519.SH,3262.0222,-0.0037821194664238167,-0.004351066110853008,0.0005689466444291913
2016-07-19,1937.9093,1942.4115,1881.913,1896.3201,4143166.0,1282256493.0,600519.SH,3248.2341,-0.023474320319480158,-0.004226856579945926,-0.019247463739534232
2016-07-20,1899.1902,1911.8527,1892.8871,1898.8526,1773384.0,548187889.0,600519.SH,3237.6051,0.0013354812829331486,-0.003272239522391529,0.004607720805324678
2016-07-21,1907.8007,1949.7276,1901.3288,1931.6062,3300949.0,1041004812.0,600519.SH,3252.5227,0.017249153515128013,0.0046076033176496445,0.012641550197478368
2016-07-22,1923.2771,1936.2209,1892.2118,1895.2508,2887145.0,893047922.0,600519.SH,3225.1621,-0.018821331180237433,-0.008412116539570968,-0.010409214640666464
2016-07-25,1893.4499,1930.5369,1890.0733,1914.0475,2362353.0,736751814.0,600519.SH,3230.885,0.009917790299837748,0.0017744534453012495,0.008143336854536498
2016-07-26,1901.3851,1960.4203,1898.5149,1957.8316,3555567.0,1121135548.0,600519.SH,3269.5882,0.022875137633731724,0.011979132652508495,0.010896004981223228
2016-07-27,1962.39,1966.6109,1897.3894,1929.5239,3922806.0,1235833182.0,600519.SH,3218.243,-0.014458700125179358,-0.015703873656015777,0.0012451735308364187
2016-07-28,1918.2121,1959.2948,1915.3982,1941.0045,3964399.0,1254912053.0,600519.SH,3221.1365,0.005949965170164662,0.0008990930765637728,0.005050872093600889
2016-07-29,1935.5456,1956.9311,1923.8399,1924.684,2900737.0,913987191.0,600519.SH,3203.9304,-0.008408275199774162,-0.005341623988924349,-0.0030666512108498134
2016-08-01,1923.8399,1929.1862,1878.8177,1889.8481,3170185.0,980681835.0,600519.SH,3176.8091,-0.018099542574261607,-0.008465009102569865,-0.009634533471691742
2016-08-02,1891.4802,1909.7704,1866.718,1885.6273,2654142.0,812078461.0,600519.SH,3189.0529,-0.0022334070129762518,0.003854118901888137,-0.006087525914864389
2016-08-03,1890.0733,1895.1382,1874.0341,1889.0603,2403907.0,735080442.0,600519.SH,3193.5073,0.0018206142857604135,0.0013967783350348206,0.0004238359507255929
2016-08-04,1889.2291,1897.5582,1874.4281,1886.1338,2179364.0,666165432.0,600519.SH,3201.2888,-0.0015491829456159012,0.002436662662396172,-0.003985845608012073
2016-08-05,1887.2031,1897.7833,1878.9866,1884.0515,2030848.0,622324412.0,600519.SH,3205.1101,-0.0011040043924773757,0.0011936754971935137,-0.0022976798896708894
2016-08-08,1885.2897,1897.3894,1867.8999,1896.2638,2200740.0,672724165.0,600519.SH,3234.1833,0.006481935339877953,0.009070889639641422,-0.0025889542997634685
2016-08-09,1896.6577,1950.1215,1886.8092,1939.3162,3928967.0,1230571980.0,600519.SH,3256.9813,0.022703803131188804,0.007049074800429489,0.015654728330759315
2016-08-10,1935.3768,1943.537,1925.697,1928.3983,2094471.0,659451040.0,600519.SH,3243.3409,-0.0056297678532257756,-0.004188049836208685,-0.0014417180170170907
2016-08-11,1931.6062,1972.0698,1929.5239,1945.0565,3193972.0,1016399255.0,600519.SH,3233.3604,0.00863836065402035,-0.003077228175428659,0.011715588829449008
2016-08-12,1948.602,1948.602,1929.5239,1946.1821,2335283.0,737487495.0,600519.SH,3294.2337,0.0005786978424535683,0.01882663621413805,-0.01824793837168448
2016-08-15,1939.5976,1972.7451,1930.3118,1956.3683,3411013.0,1084418386.0,600519.SH,3393.4239,0.005233939825055378,0.030110249919427234,-0.024876310094371856
2016-08-16,1974.4897,1977.1911,1895.701,1904.2552,8837869.0,2755749508.0,600519.SH,3378.2451,-0.026637673489189106,-0.004473004389460411,-0.022164669099728695
2016-08-17,1904.7054,1912.4155,1887.2594,1896.6015,4375406.0,1347397784.0,600519.SH,3373.0476,-0.004019261703998578,-0.0015385206952569508,-0.002480741008741627
2016-08-18,1895.4196,1904.9868,1879.5493,1886.8654,3100599.0,951674783.0,600519.SH,3364.4851,-0.005133445270395498,-0.002538505534283031,-0.002594939736112467
2016-08-19,1883.3199,1892.6057,1877.6922,1887.1468,1914091.0,585467699.0,600519.SH,3365.0197,0.00014913623409484877,0.0001588950416215873,-9.758807526738522e-06
2016-08-22,1885.1771,1904.5929,1884.4455,1891.8741,2081270.0,640455200.0,600519.SH,3336.7949,0.002504998551252191,-0.008387707210153916,0.010892705761406107
2016-08-23,1891.9304,1901.5539,1883.3199,1889.3979,1991426.0,612752800.0,600519.SH,3341.8298,-0.0013088608803303314,0.001508903049450172,-0.0028177639297805035
2016-08-24,1890.1858,1892.8309,1872.2332,1880.3935,2277942.0,695005299.0,600519.SH,3329.8631,-0.004765751036348687,-0.0035808825452451343,-0.0011848684911035523
2016-08-25,1879.9433,1880.9563,1851.0728,1867.6185,2536258.0,766099099.0,600519.SH,3308.9721,-0.0067937907677302345,-0.006273831497757398,-0.0005199592699728361
2016-08-26,1868.3501,1876.2852,1852.93,1858.8392,2143645.0,648346749.0,600519.SH,3307.0902,-0.004700799440571002,-0.0005687264634234301,-0.004132072977147572
2016-08-29,1895.701,1900.2032,1879.9433,1893.056,3805557.0,1169052449.0,600519.SH,3307.7812,0.018407616968697527,0.0002089450115390079,0.01819867195715852
2016-08-30,1890.0733,1898.5149,1876.9606,1883.6576,2117052.0,649198656.0,600519.SH,3311.9872,-0.004964670881368538,0.0012715472232565084,-0.0062362181046250464
2016-08-31,1888.3849,1911.2337,1881.8567,1908.0258,4040144.0,1250762220.0,600519.SH,3327.7938,0.01293663986490956,0.004772542599198459,0.008164097265711101
2016-09-01,1905.2682,1918.2121,1897.108,1899.6967,1718597.0,532785268.0,600519.SH,3301.5767,-0.0043652973665240236,-0.007878222502848531,0.0035129251363245073
2016-09-02,1895.701,1903.8613,1878.1424,1883.2074,1857224.0,570909575.0,600519.SH,3314.1142,-0.0086799645438137,0.0037974280591450693,-0.01247739260295877
2016-09-05,1885.571,1901.3288,1883.3762,1898.5149,1913870.0,589626257.0,600519.SH,3319.6803,0.008128419631316275,0.0016795136389686771,0.006448905992347598
2016-09-06,1898.5149,1908.9825,1897.6707,1906.6189,2062583.0,638681582.0,600519.SH,3342.6259,0.004268599630163683,0.006911990892616959,-0.0026433912624532763
2016-09-07,1905.1557,1905.1557,1881.6316,1887.8221,2964515.0,908976239.0,600519.SH,3340.8172,-0.009858708523239668,-0.0005411015333782743,-0.009317606989861393
2016-09-08,1879.9996,1887.2594,1875.4973,1883.4325,1670578.0,509979664.0,600519.SH,3339.564,-0.0023252190977106624,-0.00037511780051902033,-0.001950101297191642
2016-09-09,1888.1035,1889.2854,1873.19,1876.7354,1622251.0,494663720.0,600519.SH,3318.044,-0.0035557950709674824,-0.006443954959389875,0.0028881598884223925
2016-09-12,1861.9344,1873.19,1838.129,1839.761,3823881.0,1148690134.0,600519.SH,3262.6043,-0.019701445392888095,-0.016708548771505072,-0.0029928966213830233
2016-09-13,1850.3975,1856.1378,1846.7395,1853.0988,1625588.0,488095080.0,600519.SH,3260.333,0.007249746026793735,-0.0006961616522113134,0.007945907679005049
2016-09-14,1851.2417,1863.06,1839.4796,1848.259,1852765.0,556106069.0,600519.SH,3238.7299,-0.002611733384102366,-0.006626040959619828,0.004014307575517462
2016-09-19,1850.9603,1859.5145,1850.0036,1851.4105,1285210.0,385804380.0,600519.SH,3263.1242,0.0017051181679623717,0.007532057551326021,-0.00582693938336365
2016-09-20,1855.0685,1855.1811,1816.9123,1822.315,3489260.0,1031649944.0,600519.SH,3257.4034,-0.015715315431126697,-0.0017531664899546051,-0.013962148941172092
2016-09-21,1822.8777,1824.7349,1789.3925,1817.1937,3903723.0,1139374180.0,600519.SH,3266.6363,-0.0028103264254533133,0.0028344355507210484,-0.005644761976174362
2016-09-22,1818.6006,1850.5663,1816.9686,1833.683,2960617.0,879666027.0,600519.SH,3291.1211,0.009074046426641225,0.007495416615556305,0.0015786298110849195
2016-09-23,1833.9081,1844.7697,1824.7912,1837.6225,1267190.0,376554085.0,600519.SH,3275.6665,0.002148408421739134,-0.004695846652376323,0.006844255074115457
2016-09-26,1833.7956,1833.8519,1786.241,1787.254,3717608.0,1080278313.0,600519.SH,3220.2838,-0.02740960126467762,-0.01690730726098022,-0.010502294003697399
2016-09-27,1788.0981,1805.5442,1787.4228,1800.9857,1791582.0,520513707.0,600519.SH,3240.7546,0.007683127300316617,0.0063568310345814005,0.0013262962657352162
2016-09-28,1804.4749,1804.4749,1780.6695,1785.4531,2236001.0,648736325.0,600519.SH,3230.8904,-0.008624499350550097,-0.0030437972686978565,-0.00558070208185224
2016-09-29,1782.3015,1811.2845,1782.3015,1799.9164,2370569.0,688873467.0,600519.SH,3244.3874,0.008100632830960519,0.004177486181518253,0.003923146649442266
2016-09-30,1794.4012,1848.5966,1794.4012,1838.9169,2960350.0,880477802.0,600519.SH,3253.2848,0.02166795080038164,0.002742397532427887,0.018925553267953754
2016-10-10,1842.2935,1872.4021,1842.2935,1867.3371,2110362.0,637178860.0,600519.SH,3293.8689,0.01545485823747672,0.012474807001219279,0.0029800512362574416
2016-10-11,1873.19,1901.3288,1867.5622,1900.8786,4173675.0,1279755341.0,600519.SH,3306.5573,0.017962209394329465,0.0038521265979953867,0.014110082796334078
2016-10-12,1898.5149,1898.5149,1878.2549,1883.4325,1928602.0,590793820.0,600519.SH,3300.0099,-0.009177913834160778,-0.0019801259757391554,-0.007197787858421623
2016-10-13,1888.9477,1889.7356,1870.4324,1872.5709,1614398.0,491591611.0,600519.SH,3302.6455,-0.0057669175826582375,0.0007986642706738767,-0.006565581853332114
2016-10-14,1870.2072,1884.4455,1868.6877,1882.1944,1269092.0,386317907.0,600519.SH,3305.8481,0.0051391912583924615,0.0009697074663326255,0.004169483792059836
2016-10-17,1881.3502,1881.6316,1859.1205,1864.4669,1895703.0,574503340.0,600519.SH,3277.8787,-0.009418527650491448,-0.008460582323791543,-0.000957945326699905
2016-10-18,1864.7483,1898.5149,1861.9344,1890.9737,3038931.0,932443506.0,600519.SH,3321.3324,0.014216825195448646,0.013256652846854733,0.0009601723485939129
2016-10-19,1898.5149,1899.9218,1879.3805,1886.978,1412328.0,433658685.0,600519.SH,3316.2407,-0.0021130383780588735,-0.0015330293348536639,-0.0005800090432052096
2016-10-20,1892.2681,1892.2681,1877.6922,1881.5191,1407992.0,429896204.0,600519.SH,3318.6044,-0.002892932509017121,0.0007127649087717014,-0.0036056974177888224
2016-10-21,1879.2679,1881.5191,1865.2548,1874.2592,1148332.0,349209701.0,600519.SH,3327.74,-0.0038585311198807704,0.0027528439364450374,-0.006611375056325808
2016-10-24,1865.3111,1890.0733,1865.3111,1889.6793,2624652.0,802002340.0,600519.SH,3367.5778,0.008227303886250148,0.011971428056278599,-0.003744124170028451
2016-10-25,1892.2681,1923.8399,1892.2681,1923.5022,4376239.0,1363211035.0,600519.SH,3367.4547,0.017898751391307366,-3.655446356731762e-05,0.017935305854874684
2016-10-26,1923.8399,1953.7233,1916.2424,1927.6667,4681307.0,1475976854.0,600519.SH,3354.8003,0.0021650612097039446,-0.0037578530752024886,0.005922914284906433
2016-10-27,1923.7836,1953.2168,1912.6406,1945.6193,3295162.0,1039017332.0,600519.SH,3345.695,0.009313124514730653,-0.0027141108816520765,0.01202723539638273
2016-10-28,1949.1648,1954.3986,1929.4676,1946.6323,2013733.0,637478016.0,600519.SH,3340.1262,0.0005206568417572832,-0.0016644673229329054,0.0021851241646901887
2016-10-31,1957.6064,1978.992,1945.2254,1951.6973,4359610.0,1394967912.0,600519.SH,3336.2778,0.0026019294963923745,-0.0011521720346974185,0.003754101531089793
2016-11-01,1951.6973,1957.6064,1938.1907,1944.55,1951239.0,617880127.0,600519.SH,3359.0515,-0.0036620945266461202,0.00682608025027176,-0.01048817477691788
2016-11-02,1941.2296,1947.2514,1927.6667,1936.1084,2063642.0,650629063.0,600519.SH,3333.3524,-0.004341158622817587,-0.0076507013959148384,0.0033095427730972515
2016-11-03,1935.0954,1943.3119,1930.3118,1939.9353,1869081.0,589861356.0,600519.SH,3365.085,0.001976593872533128,0.009519725547169733,-0.007543131674636605
2016-11-04,1940.6669,1953.3856,1929.3551,1934.0824,2061927.0,650489997.0,600519.SH,3354.1749,-0.003017059383372267,-0.003242146929423817,0.00022508754605155001
2016-11-07,1935.0954,1946.3509,1924.9654,1936.9525,1604780.0,505304908.0,600519.SH,3356.5916,0.0014839595251991966,0.0007205050637044685,0.0007634544614947281
2016-11-08,1943.537,1975.5027,1938.9223,1963.2342,3419383.0,1093003608.0,600519.SH,3371.1177,0.01356858260592353,0.004327634020176774,0.009240948585746755
2016-11-09,1963.2342,1974.3209,1928.3421,1945.2816,3000449.0,951077199.0,600519.SH,3353.0547,-0.00914440060182331,-0.005358163555072459,-0.003786237046750851
2016-11-10,1958.1692,1968.862,1950.4592,1958.3381,1780496.0,568571581.0,600519.SH,3390.6119,0.0067118817141949005,0.01120089093685217,-0.00448900922265727
2016-11-11,1951.9224,1953.667,1933.9698,1935.5456,3590265.0,1133744319.0,600519.SH,3417.2211,-0.01163869507517623,0.007847904975500253,-0.019486600050676484
2016-11-14,1938.1907,1939.9915,1906.9003,1912.528,3992049.0,1246340872.0,600519.SH,3430.2482,-0.01189204738963523,0.003812191139753729,-0.01570423852938896
2016-11-15,1907.1254,1938.7534,1907.1254,1929.5239,2447055.0,766112493.0,600519.SH,3429.8697,0.008886614993349085,-0.00011034186972236348,0.008996956863071448
2016-11-16,1928.3983,1937.3465,1918.2121,1924.684,1339981.0,419672477.0,600519.SH,3429.5921,-0.00250833897418945,-8.093601923142568e-05,-0.0024274029549580245
2016-11-17,1918.6623,1923.8399,1909.9393,1912.8094,1833776.0,570642087.0,600519.SH,3436.535,-0.006169636158455005,0.0020244098416251077,-0.008194046000080113
2016-11-18,1913.4848,1917.0865,1906.2812,1906.9566,1937769.0,601883505.0,600519.SH,3417.4554,-0.003059792575256126,-0.00555198768527021,0.0024921951100140838
2016-11-21,1912.6969,1916.2986,1897.7833,1904.1427,2608384.0,807014528.0,600519.SH,3441.1106,-0.0014755972946630669,0.006921875264268351,-0.008397472558931418
2016-11-22,1908.6449,1909.489,1897.7833,1900.5972,2642427.0,816561740.0,600519.SH,3468.3637,-0.0018619928012748588,0.007919855874437776,-0.009781848675712634
2016-11-23,1912.5843,1923.8399,1901.9478,1923.5585,3401504.0,1058266299.0,600519.SH,3474.7289,0.012081097457157242,0.0018352169929585216,0.01024588046419872
2016-11-24,1924.9654,1946.3509,1914.948,1945.957,3907870.0,1227937711.0,600519.SH,3488.7402,0.011644304033384012,0.0040323433577795775,0.0076119606756044345
2016-11-25,1946.576,1951.9787,1926.2035,1945.7319,2236967.0,706042467.0,600519.SH,3521.2984,-0.00011567573178650203,0.009332365878089721,-0.009448041609876223
2016-11-28,1949.4462,1964.2472,1944.0998,1960.4203,4925301.0,1568882892.0,600519.SH,3535.0807,0.007549035918052116,0.003913982410578942,0.003635053507473174
2016-11-29,1967.1737,2022.0444,1959.9138,1985.5202,5883062.0,1911874428.0,600519.SH,3564.0404,0.012803325899043205,0.008192090211688763,0.0046112356873544424
2016-11-30,1970.1001,1981.8058,1954.5112,1958.0567,2675237.0,855564591.0,600519.SH,3538.001,-0.013831891511353,-0.007306146136839442,-0.0065257453745135585
2016-12-01,1963.2342,1989.0657,1955.8056,1968.9745,2794182.0,896065026.0,600519.SH,3565.036,0.005575834448512174,0.0076413206214469565,-0.002065486172934783
2016-12-02,1968.862,1981.2431,1957.6064,1973.1954,3062833.0,984836869.0,600519.SH,3528.9547,0.0021437047559529354,-0.010120879564750607,0.012264584320703542
2016-12-05,1958.732,1988.7843,1939.7102,1940.3292,4206081.0,1342647367.0,600519.SH,3469.4073,-0.016656333174099314,-0.016873948537792227,0.00021761536369291345
2016-12-06,1942.0175,2000.2649,1942.0175,1999.3645,3892309.0,1251764484.0,600519.SH,3459.1533,0.03042540410153083,-0.002955548055715407,0.033380952157246235
2016-12-07,2003.3039,2011.0702,1985.5764,2005.1611,2527174.0,825849253.0,600519.SH,3475.7473,0.0028992212275451568,0.004797127667050871,-0.0018979064395057144
2016-12-08,2008.3126,2075.7895,2002.6286,2062.902,5447578.0,1825332444.0,600519.SH,3470.1426,0.028796140120611824,-0.0016125165370911576,0.03040865665770298
2016-12-09,2060.0318,2072.5254,2042.1355,2063.1833,3449559.0,1162079790.0,600519.SH,3493.7004,0.00013636130073080288,0.006788712371647243,-0.00665235107091644
2016-12-12,2062.8457,2075.7895,1995.3125,2001.8407,5033244.0,1667557014.0,600519.SH,3409.1794,-0.02973201653968416,-0.02419240069927009,-0.005539615840414069
2016-12-13,2001.7281,2047.6507,1994.1869,2036.4515,4178000.0,1384533791.0,600519.SH,3405.0355,0.017289487620068877,-0.0012155124485382363,0.018505000068607114
2016-12-14,2036.3952,2042.4169,2011.0702,2032.2869,3202902.0,1062697134.0,600519.SH,3378.9453,-0.0020450278339552153,-0.007662240232150341,0.005617212398195126
2016-12-15,2033.3562,2036.3389,1994.6371,2008.5377,3920275.0,1285279911.0,600519.SH,3340.4338,-0.011685948475089747,-0.011397491400645055,-0.0002884570744446924
2016-12-16,2002.6286,2018.8365,1983.3816,2005.8927,2505126.0,818412412.0,600519.SH,3346.0305,-0.001316878443456626,0.0016754410759465266,-0.0029923195194031527
2016-12-19,1997.0008,2044.1052,1994.806,1996.7757,3047187.0,1002365465.0,600519.SH,3328.9827,-0.004545108519513619,-0.005094932637344396,0.0005498241178307772
2016-12-20,1997.2259,2002.6286,1973.4205,1999.7021,3083159.0,1001345157.0,600519.SH,3309.0641,0.001465562706918,-0.005983389460089361,0.007448952167007361
2016-12-21,2002.0658,2015.5162,1983.2691,2011.9707,2471124.0,807548103.0,600519.SH,3338.536,0.006135213840101628,0.008906415563240344,-0.0027712017231387165
2016-12-22,2008.2563,2010.8451,1990.6977,1992.4986,1467813.0,478750707.0,600519.SH,3335.672,-0.009678123046225395,-0.0008578610504724749,-0.00882026199575292
2016-12-23,1983.2128,1988.5592,1958.3381,1963.403,3109555.0,1001068078.0,600519.SH,3307.5991,-0.014602569858769177,-0.00841596535870437,-0.006186604500064807
2016-12-26,1957.7753,1991.3168,1941.8487,1988.4466,2600143.0,835811094.0,600519.SH,3322.4006,0.012755201046346532,0.004474998194309521,0.00828020285203701
2016-12-27,1988.6154,2012.7586,1982.9314,1997.9013,2006229.0,655887935.0,600519.SH,3316.3852,0.004754817152243351,-0.0018105583053409369,0.006565375457584288
2016-12-28,2002.5723,2008.2563,1981.9747,1984.1695,1787811.0,581648979.0,600519.SH,3301.8887,-0.006873112300392448,-0.00437117497689965,-0.0025019373234927977
2016-12-29,1985.7453,2007.5247,1980.1175,2004.3732,2122512.0,690986078.0,600519.SH,3297.7648,0.010182446610534024,-0.0012489518498912666,0.01143139846042529
2016-12-30,2000.4337,2049.2828,2000.4337,2042.8671,3468767.0,1152982239.0,600519.SH,3310.0808,0.019204956442243404,0.003734650815607088,0.015470305626636316
2017-01-03,2043.5987,2058.9062,2035.3259,2045.1745,2076389.0,695005298.0,600519.SH,3342.2272,0.0011294909982153545,0.00971166625298081,-0.008582175254765456
2017-01-04,2045.5122,2144.2795,2045.3996,2142.8162,6525738.0,2245051865.0,600519.SH,3368.3117,0.04774247869802806,0.0078045262751738065,0.03993795242285425
2017-01-05,2132.0672,2140.2275,2106.4046,2113.7207,4170448.0,1449077676.0,600519.SH,3367.7892,-0.013578159433366377,-0.00015512222339753023,-0.013423037209968847
2017-01-06,2113.1579,2187.1068,2110.1189,2136.3443,6809562.0,2402546296.0,600519.SH,3347.6665,0.010703211640024302,-0.0059750473693545025,0.016678259009378804
2017-01-09,2119.6861,2148.2752,2112.5951,2123.6818,3540500.0,1233977973.0,600519.SH,3363.9014,-0.005927181306870977,0.0048496168898546355,-0.010776798196725612
2017-01-10,2123.3442,2143.3227,2112.9328,2126.4394,3172764.0,1108100804.0,600519.SH,3358.2716,0.0012984996151497175,-0.0016735924542854441,0.0029720920694351616
2017-01-11,2120.8117,2120.8117,2095.4867,2106.4609,2359851.0,814074636.0,600519.SH,3334.4954,-0.009395283025700252,-0.007079891930122706,-0.002315391095577546
2017-01-12,2112.6514,2117.435,2101.1708,2115.4653,1777940.0,614822051.0,600519.SH,3317.6241,0.004274658029493894,-0.0050596261131443665,0.00933428414263826
2017-01-13,2115.0713,2117.3787,2097.6253,2103.1968,1828248.0,631734939.0,600519.SH,3319.9122,-0.0057994333445221535,0.0006896803046494426,-0.006489113649171596
2017-01-16,2099.0322,2102.8028,2069.0362,2084.0624,3685545.0,1259384863.0,600519.SH,3319.4455,-0.00909776964286002,-0.00014057600679928672,-0.008957193636060734
2017-01-17,2090.4217,2140.5088,2087.0451,2127.171,3518838.0,1223967880.0,600519.SH,3326.3563,0.02068488928162604,0.0020819139823202715,0.01860297529930577
2017-01-18,2125.7641,2170.1672,2116.3657,2160.6563,4600570.0,1622110970.0,600519.SH,3339.3653,0.015741705767895686,0.003910885914416351,0.011830819853479335
2017-01-19,2160.206,2179.7907,2141.6344,2158.6303,2852392.0,1011320058.0,600519.SH,3329.2891,-0.0009376780564314124,-0.003017399743597937,0.0020797216871665247
2017-01-20,2159.6433,2173.7127,2149.1193,2160.1498,2134417.0,758415995.0,600519.SH,3354.8891,0.0007039185913402246,0.007689329232477782,-0.006985410641137557
2017-01-23,2170.7862,2187.2193,2129.0282,2138.9331,3258118.0,1151869289.0,600519.SH,3364.0808,-0.009821865131760754,0.002739792501635918,-0.012561657633396672
2017-01-24,2139.2145,2147.8249,2113.777,2133.8118,2691458.0,939129474.0,600519.SH,3364.4509,-0.002394324534975012,0.00011001519345188449,-0.0025043397284268964
2017-01-25,2131.9546,2131.9546,2110.6817,2118.7294,2299036.0,799259963.0,600519.SH,3375.9042,-0.007068289715147169,0.003404210773294336,-0.010472500488441505
2017-01-26,2121.5996,2125.3139,2083.1056,2100.6643,3782617.0,1303262151.0,600519.SH,3387.9606,-0.008526383784545732,0.0035713098730705273,-0.01209769365761626
2017-02-03,2109.5561,2127.4524,2103.9284,2114.3397,2093643.0,727140789.0,600519.SH,3364.4923,0.006510035896740041,-0.00692696957573824,0.01343700547247828
2017-02-06,2123.5693,2125.8204,2103.7033,2114.3397,1568079.0,543401899.0,600519.SH,3373.2051,0.0,0.0025896329143033636,-0.0025896329143033636
2017-02-07,2114.2835,2117.435,2093.4607,2095.9369,2051983.0,707114116.0,600519.SH,3365.6849,-0.008703804785957447,-0.00222939304817249,-0.0064744117377849575
2017-02-08,2096.9499,2106.7423,2090.8157,2099.4824,1908854.0,656786314.0,600519.SH,3383.2878,0.001691606269253576,0.005230109330793153,-0.0035385030615395774
2017-02-09,2103.9284,2125.2576,2101.7335,2118.6168,2332438.0,808958183.0,600519.SH,3396.2924,0.009113865398442833,0.0038437758679588097,0.005270089530484023
2017-02-10,2124.3009,2131.0542,2103.9284,2104.3786,2405659.0,835679322.0,600519.SH,3413.4868,-0.0067205168957406025,0.005062697192974364,-0.011783214088714966
2017-02-13,2098.3006,2142.76,2086.5948,2130.6603,5358790.0,1869148354.0,600519.SH,3436.275,0.012489054963778834,0.0066759303126644465,0.0058131246511143875
2017-02-14,2129.4784,2146.6994,2127.0022,2133.249,2655868.0,931733735.0,600519.SH,3435.8042,0.0012149754702801552,-0.00013700882496314737,0.0013519842952433025
2017-02-15,2140.5088,2145.7989,2116.3095,2123.7944,2625696.0,917475854.0,600519.SH,3421.7131,-0.004432018953249073,-0.004101252335624972,-0.00033076661762410087
2017-02-16,2123.6255,2124.3009,2106.7985,2121.3182,1764230.0,612607282.0,600519.SH,3440.9331,-0.001165932069507325,0.005617069414732612,-0.006783001484239937
2017-02-17,2125.8767,2157.0545,2117.9978,2135.2187,2910234.0,1022647971.0,600519.SH,3421.4419,0.006552765162717966,-0.005664510013286939,0.012217275176004905
2017-02-20,2134.3746,2201.4013,2132.1235,2195.6047,6185340.0,2215563601.0,600519.SH,3471.3926,0.028280943774049883,0.014599312646519147,0.013681631127530736
2017-02-21,2198.9251,2202.0203,2172.4746,2181.2539,2770577.0,994112865.0,600519.SH,3482.823,-0.006536149243987155,0.003292741938782706,-0.009828891182769861
2017-02-22,2191.7778,2225.0379,2188.3449,2198.9813,3713031.0,1347469102.0,600519.SH,3489.7567,0.008127160254017163,0.001990827555692576,0.006136332698324587
2017-02-23,2193.8038,2219.185,2186.9942,2197.9121,2332806.0,844123194.0,600519.SH,3473.3236,-0.0004862251443429333,-0.0047089529192678725,0.004222727774924939
2017-02-24,2199.6004,2204.6091,2188.6262,2203.0896,1769278.0,639123205.0,600519.SH,3473.8517,0.002355644704808535,0.00015204457194828436,0.0022036001328602506
2017-02-27,2202.358,2204.384,2170.336,2172.5871,2540046.0,912927183.0,600519.SH,3446.2228,-0.01384532885090084,-0.00795339075643331,-0.00589193809446753
2017-02-28,2171.4616,2183.8426,2152.2146,2158.2926,2747351.0,975788668.0,600519.SH,3452.8103,-0.0065794830504148916,0.0019115130919569179,-0.00849099614237181
2017-03-01,2160.7688,2178.2149,2160.206,2169.2667,2194420.0,782349009.0,600519.SH,3458.4376,0.005084621056477667,0.0016297738685500107,0.0034548471879276565
2017-03-02,2169.8295,2171.4616,2157.561,2170.4486,2210362.0,785560420.0,600519.SH,3435.0963,0.0005448384931183714,-0.006749088085325039,0.00729392657844341
2017-03-03,2160.206,2178.3274,2160.206,2168.8728,1415355.0,505108556.0,600519.SH,3427.8628,-0.0007260250254256251,-0.0021057633813643672,0.0013797383559387422
2017-03-06,2175.1759,2185.7561,2168.9291,2182.492,2281884.0,818625871.0,600519.SH,3446.484,0.006279390843022314,0.005432306100465967,0.0008470847425563477
2017-03-07,2177.2582,2238.3194,2177.2582,2228.8648,4628698.0,1694198549.0,600519.SH,3453.9565,0.021247638021124393,0.0021681516583276217,0.01907948636279677
2017-03-08,2228.7522,2236.1246,2219.2976,2229.315,1603770.0,588667675.0,600519.SH,3448.7313,0.00020198623083822476,-0.001512815809926904,0.0017148020407651288
2017-03-09,2227.7392,2244.51,2219.6352,2244.0597,2340606.0,860084024.0,600519.SH,3426.9438,0.006614004750338021,-0.006317540598190341,0.012931545348528362
2017-03-10,2244.1723,2284.0169,2235.393,2243.7784,4095105.0,1524343094.0,600519.SH,3427.8916,-0.00012535317130812906,0.00027657296276628607,-0.00040192613407441513
2017-03-13,2244.9039,2268.9907,2230.7219,2253.3456,2767432.0,1027592800.0,600519.SH,3458.098,0.0042638791780864604,0.008811947262276298,-0.004548068084189838
2017-03-14,2253.3456,2266.2894,2235.2804,2241.8086,2041649.0,756359624.0,600519.SH,3456.6934,-0.005119942542324729,-0.00040617703720369214,-0.004713765505121037
2017-03-15,2241.8086,2273.6055,2239.051,2270.9605,2515526.0,935994827.0,600519.SH,3463.6436,0.013003741711045347,0.002010649830846978,0.010993091880198369
2017-03-16,2281.5407,2291.333,2260.3803,2271.467,2502260.0,938231439.0,600519.SH,3481.5066,0.00022303338169016307,0.005157285813124801,-0.004934252431434638
2017-03-17,2262.0686,2325.9437,2262.0686,2292.346,3470026.0,1315336843.0,600519.SH,3445.8051,0.00919185706858161,-0.010254612184276812,0.019446469252858423
2017-03-20,2303.7141,2338.6625,2294.5971,2336.9742,3154594.0,1209603913.0,600519.SH,3449.6126,0.019468352508740017,0.0011049667318676626,0.018363385776872354
2017-03-21,2337.7621,2393.7583,2337.4807,2379.7452,4846096.0,1901883740.0,600519.SH,3466.3468,0.018301870855056857,0.004851037475918307,0.01345083337913855
2017-03-22,2360.1606,2383.0656,2329.039,2382.3902,4553271.0,1775217767.0,600519.SH,3450.0502,0.0011114635297930775,-0.004701376100048504,0.005812839629841582
2017-03-23,2368.6022,2379.6326,2338.0434,2355.996,3450481.0,1345058757.0,600519.SH,3461.9782,-0.011078873645467335,0.003457340997530922,-0.014536214642998257
2017-03-24,2370.2343,2375.2993,2329.039,2339.2815,3328772.0,1292313386.0,600519.SH,3489.5997,-0.007094451773262844,0.007978530887340796,-0.01507298266060364
2017-03-27,2334.8356,2353.0133,2291.8395,2294.2594,5369028.0,2054742982.0,600519.SH,3478.0385,-0.01924612322202357,-0.0033130447598330726,-0.015933078462190498
2017-03-28,2300.6188,2307.3721,2282.1034,2302.3634,4118717.0,1558258565.0,600519.SH,3469.8093,0.003532294560937732,-0.002366046264295263,0.005898340825232995
2017-03-29,2306.5842,2333.5412,2300.3374,2321.4415,3729967.0,1429610961.0,600519.SH,3465.1933,0.008286311361620724,-0.0013303324767732772,0.009616643838394001
2017-03-30,2317.7835,2339.6755,2315.5324,2335.4547,3161299.0,1216016529.0,600519.SH,3436.758,0.0060364217663895214,-0.008205978004170777,0.014242399770560299
2017-03-31,2335.7923,2345.9223,2324.4242,2336.6928,2447422.0,945503282.0,600519.SH,3456.0455,0.0005301323121360557,0.0056121204926271595,-0.005081988180491104
2017-04-05,2332.7533,2385.2604,2329.039,2355.2644,4078998.0,1594997313.0,600519.SH,3503.8932,0.007947814107186035,0.013844638330137604,-0.005896824222951569
2017-04-06,2351.6064,2374.0611,2338.2123,2367.9269,2885720.0,1125204238.0,600519.SH,3514.0469,0.00537625414794185,0.0028978337581750946,0.0024784203897667556
2017-04-07,2374.0049,2379.6889,2354.9267,2373.3295,2409723.0,945589197.0,600519.SH,3517.4634,0.002281573810407611,0.0009722408656527293,0.0013093329447548818
2017-04-10,2379.6889,2379.6889,2345.9223,2352.6756,2886948.0,1126296265.0,600519.SH,3505.1392,-0.008702500011060321,-0.003503718048637028,-0.005198781962423293
2017-04-11,2346.2037,2361.1173,2304.2768,2330.6711,4353072.0,1679537545.0,600519.SH,3517.328,-0.00935296816951725,0.003477408258137027,-0.012830376427654278
2017-04-12,2330.6711,2362.8056,2327.9135,2358.4722,2700291.0,1049245582.0,600519.SH,3509.4387,0.011928366898272369,-0.0022429810356042745,0.014171347933876643
2017-04-13,2361.5675,2405.5204,2360.048,2404.3948,4564835.0,1805008871.0,600519.SH,3514.5662,0.019471334027172382,0.0014610598555262477,0.018010274171646135
2017-04-14,2410.2477,2412.7802,2385.3167,2387.8492,2364656.0,938378987.0,600519.SH,3486.5045,-0.006881399011510081,-0.007984399326437575,0.0011030003149274936
2017-04-17,2362.8056,2403.7757,2349.0176,2389.7626,2879371.0,1136763705.0,600519.SH,3479.9417,0.0008013068831984604,-0.0018823437629293949,0.0026836506461278553
2017-04-18,2383.0656,2450.3174,2383.0656,2439.6246,4958100.0,1987661267.0,600519.SH,3462.7429,0.020864834021588674,-0.004942266705215137,0.02580710072680381
2017-04-19,2430.3388,2464.6682,2429.5509,2445.7589,3755011.0,1521983651.0,600519.SH,3445.8761,0.0025144442304769754,-0.004870936274246729,0.007385380504723704
2017-04-20,2447.7286,2528.4308,2447.7286,2499.6166,5045768.0,2091241453.0,600519.SH,3461.5481,0.022020854140610613,0.00454804512559237,0.017472809015018242
2017-04-21,2497.872,2501.2487,2413.4555,2416.4382,4933292.0,2015062634.0,600519.SH,3466.7865,-0.033276463278408275,0.0015133113418241972,-0.03478977462023247
2017-04-24,2416.9447,2441.5943,2351.5501,2405.2952,5003797.0,1986424986.0,600519.SH,3431.2587,-0.004611332497557741,-0.010248049598670206,0.005636717101112465
2017-04-25,2440.4688,2526.9675,2440.4688,2519.764,7619271.0,3143136343.0,600519.SH,3440.9743,0.047590333194861056,0.002831497374418346,0.04475883582044271
2017-04-26,2519.5389,2574.8598,2486.6727,2514.5302,5662412.0,2384125120.0,600519.SH,3445.1832,-0.002077099283901207,0.0012231710071186619,-0.003300270291019869
2017-04-27,2500.8547,2537.0975,2472.1531,2534.1148,2824071.0,1180494894.0,600519.SH,3446.7202,0.0077885721953150355,0.0004461301216145408,0.007342442073700495
2017-04-28,2537.2101,2542.8941,2469.1704,2489.3178,4950587.0,2052093809.0,600519.SH,3439.753,-0.017677573249641254,-0.002021399938410995,-0.01565617331123026
2017-05-02,2478.7376,2497.872,2465.1184,2481.4389,2329168.0,960137243.0,600519.SH,3426.5766,-0.0031650840242253286,-0.0038306238849127316,0.000665539860687403
2017-05-03,2475.3609,2512.8419,2475.3609,2512.5605,2026791.0,842560358.0,600519.SH,3413.1282,0.01254175551128811,-0.003924733508073319,0.01646648901936143
2017-05-04,2495.7897,2517.4566,2495.7897,2503.4998,2670915.0,1111200116.0,600519.SH,3404.3864,-0.003606161921275164,-0.002561228142558547,-0.0010449337787166169
2017-05-05,2504.6253,2541.656,2498.4348,2504.569,3743711.0,1566063418.0,600519.SH,3382.5502,0.0004270821191996177,-0.006414136773663426,0.0068412188928630435
2017-05-08,2504.5128,2509.1275,2440.0186,2444.2957,4072165.0,1671035538.0,600519.SH,3358.8125,-0.024065338187927665,-0.007017693336820341,-0.017047644851107324
2017-05-09,2438.4428,2469.0578,2402.2,2462.7547,5280192.0,2126236509.0,600519.SH,3352.5324,0.007551868622114766,-0.0018697381887199382,0.009421606810834704
2017-05-10,2460.7287,2494.7204,2452.9624,2470.2397,2603938.0,1070652714.0,600519.SH,3337.7007,0.003039279551471319,-0.004424028832652027,0.007463308384123346
2017-05-11,2460.7287,2496.1837,2450.0923,2481.8891,3046764.0,1254053012.0,600519.SH,3356.6459,0.004715898623117276,0.005676123086770568,-0.000960224463653292
2017-05-12,2489.9368,2499.5603,2469.7894,2489.2615,2233742.0,921621377.0,600519.SH,3385.3787,0.0029704792208484765,0.0085599735140367,-0.005589494293188224
2017-05-15,2487.2918,2527.9805,2487.2918,2523.4783,3344735.0,1398908200.0,600519.SH,3399.1937,0.01374576355276469,0.004080784226591749,0.00966497932617294
2017-05-16,2523.7597,2589.1544,2516.2185,2582.9638,5016490.0,2145037948.0,600519.SH,3428.6491,0.023572820103109127,0.008665407917177514,0.014907412185931612
2017-05-17,2576.6607,2583.3578,2553.4743,2563.1541,2751521.0,1174696177.0,600519.SH,3409.9656,-0.007669368033729196,-0.005449230718885811,-0.0022201373148433845
2017-05-18,2554.431,2586.2279,2554.2059,2579.6997,2430080.0,1040535480.0,600519.SH,3398.1127,0.006455171774494506,-0.0034759588190567126,0.009931130593551218
2017-05-19,2579.8686,2648.6961,2579.8686,2643.1809,3831083.0,1672948423.0,600519.SH,3403.8492,0.024607980533547957,0.0016881429506443446,0.022919837582903613
2017-05-22,2633.1635,2672.389,2617.1806,2648.5836,3532149.0,1560087945.0,600519.SH,3411.2387,0.0020440144675681893,0.002170924610878755,-0.00012691014331056572
2017-05-23,2651.2286,2719.9999,2651.2286,2718.4804,4845439.0,2178738025.0,600519.SH,3424.194,0.02639025628641667,0.0037978286304034548,0.022592427656013214
2017-05-24,2711.1643,2731.3117,2672.3327,2696.6447,4022618.0,1812513084.0,600519.SH,3424.1669,-0.00803231834961915,-7.914271212383639e-06,-0.008024404078406766
2017-05-25,2687.584,2711.502,2680.7744,2698.2205,2889842.0,1299628591.0,600519.SH,3485.6581,0.0005843558107598845,0.01795800315691376,-0.017373647346153875
2017-05-26,2699.4586,2726.3593,2683.5883,2705.6491,2738664.0,1237323135.0,600519.SH,3480.4345,0.0027531478617111027,-0.0014985979261707971,0.0042517457878819
2017-05-31,2694.8438,2697.6577,2639.1852,2655.1118,4431225.0,1968887174.0,600519.SH,3492.8845,-0.018678438382863427,0.0035771395784061077,-0.022255577961269535
2017-06-01,2652.6356,2694.5624,2644.2502,2690.7918,4060478.0,1808305713.0,600519.SH,3497.7382,0.013438228853489331,0.0013895964782115744,0.012048632375277757
2017-06-02,2694.8438,2700.1902,2670.0816,2679.7051,2178526.0,974893318.0,600519.SH,3486.5074,-0.004120237024655693,-0.003210874959137855,-0.000909362065517838
2017-06-05,2683.8134,2689.216,2651.7914,2663.3846,1924120.0,854876925.0,600519.SH,3468.7538,-0.006090408978211892,-0.0050920872848283505,-0.0009983216933835415
2017-06-06,2666.5361,2689.216,2662.2028,2688.203,2040244.0,912438705.0,600519.SH,3492.8816,0.009318368815378841,0.00695575454216435,0.0023626142732144917
2017-06-07,2689.8914,2751.1215,2689.8914,2747.576,3883430.0,1774212484.0,600519.SH,3533.8718,0.022086501651847,0.011735353411349347,0.010351148240497654
2017-06-08,2758.5501,2775.8836,2742.6798,2775.3771,2895111.0,1338443407.0,600519.SH,3560.9786,0.010118409827426067,0.007670566883609009,0.002447842943817058
2017-06-09,2774.9832,2811.9013,2768.0048,2783.4249,3143076.0,1467836835.0,600519.SH,3576.1703,0.0028997140604785088,0.004266158746362603,-0.001366444685884094
2017-06-12,2790.5158,2838.0142,2779.2603,2823.6071,3510916.0,1654501999.0,600519.SH,3574.3894,0.014436243636392065,-0.0004979908255487997,0.014934234461940865
2017-06-13,2824.5638,2832.7241,2790.5158,2824.5075,2423798.0,1141536364.0,600519.SH,3582.2674,0.0003188828927367382,0.0022040128028579797,-0.0018851299101212415
2017-06-14,2823.1006,2849.6074,2810.1005,2832.105,3376863.0,1600846629.0,600519.SH,3535.2987,0.0026898494693321506,-0.013111444444376286,0.015801293913708436
2017-06-15,2835.538,2838.2393,2773.6325,2775.3209,5020280.0,2347172380.0,600519.SH,3528.7926,-0.02005013938395639,-0.0018403254016413628,-0.018209813982315026
2017-06-16,2759.5631,2793.2734,2758.2125,2765.9225,3333180.0,1544955944.0,600519.SH,3518.7611,-0.0033864192065141685,-0.002842757038200583,-0.0005436621683135856
2017-06-19,2762.1519,2809.594,2762.1519,2808.3559,3853668.0,1803585246.0,600519.SH,3553.6653,0.01534149998779788,0.009919457163488632,0.005422042824309248
2017-06-20,2824.2824,2834.8626,2782.9746,2786.5764,3450539.0,1614858151.0,600519.SH,3546.494,-0.007755249254554952,-0.002018000963681099,-0.005737248290873853
2017-06-21,2804.8666,2824.2824,2785.0569,2822.6504,4203854.0,1974672846.0,600519.SH,3587.955,0.012945634650462168,0.011690700731482817,0.0012549339189793507
2017-06-22,2824.395,2852.0273,2814.1525,2822.8755,3824234.0,1815684370.0,600519.SH,3590.3425,7.974774346841684e-05,0.0006654208316436705,-0.0005856730881752537
2017-06-23,2823.4945,2834.8626,2798.0008,2822.7629,3130362.0,1473803782.0,600519.SH,3622.8831,-3.988840457180842e-05,0.009063369302510837,-0.009103257707082646
2017-06-26,2824.3387,2891.8156,2818.6547,2890.0147,5293257.0,2536430501.0,600519.SH,3668.0919,0.023824813624977237,0.01247868030850885,0.011346133316468388
2017-06-27,2879.5471,2891.8156,2868.4604,2886.7506,2798078.0,1350476765.0,600519.SH,3674.7152,-0.0011294406218765873,0.001805652688254611,-0.0029350933101311982
2017-06-28,2886.6944,2886.6944,2824.2824,2837.2263,3772874.0,1799676818.0,600519.SH,3646.1666,-0.017155725194964888,-0.007768928596153524,-0.009386796598811364
2017-06-29,2842.8541,2848.7632,2807.3991,2824.3387,3509272.0,1657994404.0,600519.SH,3668.8279,-0.0045423236066858275,0.0062151027328263275,-0.010757426339512155
2017-06-30,2815.8971,2830.8106,2795.0181,2817.8105,2242717.0,1056424784.0,600519.SH,3666.7977,-0.0023114083307358424,-0.0005533647408209053,-0.0017580435899149371
2017-07-03,2831.0358,2831.0358,2739.3032,2753.2037,4962853.0,2298656458.0,600519.SH,3650.8463,-0.022928014499200677,-0.004350226356910847,-0.01857778814228983
2017-07-04,2745.2686,2751.1215,2689.216,2705.6491,5648895.0,2563886390.0,600519.SH,3619.9841,-0.017272459716656585,-0.008453437220843796,-0.00881902249581279
2017-07-05,2711.7834,2752.9786,2711.7834,2751.8531,3754032.0,1718844532.0,600519.SH,3659.6795,0.017076863367093686,0.010965628274444583,0.006111235092649103
2017-07-06,2740.485,2752.247,2698.2205,2728.4979,4204439.0,1913037511.0,600519.SH,3660.0967,-0.008487080941929626,0.00011399905374220864,-0.008601079995671834
2017-07-07,2738.9486,2739.23,2683.5151,2710.3596,3779647.0,1681450715.0,600519.SH,3655.9293,-0.006647723643107839,-0.00113860379699815,-0.005509119846109689
2017-07-10,2715.4808,2760.6155,2693.4763,2758.1956,3662409.0,1648443670.0,600519.SH,3653.6868,0.017649318562747318,-0.000613387135248944,0.018262705697996262
2017-07-11,2758.3644,2815.0923,2755.5505,2806.932,4460182.0,2054854503.0,600519.SH,3670.8086,0.0176696678074606,0.004686170692025371,0.012983497115435227
2017-07-12,2821.9582,2823.0274,2761.1783,2775.0789,2895072.0,1330327923.0,600519.SH,3658.8236,-0.011348012705687194,-0.003264948218765662,-0.008083064486921532
2017-07-13,2763.148,2800.0662,2753.7496,2767.7065,2595135.0,1183440452.0,600519.SH,3686.9205,-0.0026566451858360818,0.007679216893648588,-0.01033586207948467
2017-07-14,2768.213,2782.3387,2750.2041,2769.1134,1772657.0,806510274.0,600519.SH,3703.094,0.0005083270209469415,0.0043867232830216984,-0.003878396262074757
2017-07-17,2772.6589,2778.2867,2712.1042,2733.4334,3526368.0,1595292990.0,600519.SH,3663.5575,-0.012884990553294173,-0.010676612583963574,-0.0022083779693305994
2017-07-18,2744.2387,2755.4942,2721.7839,2747.3903,3068449.0,1384468254.0,600519.SH,3667.1807,0.00510599599756123,0.0009889840680814554,0.004117011929479775
2017-07-19,2755.5505,2809.6896,2748.7972,2771.6459,5625994.0,2574934655.0,600519.SH,3729.7466,0.008828596359243157,0.01706103547065463,-0.008232439111411471
2017-07-20,2766.0182,2828.0924,2766.0182,2825.7288,4663487.0,2160731540.0,600519.SH,3747.8843,0.019512918298834503,0.004862984525543901,0.014649933773290602
2017-07-21,2828.4864,2873.7899,2809.9147,2863.6036,4679241.0,2207195747.0,600519.SH,3728.5976,0.013403550970638056,-0.0051460233177422765,0.018549574288380333
2017-07-24,2873.0583,2931.981,2873.0583,2889.4914,4271643.0,2052709805.0,600519.SH,3743.4686,0.0090402875593536,0.003988362809652646,0.005051924749700953
2017-07-25,2914.2535,2917.6302,2879.9242,2890.3918,2192999.0,1051446103.0,600519.SH,3719.559,0.0003116119328128164,-0.006387017644544968,0.006698629577357784
2017-07-26,2890.8983,2911.0457,2826.2353,2854.768,3147018.0,1487729148.0,600519.SH,3705.3884,-0.01232490349578208,-0.0038097527153085897,-0.00851515078047349
2017-07-27,2854.768,2878.5172,2851.7853,2867.3742,1959503.0,928077230.0,600519.SH,3712.1947,0.004415840446579278,0.0018368654686780062,0.0025789749779012716
2017-07-28,2851.2226,2924.7775,2832.7072,2923.9333,4661877.0,2235811533.0,600519.SH,3721.8914,0.019725050187031634,0.0026121205334408426,0.01711292965359079
2017-07-31,2924.3835,2946.6695,2907.5002,2908.7383,3841218.0,1861154799.0,600519.SH,3737.8732,-0.005196766971394373,0.004293999550873506,-0.00949076652226788
2017-08-01,2907.5002,2918.7557,2887.2403,2903.2231,2750154.0,1318453670.0,600519.SH,3770.3828,-0.0018960798226501652,0.008697352280435888,-0.010593432103086053
2017-08-02,2902.0976,2929.3359,2893.4871,2917.8553,2677422.0,1289564021.0,600519.SH,3760.8525,0.0050399846983857355,-0.0025276743783151367,0.007567659076700872
2017-08-03,2922.5826,2940.4226,2877.2791,2886.2273,3176839.0,1522998147.0,600519.SH,3727.8264,-0.010839468290288479,-0.008781546205281932,-0.002057922085006547
2017-08-04,2884.9891,2896.1321,2860.227,2866.0799,1868114.0,887074164.0,600519.SH,3707.5796,-0.0069805312977255785,-0.005431261498657691,-0.0015492697990678872
2017-08-07,2859.6642,2915.3791,2851.9542,2910.6518,2309937.0,1104715336.0,600519.SH,3726.7948,0.015551520388527917,0.005182680366458081,0.010368840022069836
2017-08-08,2913.128,2925.6216,2899.0586,2916.3921,1605158.0,773408185.0,600519.SH,3732.2129,0.001972169944890023,0.0014538230009335518,0.0005183469439564714
2017-08-09,2929.1108,2974.9209,2913.2968,2962.9337,4179447.0,2045888052.0,600519.SH,3731.044,0.015958622299107272,-0.00031319220830094974,0.016271814507408222
2017-08-10,2964.2844,3012.1767,2952.5223,2967.3234,3536438.0,1747693641.0,600519.SH,3715.9208,0.001481538382043457,-0.0040533427105121644,0.005534881092555621
2017-08-11,2952.5223,2995.012,2921.4571,2924.7212,3657257.0,1785149162.0,600519.SH,3647.3503,-0.014357113889237771,-0.018453165094369006,0.004096051205131235
2017-08-14,2931.1931,3014.9905,2931.1931,3013.471,3933147.0,1952353920.0,600519.SH,3694.6831,0.030344704308909787,0.012977311227824861,0.017367393081084925
2017-08-15,3015.0468,3020.6183,2986.3452,2991.7479,2716322.0,1350104673.0,600519.SH,3706.0566,-0.007208664028955369,0.00307834249708705,-0.01028700652604242
2017-08-16,3003.1722,3007.6745,2975.0334,2994.6743,1858722.0,921412991.0,600519.SH,3701.4207,0.0009781572839075992,-0.0012508983268091356,0.0022290556107167347
2017-08-17,3000.9211,3000.9211,2957.0246,2973.2888,2584673.0,1272341257.0,600519.SH,3721.277,-0.007141177255904019,0.00536450774158137,-0.012505684997485389
2017-08-18,2973.9079,2983.1374,2946.8946,2956.1804,2385775.0,1169732673.0,600519.SH,3724.6748,-0.00575403236981209,0.000913073657241803,-0.006667106027053893
2017-08-21,2946.8946,2982.9123,2940.9291,2956.6306,2354662.0,1153168712.0,600519.SH,3740.9941,0.00015229111186854105,0.004381402639500154,-0.004229111527631613
2017-08-22,2943.5179,2955.2237,2879.3614,2942.5049,4245703.0,2051271355.0,600519.SH,3752.298,-0.004777634378809514,0.0030216299993630624,-0.007799264378172577
2017-08-23,2932.5438,2984.2067,2926.1844,2980.7175,2721499.0,1337347647.0,600519.SH,3756.0884,0.012986418476312656,0.0010101543107716715,0.011976264165540984
2017-08-24,2980.6049,2994.1678,2969.5182,2973.9641,1815678.0,896861683.0,600519.SH,3734.6458,-0.002265696094983838,-0.0057087580792827275,0.0034430619842988897
2017-08-25,2977.5659,2982.0681,2954.3232,2974.9771,1729788.0,850598725.0,600519.SH,3795.7544,0.0003406228071145545,0.016362622661565407,-0.016021999854450852
2017-08-28,2975.0334,2999.1765,2963.9467,2969.6308,2902107.0,1432545548.0,600519.SH,3842.7119,-0.001797089463310586,0.012371058570069815,-0.014168148033380401
2017-08-29,2975.146,2985.6136,2946.9509,2954.9986,2517662.0,1234431719.0,600519.SH,3834.5376,-0.0049272791755796685,-0.0021272216634298236,-0.002800057512149845
2017-08-30,2956.4618,2979.2542,2953.4228,2974.8646,1850364.0,910133939.0,600519.SH,3834.3005,0.00672284582469862,-6.183274875182221e-05,0.006784678573450442
2017-08-31,2980.8863,2985.6136,2957.0246,2964.622,1873686.0,921659704.0,600519.SH,3822.0928,-0.003443047458361659,-0.003183814101163973,-0.0002592333571976857
2017-09-01,2959.2757,2993.4925,2958.3189,2987.3019,3145100.0,1554634575.0,600519.SH,3830.5383,0.007650182721439691,0.0022096533082609504,0.005440529413178741
2017-09-04,2987.3019,2995.631,2965.2974,2971.7693,1893162.0,932954810.0,600519.SH,3845.6163,-0.005199541432354016,0.003936261386552342,-0.009135802818906358
2017-09-05,2974.3581,2980.6049,2955.3362,2958.0938,2262215.0,1112006392.0,600519.SH,3857.0464,-0.004601804049863434,0.0029722414064035085,-0.007574045456266942
2017-09-06,2958.1501,2973.739,2929.1108,2929.8987,3300650.0,1608066103.0,600519.SH,3849.4499,-0.009531509785119074,-0.0019695122153573497,-0.007561997569761725
2017-09-07,2931.7559,2940.704,2902.2101,2909.0197,3332016.0,1605408576.0,600519.SH,3829.8713,-0.007126184942844782,-0.00508607736393718,-0.0020401075789076017
2017-09-08,2892.0239,2904.6863,2868.1058,2870.1881,4117327.0,1962989430.0,600519.SH,3825.9895,-0.01334868925088406,-0.0010135588629308634,-0.012335130387953197
2017-09-11,2851.7291,2914.3661,2845.4822,2892.4178,4537440.0,2161657241.0,600519.SH,3825.6453,0.00774503245971947,-8.996365515379079e-05,0.00783499611487326
2017-09-12,2899.0586,2935.639,2892.868,2929.5048,3434163.0,1661294228.0,600519.SH,3837.9341,0.012822144850581418,0.0032122162501577733,0.009609928600423645
2017-09-13,2930.0113,2970.5312,2909.6388,2967.3234,3307570.0,1618956527.0,600519.SH,3842.6061,0.01290955386043402,0.0012173215793360725,0.011692232281097947
2017-09-14,2974.9771,2980.83,2952.4661,2962.1458,1939949.0,953145166.0,600519.SH,3829.9554,-0.0017448721632432607,-0.003292218788701784,0.0015473466254585233
2017-09-15,2972.2195,2972.2195,2946.8946,2957.2497,1603946.0,786562205.0,600519.SH,3831.2965,-0.0016528896045562291,0.0003501607355531622,-0.0020030503401093913
2017-09-18,2958.938,3017.2417,2958.938,3008.6312,4220681.0,2101680376.0,600519.SH,3843.1428,0.017374758715843264,0.0030919820483745752,0.014282776667468688
2017-09-19,3016.1161,3028.4972,2991.973,2997.2631,2305481.0,1151152851.0,600519.SH,3832.1161,-0.0037784956826877325,-0.0028691882071100183,-0.0009093074755777142
2017-09-20,2996.9817,3014.5403,2991.9167,2993.0423,1731816.0,862024944.0,600519.SH,3842.4353,-0.0014082180506609365,0.0026928202932055,-0.004101038343866437
2017-09-21,2991.579,3017.6919,2974.3581,3007.5056,1940268.0,963615276.0,600519.SH,3837.8176,0.004832307248046508,-0.001201763891769403,0.006034071139815911
2017-09-22,2996.9817,3015.4408,2990.7912,3014.0338,1634353.0,815718865.0,600519.SH,3837.7304,0.0021706360247508716,-2.2721246575096998e-05,0.0021933572713259686
2017-09-25,3016.1724,3060.5755,3016.1161,3055.1728,3269756.0,1649582919.0,600519.SH,3817.7915,0.013649150185375936,-0.005195492627621756,0.01884464281299769
2017-09-26,3052.0775,3070.7054,3034.6877,3066.7097,2547049.0,1292872632.0,600519.SH,3820.7816,0.0037761857528975096,0.0007832014922763975,0.002992984260621112
2017-09-27,3064.6274,3076.502,3048.5883,3060.6317,1667111.0,847627355.0,600519.SH,3821.2,-0.001981928710109049,0.0001095063900014015,-0.0020914351001104503
2017-09-28,3054.9477,3128.1086,3054.6663,3118.3163,2596985.0,1340236075.0,600519.SH,3822.5386,0.01884728567635241,0.0003503088035172741,0.018496976872835136
2017-09-29,3104.472,3160.0744,3101.6581,3113.7016,2243622.0,1166403112.0,600519.SH,3836.5013,-0.0014798691203967707,0.003652729628420337,-0.005132598748817108
2017-10-09,3152.5332,3214.4949,3127.5459,3170.7108,3489129.0,1844481600.0,600519.SH,3882.2076,0.01830914047768739,0.011913536950971526,0.006395603526715865
2017-10-10,3166.6588,3242.296,3166.4337,3239.8761,3100644.0,1662690453.0,600519.SH,3889.8637,0.021813815375404166,0.001972099585812792,0.019841715789591374
2017-10-11,3228.8457,3302.8508,3228.8457,3270.7162,3340643.0,1824898708.0,600519.SH,3902.6868,0.009518913393015138,0.0032965422413129275,0.006222371151702211
2017-10-12,3267.6772,3281.7467,3240.5514,3262.556,1964622.0,1067464518.0,600519.SH,3912.9536,-0.002494927563571503,0.00263070047025038,-0.005125628033821883
2017-10-13,3267.6772,3332.9593,3250.8502,3330.4268,2785842.0,1534212916.0,600519.SH,3921.0017,0.020802953267315516,0.002056783908707782,0.018746169358607734
2017-10-16,3352.0375,3389.5747,3328.8511,3355.9769,2990901.0,1676809992.0,600519.SH,3913.4462,0.007671719432476243,-0.0019269310696804487,0.009598650502156691
2017-10-17,3357.5527,3357.5527,3318.3271,3333.6909,2097712.0,1168943280.0,600519.SH,3913.0688,-0.006640689332515937,-9.643674161152749e-05,-0.006544252590904409
2017-10-18,3319.4527,3366.6697,3319.4527,3356.1457,1917865.0,1072237528.0,600519.SH,3944.1626,0.00673571745958812,0.007946141912966054,-0.001210424453377934
2017-10-19,3357.7215,3493.6321,3356.1457,3479.2813,4065882.0,2338901855.0,600519.SH,3931.2495,0.036689587105827925,-0.0032739775991994513,0.03996356470502738
2017-10-20,3470.2768,3470.2768,3418.2763,3432.7396,3153433.0,1812957242.0,600519.SH,3926.852,-0.013376814343812993,-0.0011186010961654613,-0.012258213247647531
2017-10-23,3436.06,3467.4629,3397.1159,3427.5621,2377182.0,1362900409.0,600519.SH,3930.7981,-0.0015082705370368377,0.001004901636221689,-0.0025131721732585266
2017-10-24,3419.6269,3429.7569,3372.41,3393.3453,3127428.0,1775645971.0,600519.SH,3959.3953,-0.009982838822964024,0.0072751637892569665,-0.01725800261222099
2017-10-25,3406.9645,3417.826,3363.6869,3384.0032,2507600.0,1418395221.0,600519.SH,3976.949,-0.0027530649474428737,0.004433429518896359,-0.007186494466339233
2017-10-26,3605.3432,3650.3653,3531.6758,3605.8497,11543497.0,6957625411.0,600519.SH,3993.5752,0.06555741436651119,0.004180641994654843,0.06137677237185635
2017-10-27,3589.079,3886.7315,3577.3732,3856.5104,8438379.0,5284485766.0,600519.SH,4021.9676,0.06951501611395505,0.007109519309915546,0.062405496804039506
2017-10-30,3819.4797,3824.8261,3695.3875,3701.4655,8100786.0,5099041747.0,600519.SH,4009.7218,-0.040203418095281274,-0.0030447286547012897,-0.037158689440579984
2017-10-31,3701.0715,3732.5307,3644.0622,3678.673,5187568.0,3206280600.0,600519.SH,4006.7179,-0.006157696188171968,-0.0007491542181304878,-0.0054085419700414805
2017-11-01,3694.7121,3754.7041,3685.37,3706.6993,4343525.0,2712016939.0,600519.SH,3996.6221,0.007618589638165751,-0.0025197181962822723,0.010138307834448024
2017-11-02,3728.8727,3744.7993,3695.3875,3728.7038,3424973.0,2144671943.0,600519.SH,3997.1343,0.005936413563409237,0.00012815822641831787,0.0058082553369909196
2017-11-03,3738.4399,3821.6745,3738.4399,3797.644,4818897.0,3075651167.0,600519.SH,3992.6979,0.018489052415480156,-0.0011098951566376192,0.019598947572117775
2017-11-06,3810.7567,3901.4763,3803.4406,3875.8137,4851398.0,3153638704.0,600519.SH,4020.8896,0.020583735600282704,0.0070608146937438665,0.013522920906538838
2017-11-07,3861.8568,3898.8312,3792.0725,3813.9645,5556485.0,3592238407.0,600519.SH,4054.2465,-0.015957732952953885,0.008295900489284858,-0.024253633442238742
2017-11-08,3815.4277,3883.9176,3815.4277,3860.7312,4395194.0,2855374070.0,600519.SH,4048.0057,0.012261965207069903,-0.0015393242616106306,0.013801289468680533
2017-11-09,3847.3372,3881.9479,3828.259,3858.9866,3364113.0,2183815390.0,600519.SH,4075.8998,-0.00045188331163792395,0.006890825277247048,-0.007342708588884972
2017-11-10,3861.0126,4046.5601,3861.0126,4015.8888,7407860.0,4967970730.0,600519.SH,4111.9112,0.040658912886611276,0.00883520247480063,0.031823710411810646
2017-11-13,4027.4257,4099.3485,4003.7891,4071.7725,4986984.0,3402794002.0,600519.SH,4128.0733,0.013915649258017249,0.003930556671554619,0.00998509258646263
2017-11-14,4067.6079,4068.0581,4012.5121,4020.391,4636671.0,3159112664.0,600519.SH,4099.351,-0.012618951574529302,-0.006957797963519807,-0.005661153611009495
2017-11-15,4020.391,4083.6471,3993.6591,4072.898,4503633.0,3074244081.0,600519.SH,4073.6696,0.013060172505609646,-0.006264747761291822,0.01932492026690147
2017-11-16,4061.2485,4252.3112,4061.2485,4247.5276,6071632.0,4299283186.0,600519.SH,4105.0122,0.04287600622456056,0.007693947491470565,0.035182058733089994
2017-11-17,4117.4699,4190.6309,4014.8758,4085.1103,12386124.0,8548747991.0,600519.SH,4120.8508,-0.03823807995973949,0.0038583563771137364,-0.04209643633685323
2017-11-20,4009.4168,4058.9412,3914.8704,4022.6421,8830582.0,5954131851.0,600519.SH,4143.8334,-0.015291680129175367,0.005577149262477654,-0.02086882939165302
2017-11-21,3965.5202,4076.95,3926.2384,4011.9493,9601651.0,6491134446.0,600519.SH,4217.7015,-0.002658153455908918,0.017826030361162593,-0.02048418381707151
2017-11-22,4010.5424,4072.4478,3858.5927,3861.5191,12849826.0,8528143403.0,600519.SH,4227.5666,-0.03749553864003219,0.0023389753874236696,-0.03983451402745586
2017-11-23,3813.5706,3836.0816,3747.2755,3767.0289,10959913.0,6984097475.0,600519.SH,4102.3966,-0.024469696394872176,-0.029608049226238053,0.005138352831365878
2017-11-24,3779.2412,3816.3844,3702.3096,3746.2625,7654194.0,4835808966.0,600519.SH,4104.2034,-0.005512673396267265,0.00044042548202205545,-0.00595309887828932
2017-11-27,3768.5484,3781.6611,3650.4216,3697.0195,6354846.0,3975262024.0,600519.SH,4049.9475,-0.01314456741886083,-0.013219593356411208,7.502593755037701e-05
2017-11-28,3718.2362,3852.2896,3712.2708,3848.6315,7029183.0,4491543613.0,600519.SH,4055.8235,0.04100925083029727,0.0014508830052735178,0.039558367825023755
2017-11-29,3858.255,3869.6794,3768.6047,3791.7348,4676372.0,3005733412.0,600519.SH,4053.7529,-0.014783618540772148,-0.0005105251744805805,-0.014273093366291567
2017-11-30,3777.0464,3850.0385,3723.5263,3751.6651,3801962.0,2419959854.0,600519.SH,4006.0993,-0.010567643074615884,-0.011755427914710848,0.001187784840094963
2017-12-01,3791.1158,3796.631,3690.4913,3702.985,4719274.0,2959772009.0,600519.SH,3998.1365,-0.012975598488255247,-0.0019876691523846857,-0.010987929335870561
2017-12-04,3711.9894,3825.3889,3671.3006,3789.8777,5426771.0,3436687377.0,600519.SH,4018.8571,0.023465582496283277,0.005182564427202552,0.018283018069080725
2017-12-05,3768.5484,3843.9605,3746.769,3762.6956,4746576.0,3026076465.0,600519.SH,4040.1704,-0.007172289491030326,0.005303323673787608,-0.012475613164817934
2017-12-06,3754.479,3825.3889,3689.7597,3717.9548,5817409.0,3657236582.0,600519.SH,4015.8211,-0.01189062437046462,-0.00602680025575153,-0.00586382411471309
2017-12-07,3717.6171,3717.8423,3663.0841,3671.1318,5103262.0,3155212010.0,600519.SH,3971.0569,-0.012593751812152165,-0.011146960704997544,-0.0014467911071546213
2017-12-08,3663.9845,3739.5654,3663.9845,3730.7298,4550339.0,2842464437.0,600519.SH,4003.3792,0.01623423054437878,0.008139470376261837,0.008094760168116943
2017-12-11,3751.6651,3869.5668,3751.6651,3864.1642,7284917.0,4702239221.0,600519.SH,4069.4997,0.0357662996660868,0.016516172137778007,0.01925012752830879
2017-12-12,3907.5543,3907.9482,3864.333,3866.0213,4788931.0,3138650306.0,600519.SH,4016.0163,0.00048059551920687227,-0.013142500047364614,0.013623095566571486
2017-12-13,3886.6752,3971.148,3862.6447,3961.0743,4850248.0,3197982045.0,600519.SH,4050.0927,0.024586776073892924,0.00848512492342235,0.016101651150470575
2017-12-14,3971.0355,3978.4641,3917.6842,3940.4767,3196794.0,2126665894.0,600519.SH,4026.1516,-0.005200003443510237,-0.005911247414164156,0.0007112439706539186
2017-12-15,3937.3814,3959.6111,3862.9823,3879.9219,3225595.0,2126579404.0,600519.SH,3980.8558,-0.015367379281801208,-0.011250396035757948,-0.00411698324604326
2017-12-18,3914.8704,3970.0225,3906.8789,3947.3426,3916228.0,2599749872.0,600519.SH,3985.2914,0.017376818847822717,0.0011142327737669877,0.01626258607405573
2017-12-19,3931.7537,3984.8798,3920.4981,3954.7712,4407221.0,2944470867.0,600519.SH,4035.3294,0.001881924310294325,0.012555669078552212,-0.010673744768257887
2017-12-20,3970.5852,4066.0322,3937.5503,4055.058,6360131.0,4321305755.0,600519.SH,4030.4898,0.0253584328721721,-0.0011993072981849595,0.026557740170357058
2017-12-21,4044.309,4069.1837,4002.1007,4037.218,4668038.0,3178595839.0,600519.SH,4067.8485,-0.004399443855057084,0.009269022340659516,-0.0136684661957166
2017-12-22,4027.4257,4060.6295,4010.5987,4043.8588,2831701.0,1930315469.0,600519.SH,4054.5984,0.001644895073785957,-0.003257274699389634,0.004902169773175591
2017-12-25,4061.1923,4119.1583,4048.361,4073.1231,3621428.0,2497653982.0,600519.SH,4041.5401,0.0072367264653256935,-0.003220614894930085,0.010457341360255779
2017-12-26,4073.4608,4100.5304,4007.7285,4031.9842,3186766.0,2174103282.0,600519.SH,4053.6224,-0.01010008757162284,0.0029895286700236667,-0.013089616241646507
2017-12-27,4054.7766,4054.7766,3928.9398,3938.3944,3772205.0,2539720696.0,600519.SH,3991.2075,-0.023211846911503242,-0.015397314757289782,-0.00781453215421346
2017-12-28,4066.82,4251.9735,3978.5767,4245.1639,12414107.0,8656875718.0,600519.SH,4018.8974,0.07789202117492322,0.006937724986736393,0.07095429618818683
2017-12-29,4241.2808,4289.1168,4092.7078,4125.8553,7603887.0,5372514665.0,600519.SH,4030.8549,-0.028104592145429153,0.002975318553790407,-0.03107991069921956
2018-01-02,4139.981,4197.1591,4083.0843,4161.6479,4961248.0,3482407646.0,600519.SH,4087.4012,0.008675195177106687,0.014028364057460774,-0.005353168880354087
2018-01-03,4148.4226,4260.4152,4138.5178,4229.2374,5201941.0,3713523701.0,600519.SH,4111.3925,0.0162410424005357,0.005869573067601053,0.010371469332934646
2018-01-04,4260.4152,4384.7888,4248.7657,4348.6023,7220508.0,5309890210.0,600519.SH,4128.8119,0.028223740762341576,0.004236861355368049,0.023986879406973527
2018-01-05,4370.7194,4399.0271,4298.7966,4355.8621,3998907.0,2946493013.0,600519.SH,4138.7505,0.0016694559536982734,0.002407133151306917,-0.0007376771976086438
2018-01-08,4337.0654,4457.9498,4337.0654,4433.3564,5220456.0,3899951720.0,600519.SH,4160.1595,0.017790806554688565,0.005172817254869511,0.012617989299819055
2018-01-09,4433.8067,4607.0856,4433.8067,4604.3843,6459195.0,5001164506.0,600519.SH,4189.2977,0.03857752108537893,0.007004106453130099,0.03157341463224883
2018-01-10,4618.3411,4640.1769,4553.5093,4622.3368,4771424.0,3731993154.0,600519.SH,4207.8132,0.0038990012193378387,0.004419714550245368,-0.0005207133309075296
2018-01-11,4629.5967,4635.2244,4545.1802,4560.9942,5065607.0,3942075854.0,600519.SH,4205.5863,-0.013270906611564937,-0.0005292297671388724,-0.012741676844426064
2018-01-12,4555.1413,4639.7266,4517.1539,4637.5881,4598824.0,3577281776.0,600519.SH,4225.001,0.016793246525066863,0.004616407467372685,0.012176839057694178
2018-01-15,4665.952,4697.4675,4584.6871,4620.4234,5247313.0,4136645487.0,600519.SH,4225.2393,-0.0037012127058029254,5.6402353514339865e-05,-0.0037576150593172652
2018-01-16,4592.9036,4638.6574,4522.6691,4550.4703,6542833.0,5084966063.0,600519.SH,4258.473,-0.015139976132923172,0.007865519001491794,-0.023005495134414966
2018-01-17,4533.9246,4556.4357,4356.7063,4409.7198,9070954.0,6835580477.0,600519.SH,4248.1164,-0.030930978716639523,-0.002431998512142708,-0.028498980204496815
2018-01-18,4409.7198,4505.7858,4388.1092,4425.5339,5897851.0,4443031234.0,600519.SH,4271.4168,0.0035861915761632446,0.0054848779567340245,-0.0018986863805707799
2018-01-19,4437.6898,4471.4564,4359.5764,4422.3823,5092556.0,3818021990.0,600519.SH,4285.395,-0.0007121400651795007,0.0032724973128355206,-0.003984637378015021
2018-01-22,4431.5556,4556.4357,4431.5556,4554.4097,6712675.0,5129674653.0,600519.SH,4336.5974,0.029854361528174556,0.011948116801368203,0.017906244726806353
2018-01-23,4577.8775,4590.2023,4526.0458,4555.1976,4954918.0,3836387690.0,600519.SH,4382.6129,0.00017299717238872248,0.010610968866973991,-0.010437971694585269
2018-01-24,4570.1674,4570.28,4469.7681,4502.7468,4329881.0,3311348774.0,600519.SH,4389.8853,-0.011514495002368452,0.001659375392246032,-0.013173870394614484
2018-01-25,4483.2747,4567.6912,4426.9971,4529.1973,5004072.0,3821875040.0,600519.SH,4365.0794,0.005874303214207011,-0.0056506943359090345,0.011524997550116045
2018-01-26,4518.392,4575.5701,4500.158,4574.5571,4397833.0,3389953777.0,600519.SH,4381.2996,0.01001497550128816,0.003715900333909339,0.00629907516737882
2018-01-29,4583.2239,4588.3451,4336.9528,4344.3815,7453551.0,5637041971.0,600519.SH,4302.0181,-0.050316477632337264,-0.018095429949597563,-0.0322210476827397
2018-01-30,4342.5806,4414.4472,4308.9265,4376.7974,5191103.0,3852705098.0,600519.SH,4256.1021,0.007461568464924184,-0.010673130361771421,0.018134698826695606
2018-01-31,4359.4639,4543.5481,4359.4639,4503.197,6040241.0,4601994781.0,600519.SH,4275.8986,0.02887947246541489,0.004651321687043186,0.024228150778371704
2018-02-01,4517.0413,4518.7297,4437.8024,4464.8719,5058261.0,3846421613.0,600519.SH,4245.8978,-0.008510642550170422,-0.007016256185308212,-0.0014943863648622102
2018-02-02,4433.8629,4439.547,4280.6752,4367.3428,7542082.0,5583742782.0,600519.SH,4271.2326,-0.021843650206403442,0.005966888793225378,-0.02781053899962882
2018-02-05,4293.1688,4308.5889,4171.4965,4242.5752,9899585.0,7104095616.0,600519.SH,4274.1464,-0.028568309316136187,0.0006821918338044686,-0.029250501149940655
2018-02-06,4156.8643,4267.1685,4156.8643,4189.843,8816871.0,6270888575.0,600519.SH,4148.8856,-0.012429290587471553,-0.029306623657065156,0.016877333069593603
2018-02-07,4252.5363,4274.3721,4038.7375,4046.7289,8828998.0,6231141116.0,600519.SH,4050.4972,-0.034157389668300175,-0.02371441622781789,-0.010442973440482284
2018-02-08,4039.8068,4241.2808,4039.8068,4145.5525,8340943.0,5860233484.0,600519.SH,4012.0472,0.024420612905401207,-0.009492661789767376,0.03391327469516858
2018-02-09,4027.4257,4083.0843,3903.6148,4046.7289,10557826.0,7160206330.0,600519.SH,3840.6527,-0.023838463027545664,-0.04271996102139575,0.018881497993850083
2018-02-12,4089.3311,4170.9337,4056.6901,4125.799,6417955.0,4466343242.0,600519.SH,3890.1046,0.019539262934070045,0.012875910388877365,0.00666335254519268
2018-02-13,4168.2324,4223.3845,4165.3059,4207.4016,5338918.0,3793782378.0,600519.SH,3935.6324,0.019778617426588152,0.01170348992672321,0.008075127499864942
2018-02-14,4252.5363,4252.5363,4208.7523,4243.8133,3065260.0,2198728707.0,600519.SH,3966.9614,0.00865420120579885,0.007960347109653876,0.0006938540961449746
2018-02-22,4293.619,4387.6027,4270.7703,4378.8797,5076469.0,3717469267.0,600519.SH,4052.7332,0.031826659292481185,0.02162153632248609,0.010205122969995095
2018-02-23,4404.486,4458.2875,4348.2083,4379.0485,3815877.0,2844936758.0,600519.SH,4071.0889,3.8548672620430935e-05,0.004529214999891895,-0.004490666327271464
2018-02-26,4403.8107,4432.9062,4325.8098,4384.8451,4365824.0,3243216345.0,600519.SH,4118.4186,0.0013237122173914706,0.01162580851525985,-0.01030209629786838
2018-02-27,4415.7415,4455.1359,4349.4465,4353.7236,4260154.0,3181778842.0,600519.SH,4058.9806,-0.007097514117431314,-0.014432238626738925,0.007334724509307611
2018-02-28,4320.0695,4378.0355,4246.9086,4284.1644,4833067.0,3522004686.0,600519.SH,4023.6415,-0.015976944425227346,-0.0087063978576295,-0.0072705465675978465
2018-03-01,4297.5585,4403.6418,4273.753,4376.1783,4479465.0,3303604159.0,600519.SH,4049.0863,0.021477677187177857,0.006323823829732289,0.015153853357445568
2018-03-02,4353.8361,4385.1265,4308.814,4344.888,2599190.0,1912613830.0,600519.SH,4016.461,-0.007150142854097097,-0.008057447429559605,0.0009073045754625086
2018-03-05,4354.8491,4376.3472,4235.8219,4253.1554,3723470.0,2703926955.0,600519.SH,4018.097,-0.021112765162186076,0.00040732376089303024,-0.021520088923079106
2018-03-06,4280.6752,4295.3073,4123.8293,4242.744,6457036.0,4581658583.0,600519.SH,4066.5647,-0.0024479237227024164,0.012062351904396529,-0.014510275627098945
2018-03-07,4224.3975,4275.0474,4190.5746,4196.4838,3459594.0,2480929043.0,600519.SH,4036.6536,-0.010903368197562657,-0.007355372951523331,-0.003547995246039326
2018-03-08,4218.7697,4275.0474,4185.0031,4268.069,3534930.0,2540452000.0,600519.SH,4077.6001,0.01705837634831342,0.010143674453512608,0.006914701894800812
2018-03-09,4295.026,4323.2773,4272.2335,4298.684,3017100.0,2199081672.0,600519.SH,4108.8652,0.007173033050777766,0.007667524826674432,-0.000494491775896666
2018-03-12,4306.2815,4330.8748,4268.1252,4274.766,3988841.0,2900950557.0,600519.SH,4127.6662,-0.005564028432887946,0.004575715942202185,-0.010139744375090132
2018-03-13,4269.4196,4289.6796,4196.2587,4198.2284,3857709.0,2764426996.0,600519.SH,4091.2533,-0.01790451220019984,-0.008821667798621813,-0.009082844401578027
2018-03-14,4194.4015,4298.0087,4180.6135,4291.2554,3735576.0,2683830110.0,600519.SH,4073.3447,0.022158632436481973,-0.004377289472641488,0.02653592190912346
2018-03-15,4297.671,4404.486,4297.671,4401.5033,5614879.0,4161645760.0,600519.SH,4096.1627,0.025691293042124697,0.005601784695510759,0.020089508346613938
2018-03-16,4407.8627,4443.7678,4358.7885,4364.2475,3585552.0,2676682524.0,600519.SH,4056.4226,-0.008464335355604535,-0.009701787480267843,0.0012374521246633075
2018-03-19,4387.4339,4443.8241,4359.4639,4440.9539,3866658.0,2897348542.0,600519.SH,4074.2479,0.017576088432198267,0.004394339978285311,0.013181748453912956
2018-03-20,4421.3693,4432.6248,4365.0916,4408.5943,2887720.0,2154897794.0,600519.SH,4077.7041,-0.007286632720956754,0.0008483038059614589,-0.008134936526918213
2018-03-21,4421.9884,4438.8717,4365.0916,4376.3472,2674271.0,1996584261.0,600519.SH,4061.0502,-0.007314599122899446,-0.004084136462966903,-0.0032304626599325426
2018-03-22,4387.6027,4410.1138,4275.1037,4286.7531,3748697.0,2748721669.0,600519.SH,4020.349,-0.02047234734940595,-0.010022333631827585,-0.010450013717578366
2018-03-23,4145.6088,4272.1772,4140.4312,4202.2241,5254677.0,3727044980.0,600519.SH,3904.9355,-0.01971865372885584,-0.028707333617056685,0.008988679888200846
2018-03-26,4185.0031,4224.7352,4150.5612,4215.8996,4625611.0,3276880070.0,600519.SH,3879.893,0.003254348096285442,-0.006413038064265075,0.009667386160550517
2018-03-27,4269.4196,4285.6276,4162.4921,4222.9343,4754844.0,3399900239.0,600519.SH,3913.2689,0.0016686118426538776,0.008602273310114539,-0.006933661467460661
2018-03-28,4139.8122,4156.8643,3965.5202,4038.9626,11353972.0,7786098263.0,600519.SH,3842.7155,-0.04356489751687587,-0.018029274706882537,-0.02553562280999333
2018-03-29,4039.8068,4127.8813,3905.9222,4078.6383,7908196.0,5362890034.0,600519.SH,3894.0498,0.00982324025481196,0.01335886042044998,-0.0035356201656380204
2018-03-30,4061.1923,4103.4005,4026.7503,4047.7982,3654028.0,2502696336.0,600519.SH,3898.4977,-0.007561371647002879,0.0011422298708148038,-0.008703601517817683
2018-04-02,4027.4257,4089.3311,3994.2781,4027.7633,3203908.0,2185060765.0,600519.SH,3886.9189,-0.004949579749306654,-0.0029700671620249697,-0.0019795125872816843
2018-04-03,4016.1701,4066.82,4001.4817,4015.6636,4023558.0,2737509485.0,600519.SH,3862.4796,-0.0030040742463689485,-0.006287576517225557,0.0032835022708566086
2018-04-04,4038.6812,4142.4009,4029.5642,4106.2707,5689131.0,3948712791.0,600519.SH,3854.8625,0.022563418907898702,-0.001972075140539209,0.02453549404843791
2018-04-09,4123.6605,4170.5398,4084.5475,4130.4138,3083305.0,2149178951.0,600519.SH,3852.9292,0.005879568534047364,-0.0005015224278428487,0.006381090961890212
2018-04-10,4166.9943,4187.817,4131.3142,4185.1157,3204325.0,2252069676.0,600519.SH,3927.1729,0.013243685172657615,0.019269417148905843,-0.0060257319762482275
2018-04-11,4196.2587,4223.1594,4156.9769,4170.1458,2572318.0,1822237882.0,600519.SH,3938.3434,-0.003576938147731523,0.0028444125798485764,-0.0064213507275801
2018-04-12,4162.4921,4178.7,4096.197,4107.34,3071361.0,2139139504.0,600519.SH,3898.6354,-0.015060816338843597,-0.010082411807969871,-0.004978404530873726
2018-04-13,4131.5393,4145.6088,4056.0147,4066.0322,2754952.0,1904051062.0,600519.SH,3871.1443,-0.010057068565056726,-0.007051467290324243,-0.0030056012747324834
2018-04-16,4030.6898,4065.9759,4010.5424,4035.192,3293967.0,2241463093.0,600519.SH,3808.863,-0.007584839096945739,-0.016088602018788145,0.008503762921842406
2018-04-17,4055.5645,4057.7031,3946.3858,3949.7625,3517276.0,2377407817.0,600519.SH,3748.6412,-0.021171111560490896,-0.01581096510953528,-0.005360146450955616
2018-04-18,3976.7758,3976.7758,3830.4539,3890.3333,6261660.0,4104175827.0,600519.SH,3766.282,-0.015046271769505126,0.004705918507218021,-0.019752190276723147
2018-04-19,3914.0262,4027.4257,3896.0736,4027.2006,4420757.0,2976468492.0,600519.SH,3811.843,0.035181381502710884,0.012097076108480431,0.023084305394230453
2018-04-20,4033.0534,4106.2144,3961.1869,3972.6112,4151168.0,2831559751.0,600519.SH,3760.8543,-0.013555172791740344,-0.013376390370747115,-0.00017878242099322872
2018-04-23,3948.6932,4029.2828,3948.6932,3993.7154,3265920.0,2196761047.0,600519.SH,3766.3257,0.005312425238090279,0.0014548290264793096,0.0038575962116109697
2018-04-24,4004.9146,4103.4005,3999.2868,4083.028,4728256.0,3252280969.0,600519.SH,3843.4886,0.02236328607691962,0.02048758024299402,0.0018757058339256005
2018-04-25,4078.0756,4094.9589,4044.4215,4089.1623,2525222.0,1738767067.0,600519.SH,3828.7015,0.0015023898929911184,-0.003847312048746554,0.005349701941737672
2018-04-26,4094.9589,4096.5346,3988.0313,4017.4645,3504790.0,2378744475.0,600519.SH,3755.4941,-0.017533615625870302,-0.01912068621698515,0.0015870705911148475
2018-04-27,4056.9714,4074.4738,3886.7315,3929.1086,5791521.0,3866680412.0,600519.SH,3756.8765,-0.021992951026698515,0.0003681006981210988,-0.022361051724819614
2018-05-02,3914.8704,3965.464,3830.7915,3958.9358,7025911.0,4589885607.0,600519.SH,3763.6461,0.007591340183368933,0.0018019224214584906,0.0057894177619104426
2018-05-03,3948.6369,3991.8582,3903.6148,3976.1004,3632653.0,2426248236.0,600519.SH,3793.0001,0.00433566010340436,0.007799351804092414,-0.003463691700688054
2018-05-04,3976.6632,3998.3301,3918.0782,3931.022,3737584.0,2492610223.0,600519.SH,3774.5981,-0.011337339469596919,-0.004851568551237362,-0.006485770918359557
2018-05-07,3914.589,4150.5612,3902.3204,4129.6822,8559143.0,5858519223.0,600519.SH,3834.1877,0.0505365271423055,0.015787005244346286,0.03474952189795921
2018-05-08,4128.8943,4208.2458,4128.8943,4189.6742,6249783.0,4414037853.0,600519.SH,3878.6767,0.014527025832641538,0.011603239977010071,0.0029237858556314666
2018-05-09,4191.0811,4209.2025,4123.773,4150.9551,3233106.0,2267880036.0,600519.SH,3871.6152,-0.0092415539136671,-0.0018205951529808306,-0.007420958760686269
2018-05-10,4159.6782,4230.0253,4159.6782,4219.839,3929380.0,2794919589.0,600519.SH,3893.0565,0.016594710937730905,0.0055380762013745866,0.011056634736356319
2018-05-11,4245.1639,4311.6279,4228.3369,4241.3933,3914165.0,2826877192.0,600519.SH,3872.8383,0.005107848901344303,-0.005193400095785949,0.010301248997130252
2018-05-14,4275.0474,4381.9749,4275.0474,4378.6546,5101471.0,3753818029.0,600519.SH,3909.2933,0.032362313582190216,0.009412993049567886,0.02294932053262233
2018-05-15,4398.8582,4401.3345,4331.325,4382.3126,3805580.0,2811622722.0,600519.SH,3924.0975,0.0008354164313395529,0.0037869248643993547,-0.002951508433059802
2018-05-16,4365.0916,4396.9448,4327.2731,4334.2515,3079520.0,2275092450.0,600519.SH,3892.8442,-0.01096706337197395,-0.007964455521301317,-0.003002607850672634
2018-05-17,4337.6281,4351.0222,4275.0474,4294.0692,2851793.0,2077476640.0,600519.SH,3864.0507,-0.009270874105944293,-0.00739652000457669,-0.0018743541013676035
2018-05-18,4274.9911,4370.7194,4259.2334,4361.2648,2925517.0,2140724039.0,600519.SH,3903.0637,0.015648466959964136,0.010096399615046492,0.005552067344917644
2018-05-21,4387.6027,4406.1743,4322.7708,4335.9398,2905958.0,2150582003.0,600519.SH,3921.2421,-0.005806801733295286,0.004657469464308228,-0.010464271197603514
2018-05-22,4338.1909,4364.1912,4308.9265,4362.6717,1699896.0,1250693946.0,600519.SH,3906.2081,0.006165191684626148,-0.003833989235196733,0.009999180919822881
2018-05-23,4365.0916,4365.0916,4272.6837,4273.8093,2826871.0,2061375201.0,600519.SH,3854.5825,-0.020368802905797345,-0.013216295363270514,-0.007152507542526831
2018-05-24,4252.5363,4301.2728,4213.142,4226.6486,3041634.0,2191695815.0,600519.SH,3827.217,-0.011034816176753504,-0.00709947186238713,-0.0039353443143663736
2018-05-25,4207.5142,4291.9307,4207.5142,4234.8651,2651146.0,1908701139.0,600519.SH,3816.498,0.0019439751863923327,-0.0028007296163243822,0.004744704802716715
2018-05-28,4241.2808,4368.806,4225.0728,4367.3428,4280523.0,3129960293.0,600519.SH,3833.2599,0.03128262574408813,0.004391958282173869,0.026890667461914264
2018-05-29,4358.3383,4421.3693,4316.0175,4316.8617,4082027.0,3029700817.0,600519.SH,3804.0093,-0.011558767495878697,-0.007630737482736238,-0.003928030013142458
2018-05-30,4293.1688,4349.8967,4252.8177,4285.5713,3714710.0,2706486799.0,600519.SH,3723.3724,-0.007248413818770394,-0.021197871414247005,0.013949457595476611
2018-05-31,4310.2209,4430.4863,4310.1646,4427.7287,7185287.0,5356222572.0,600519.SH,3802.3759,0.03317116670069176,0.021218264388488173,0.011952902312203584
2018-06-01,4427.7287,4449.3956,4358.1132,4393.8495,3617763.0,2694415012.0,600519.SH,3770.5891,-0.007651597985215197,-0.008359720563135276,0.0007081225779200784
2018-06-04,4434.5946,4606.5228,4398.1829,4601.289,7380597.0,5697540359.0,600519.SH,3807.5781,0.04721133484430906,0.009809872945317766,0.037401461898991295
2018-06-05,4626.7828,4672.9305,4574.6134,4635.5058,5262967.0,4136578583.0,600519.SH,3845.3164,0.007436350987734208,0.009911365967778751,-0.002475014980044543
2018-06-06,4635.2244,4708.104,4603.1462,4622.5619,4896948.0,3870616725.0,600519.SH,3837.3511,-0.0027923382168997257,-0.0020714290246701683,-0.0007209091922295574
2018-06-07,4646.3674,4677.7141,4584.0117,4595.6612,3916778.0,3078137471.0,600519.SH,3831.0128,-0.0058194353222181805,-0.0016517383567012933,-0.004167696965516887
2018-06-08,4590.2023,4623.4061,4533.9246,4578.6654,3495846.0,2712363711.0,600519.SH,3779.6159,-0.0036982273628003437,-0.013416008424717352,0.009717781061917008
2018-06-11,4567.9726,4623.9689,4524.5263,4566.1717,3654755.0,2837404005.0,600519.SH,3779.9818,-0.0027286772254639935,9.680877890261286e-05,-0.0028254860043666064
2018-06-12,4578.9468,4722.4548,4570.5051,4698.1991,5528708.0,4385043270.0,600519.SH,3825.9534,0.02891424341314197,0.01216185749889065,0.016752385914251322
2018-06-13,4702.7576,4717.5024,4640.1769,4648.3371,3524437.0,2803441679.0,600519.SH,3788.3391,-0.010613002756737155,-0.009831353408538579,-0.0007816493481985765
2018-06-14,4646.48,4667.8655,4563.0765,4624.7005,3615961.0,2830514231.0,600519.SH,3773.3655,-0.005084958231622139,-0.003952550076628647,-0.0011324081549934917
2018-06-15,4613.8333,4644.1107,4590.7594,4614.5649,3170773.0,2455441877.0,600519.SH,3753.4338,-0.0021916230034787487,-0.005282207620756596,0.0030905846172778473
2018-06-19,4590.1967,4590.1967,4410.1081,4415.7359,6019587.0,4535664030.0,600519.SH,3621.1166,-0.04308726918110972,-0.03525230683434455,-0.007834962346765173
2018-06-20,4432.6192,4567.6856,4432.6192,4559.7504,4583802.0,3454583693.0,600519.SH,3635.4436,0.03261392965100107,0.003956514407738254,0.028657415243262818
2018-06-21,4568.9237,4645.8553,4532.6246,4535.7199,3918255.0,3013867644.0,600519.SH,3592.965,-0.0052701349617733095,-0.01168457131338796,0.00641443635161465
2018-06-22,4505.7802,4578.9411,4483.2691,4576.2961,2885481.0,2190055865.0,600519.SH,3608.9046,0.008945922785046578,0.004436336006612862,0.004509586778433716
2018-06-25,4573.3134,4646.3055,4567.1228,4570.8371,3293416.0,2543272262.0,600519.SH,3560.4777,-0.0011928860984322665,-0.013418725449267921,0.012225839350835654
2018-06-26,4569.4302,4595.1491,4466.3858,4510.2824,4657798.0,3516945435.0,600519.SH,3531.1112,-0.013248054716279323,-0.00824791010487158,-0.005000144611407742
2018-06-27,4494.5246,4522.6635,4320.0639,4328.1679,5729801.0,4194739085.0,600519.SH,3459.2621,-0.04037762690868307,-0.020347447568346166,-0.020030179340336907
2018-06-28,4280.6695,4308.8084,4184.9975,4263.3923,5083394.0,3610842734.0,600519.SH,3423.5255,-0.014966055267865208,-0.010330700295880901,-0.004635354971984307
2018-06-29,4271.1023,4383.6576,4230.0196,4378.9303,3292927.0,2378884218.0,600519.SH,3510.9845,0.027100016106891944,0.025546472488666927,0.0015535436182250173
2018-07-02,4396.1513,4423.2208,4218.7641,4266.8815,3755811.0,2709882026.0,600519.SH,3407.9638,-0.025588167046184718,-0.0293423966981341,0.003754229651949381
2018-07-03,4256.8078,4290.6869,4079.3643,4173.2917,8283710.0,5743330241.0,600519.SH,3409.2801,-0.021934004963578335,0.0003862423656024738,-0.02232024732918081
2018-07-04,4156.8587,4201.8808,4134.3476,4150.7244,3799075.0,2637494710.0,600519.SH,3363.7473,-0.005407553945965371,-0.013355546820573605,0.007947992874608234
2018-07-05,4201.8808,4293.0506,4201.8808,4215.3312,4712380.0,3333680083.0,600519.SH,3342.4379,0.015565186645492446,-0.0063350180912817855,0.02190020473677423
2018-07-06,4241.2752,4319.6699,4197.7163,4281.3449,4415661.0,3140922350.0,600519.SH,3365.1227,0.015660382747623824,0.0067869024582325466,0.008873480289391278
2018-07-09,4314.605,4369.9259,4312.9166,4355.1811,4057266.0,2944655287.0,600519.SH,3459.1837,0.01724602939604325,0.02795172966501336,-0.010705700268970109
2018-07-10,4365.086,4379.1554,4276.8989,4346.8521,2901047.0,2096683487.0,600519.SH,3467.5155,-0.0019124348238928057,0.0024086029313794555,-0.004321037755272261
2018-07-11,4258.1585,4336.9472,4214.3744,4312.0725,2427845.0,1736875980.0,600519.SH,3407.5297,-0.008001100382504345,-0.017299360305671252,0.009298259923166907
2018-07-12,4303.1806,4433.5759,4303.1806,4413.1471,4017004.0,2947129140.0,600519.SH,3481.0559,0.02343991201446638,0.021577566880781607,0.001862345133684773
2018-07-13,4439.9353,4472.5763,4399.5279,4466.3295,2890704.0,2152944602.0,600519.SH,3492.6897,0.01205090127179309,0.003342031939217005,0.008708869332576086
2018-07-16,4496.213,4562.6769,4489.0657,4509.6071,3247487.0,2454501604.0,600519.SH,3472.0859,0.009689746356600137,-0.005899121241718097,0.015588867598318235
2018-07-17,4522.6635,4522.6635,4404.5929,4440.6669,2780603.0,2064190615.0,600519.SH,3449.3773,-0.015287407188976587,-0.006540333578728519,-0.008747073610248068
2018-07-18,4440.6669,4481.5245,4398.8526,4412.5844,2452171.0,1818760392.0,600519.SH,3431.3227,-0.006323937514881028,-0.00523416211963823,-0.001089775395242798
2018-07-19,4421.3637,4449.2211,4398.9652,4432.3378,1807850.0,1337080011.0,600519.SH,3428.343,0.004476605591952065,-0.000868382329648032,0.005344987921600097
2018-07-20,4435.4331,4444.6064,4359.4583,4433.3508,3054850.0,2249792135.0,600519.SH,3492.8938,0.00022854756241730279,0.01882857112021763,-0.018600023557800327
2018-07-23,4404.4804,4433.4634,4314.4924,4382.3633,3596989.0,2621763717.0,600519.SH,3525.7503,-0.011500894537829098,0.009406670194209932,-0.02090756473203903
2018-07-24,4385.7962,4468.0741,4331.3194,4457.3814,4180860.0,3091209135.0,600519.SH,3581.7057,0.017118183697823586,0.01587049428883258,0.001247689408991004
2018-07-25,4466.1044,4482.5938,4427.0477,4448.4332,2174388.0,1618737612.0,600519.SH,3577.7522,-0.0020075015344210856,-0.0011038036988912925,-0.0009036978355297931
2018-07-26,4477.0786,4477.0786,4394.5192,4402.3418,2306726.0,1707662628.0,600519.SH,3536.2456,-0.010361266074536135,-0.011601306541017542,0.0012400404664814069
2018-07-27,4404.4804,4451.1908,4370.7138,4418.8875,2091360.0,1546655260.0,600519.SH,3521.2269,0.003758386048080098,-0.004247074920361915,0.008005460968442013
2018-07-30,4420.8009,4430.7058,4286.2973,4309.9902,4217166.0,3058614520.0,600519.SH,3515.0794,-0.02464360090633666,-0.0017458403489988283,-0.022897760557337832
2018-07-31,4316.1245,4358.7829,4309.9902,4350.6789,2068346.0,1499353469.0,600519.SH,3517.6568,0.009440555108454651,0.0007332409048854682,0.008707314203569183
2018-08-01,4378.5927,4383.6576,4281.2886,4285.9596,2523788.0,1821933661.0,600519.SH,3447.3882,-0.014875678368265643,-0.019975968093305818,0.005100289725040175
2018-08-02,4291.7562,4291.7562,4133.6723,4178.4693,5500143.0,3840134516.0,600519.SH,3370.9579,-0.025079634441724674,-0.022170494172951027,-0.0029091402687736467
2018-08-03,4173.742,4173.742,4067.94,4083.6414,4733699.0,3230239085.0,600519.SH,3315.2839,-0.022694411084939636,-0.01651578027717282,-0.006178630807766816
2018-08-06,4072.4422,4111.8365,3989.4326,4031.2469,4524812.0,3039091096.0,600519.SH,3273.2728,-0.012830338138897335,-0.01267194643571845,-0.00015839170317888396
2018-08-07,4045.9917,4133.3909,3988.1382,4124.6678,3908559.0,2645263310.0,600519.SH,3368.8695,0.023174194564961947,0.029205234589674056,-0.006031040024712109
2018-08-08,4128.8324,4139.9754,4043.5717,4068.0525,2968544.0,2016438669.0,600519.SH,3314.5075,-0.013726026614798048,-0.01613657044299266,0.002410543828194611
2018-08-09,4038.6756,4170.9281,4033.7231,4156.1833,3448575.0,2368461339.0,600519.SH,3397.5298,0.021664125524436972,0.025048155721475895,-0.003384030197038923
2018-08-10,4156.1833,4172.4476,4112.9621,4129.7328,2381767.0,1643993563.0,600519.SH,3405.0191,-0.0063641322075472795,0.0022043368096433813,-0.00856846901719066
2018-08-13,4106.2088,4106.2088,4014.3636,4084.9358,3457041.0,2329262063.0,600519.SH,3390.3441,-0.010847433034892662,-0.004309814297370651,-0.006537618737522011
2018-08-14,4084.9358,4114.6504,4052.8013,4090.0571,2169683.0,1474124248.0,600519.SH,3372.9137,0.00125370391377988,-0.005141189061015905,0.006394892974795785
2018-08-15,4088.1999,4089.3255,3982.3979,3992.5279,3499709.0,2336994709.0,600519.SH,3291.976,-0.023845437267856262,-0.023996374410646726,0.00015093714279046377
2018-08-16,3931.748,4024.6062,3864.2148,3911.7132,5993985.0,3908421566.0,600519.SH,3276.7276,-0.020241486603011616,-0.0046319900266587055,-0.01560949657635291
2018-08-17,3962.7007,3962.7007,3807.9934,3835.2881,4657457.0,3001465861.0,600519.SH,3229.6198,-0.019537500857680468,-0.014376477312303959,-0.0051610235453765085
2018-08-20,3821.7252,3895.4489,3733.9883,3891.1718,4885234.0,3081035729.0,600519.SH,3267.2498,0.014570926236284532,0.011651526288017022,0.0029193999482675093
2018-08-21,3903.6092,4045.9917,3903.6092,4041.4332,5224902.0,3460897975.0,600519.SH,3326.6489,0.03861597681192075,0.0181801526164298,0.020435824195490948
2018-08-22,4038.6756,4051.0567,3993.6535,4020.104,2067551.0,1381418422.0,600519.SH,3307.9545,-0.0052776326972322485,-0.0056195891306715096,0.0003419564334392611
2018-08-23,4042.615,4080.8838,4005.922,4034.2296,2735727.0,1836880236.0,600519.SH,3320.0257,0.003513739943046268,0.0036491432998853046,-0.0001354033568390367
2018-08-24,4027.42,4027.42,3956.8479,3978.4585,2609026.0,1725516320.0,600519.SH,3325.3347,-0.013824473450891328,0.0015990840070905232,-0.015423557457981851
2018-08-27,3988.0257,4130.4082,3988.0257,4130.4082,4801692.0,3261483990.0,600519.SH,3406.5735,0.03819310921554164,0.024430262613865716,0.013762846601675927
2018-08-28,4162.4864,4166.8761,4081.1652,4094.9532,3248890.0,2222697903.0,600519.SH,3400.1705,-0.008583897349419334,-0.0018796013061217476,-0.006704296043297586
2018-08-29,4100.581,4139.3,4084.2605,4122.2479,2740403.0,1877474370.0,600519.SH,3386.5736,0.0066654485819277465,-0.003998887702837295,0.010664336284765041
2018-08-30,4135.5294,4160.2353,4083.754,4091.5766,3378833.0,2312993223.0,600519.SH,3351.0942,-0.007440430741683546,-0.010476488684610374,0.0030360579429268286
2018-08-31,4068.2214,4072.4422,3957.073,3972.2117,5898093.0,3911486180.0,600519.SH,3334.5036,-0.029173326487398565,-0.004950800845884951,-0.024222525641513615
2018-09-03,3931.748,4019.9351,3924.9947,4011.7186,3017984.0,1992654934.0,600519.SH,3321.8248,0.009945819352981777,-0.0038023050867301844,0.013748124439711962
2018-09-04,4015.039,4066.8144,3985.7746,4061.4118,2154048.0,1441658194.0,600519.SH,3363.8984,0.012387010394996123,0.012665809467133915,-0.000278799072137792
2018-09-05,4061.1866,4072.3859,3959.8869,3964.3328,2898342.0,1927600143.0,600519.SH,3298.1412,-0.023902771937580836,-0.01954791500242692,-0.004354856935153917
2018-09-06,3931.748,3972.6056,3864.2148,3886.7259,4237058.0,2744204071.0,600519.SH,3262.8808,-0.019576282798457356,-0.010690991640988634,-0.008885291157468722
2018-09-07,3895.1675,3965.6835,3893.1415,3925.9514,2924006.0,1903829724.0,600519.SH,3277.6438,0.010092170379187193,0.004524529366809915,0.005567641012377278
2018-09-10,3932.8736,3941.9343,3868.1543,3891.2281,2120220.0,1369296442.0,600519.SH,3230.0681,-0.008844556761451572,-0.014515213642190106,0.005670656880738534
2018-09-11,3895.5615,3925.9514,3867.7603,3897.9814,1949687.0,1258466309.0,600519.SH,3224.2116,0.0017355189226764267,-0.0018131196676627326,0.0035486385903391593
2018-09-12,3881.0981,3891.6221,3796.7379,3807.9372,4115737.0,2612360007.0,600519.SH,3202.0248,-0.023100212843499057,-0.00688131014726201,-0.016218902696237048
2018-09-13,3852.9593,3875.4704,3751.6595,3819.0801,4771316.0,3004019091.0,600519.SH,3236.5662,0.0029262299808936465,0.010787361796823047,-0.0078611318159294
2018-09-14,3830.3357,3919.2544,3799.6644,3880.5354,4090019.0,2617626839.0,600519.SH,3242.0902,0.016091649923760443,0.0017067471074745377,0.014384902816285905
2018-09-17,3892.3537,3937.1507,3870.1803,3896.9122,2911295.0,1884188491.0,600519.SH,3204.9224,0.004220242392325657,-0.011464147419464221,0.01568438981178988
2018-09-18,3881.0981,4021.7923,3876.7085,4014.4762,3785868.0,2480477388.0,600519.SH,3269.4319,0.030168501101974998,0.020128256459501115,0.010040244642473883
2018-09-19,4013.8009,4123.0921,4010.5367,4097.3169,4822184.0,3277470608.0,600519.SH,3312.4823,0.020635494115022857,0.013167547548551095,0.0074679465664717615
2018-09-20,4118.5899,4128.1571,4074.4682,4081.1652,2751948.0,1878075359.0,600519.SH,3310.1258,-0.00394201873914124,-0.0007114000277074206,-0.003230618711433819
2018-09-21,4100.581,4201.9371,4089.3818,4201.9371,4261720.0,2945196257.0,600519.SH,3410.4856,0.029592504611183124,0.030319028962585204,-0.0007265243514020803
2018-09-25,4173.742,4234.353,4163.9497,4185.1101,3063991.0,2142679110.0,600519.SH,3379.8043,-0.004004581601185886,-0.008996167583877224,0.004991585982691338
2018-09-26,4213.6991,4385.7962,4213.0801,4342.181,7228777.0,5200777033.0,600519.SH,3417.2413,0.03753088837495566,0.011076676835993338,0.026454211538962324
2018-09-27,4356.6444,4359.4583,4288.5484,4336.9472,4050853.0,2918965007.0,600519.SH,3403.5902,-0.001205338975966197,-0.003994772040241901,0.0027894330642757037
2018-09-28,4352.1422,4388.7226,4308.133,4370.7138,3508980.0,2551115844.0,600519.SH,3438.8649,0.007785799190730414,0.010363968024117653,-0.00257816883338724
2018-10-08,4288.6047,4308.8084,4123.9362,4123.9362,8274502.0,5798721501.0,600519.SH,3290.8988,-0.05646162418596257,-0.04302759901966491,-0.013434025166297658
2018-10-09,4128.1571,4194.621,4122.5293,4173.742,4022283.0,2785526957.0,600519.SH,3288.6906,0.012077247945785352,-0.0006710020982717557,0.012748250044057108
2018-10-10,4186.4607,4190.6253,4031.3032,4038.2254,6309820.0,4288785948.0,600519.SH,3281.5978,-0.032468849296386826,-0.0021567246246879668,-0.03031212467169886
2018-10-11,3836.1323,4027.0824,3836.1323,3892.2974,9158196.0,5953169079.0,600519.SH,3124.1139,-0.03613666537781668,-0.04799000657545549,0.011853341197638811
2018-10-12,3926.1203,4048.1302,3923.7566,4021.7923,5447256.0,3599837217.0,600519.SH,3170.7262,0.03326952868503841,0.014920166643092037,0.01834936204194637
2018-10-15,4030.1777,4044.022,3976.939,4015.6017,3560730.0,2372056680.0,600519.SH,3126.4516,-0.0015392639744225,-0.013963551945923358,0.012424287971500858
2018-10-16,4010.4242,4086.6804,3988.082,4016.9524,2639360.0,1766613793.0,600519.SH,3100.9738,0.00033636304118500604,-0.008149110640318091,0.008485473681503097
2018-10-17,4061.1866,4074.1305,3919.9297,4008.961,4307707.0,2846537063.0,600519.SH,3118.2463,-0.0019894186448413675,0.0055700244871463855,-0.007559443131987753
2018-10-18,3976.7702,3976.7702,3892.1848,3897.6438,5215607.0,3394332712.0,600519.SH,3044.3918,-0.027767094765950517,-0.023684626836565137,-0.0040824679293853805
2018-10-19,3852.9593,4061.1866,3836.5262,4033.0478,7619938.0,4973381203.0,600519.SH,3134.9455,0.034739962641019195,0.02974443039821617,0.004995532242803025
2018-10-22,4061.1866,4213.2489,4061.1866,4162.4864,7310857.0,5036971569.0,600519.SH,3270.2732,0.03209448695351447,0.04316748090198064,-0.01107299394846617
2018-10-23,4139.9754,4139.9754,3836.076,3874.0071,12311273.0,8076618589.0,600519.SH,3183.4257,-0.06930456277286579,-0.026556649762472517,-0.04274791301039327
2018-10-24,3797.3007,3920.4925,3751.6595,3847.2753,7611282.0,4818473584.0,600519.SH,3188.2018,-0.006900297110968179,0.0015003020174146897,-0.008400599128382868
2018-10-25,3751.6595,3765.7289,3687.3904,3746.0317,7556838.0,4657019123.0,600519.SH,3194.3084,-0.026315662931633677,0.0019153743655750954,-0.028231037297208772
2018-10-26,3746.0317,3779.7983,3684.0138,3695.9446,5532738.0,3388947805.0,600519.SH,3173.635,-0.013370709062606179,-0.006471948669702576,-0.006898760392903602
2018-10-29,3352.5946,3352.5946,3352.5946,3352.5946,4907600.0,2694714084.0,600519.SH,3076.8889,-0.0928991197541218,-0.030484318455020865,-0.06241480129910093
2018-10-30,3132.6052,3318.3215,3127.09,3211.394,20439667.0,10663392394.0,600519.SH,3110.2605,-0.0421168130498093,0.010845890470728481,-0.05296270352053778
2018-10-31,3228.2773,3385.8547,3200.1384,3351.5253,9688482.0,5239853122.0,600519.SH,3153.8234,0.04363566102446481,0.014006190156740983,0.02962947086772383
2018-11-01,3385.8547,3557.5016,3364.7506,3430.8768,9810672.0,5581027253.0,600519.SH,3177.0338,0.023676234817621822,0.007359448217677533,0.01631678659994429
2018-11-02,3554.6877,3639.1042,3482.8774,3638.5414,8915696.0,5227695093.0,600519.SH,3290.2455,0.06052814254362038,0.0356344021269146,0.02489374041670578
2018-11-05,3599.7098,3599.7098,3480.2323,3502.9122,7551708.0,4373994135.0,600519.SH,3262.8351,-0.0372757061387291,-0.008330806926109324,-0.02894489921261978
2018-11-06,3492.7823,3493.6827,3402.7943,3447.7601,4556614.0,2572068930.0,600519.SH,3243.1504,-0.015744642414959875,-0.006033004855194757,-0.009711637559765118
2018-11-07,3464.6434,3498.1286,3425.3053,3450.0112,3810778.0,2165679706.0,600519.SH,3221.9101,0.0006529166573974177,-0.006549279984054968,0.007202196641452385
2018-11-08,3492.7823,3509.6656,3459.0157,3472.1846,3376374.0,1933594956.0,600519.SH,3212.7737,0.006427051599136924,-0.0028357091651936006,0.009262760764330524
2018-11-09,3454.626,3464.6434,3425.2491,3425.2491,2433682.0,1374731688.0,600519.SH,3167.4442,-0.013517570465579554,-0.014109148117092851,0.0005915776515132976
2018-11-12,3374.5992,3381.3525,3283.4294,3368.9714,6782422.0,3709848786.0,600519.SH,3205.1407,-0.01643025028457057,0.011901235702905133,-0.028331485987475702
2018-11-13,3335.8801,3470.2712,3318.3215,3470.2712,6642905.0,3695850099.0,600519.SH,3237.3823,0.030068465407572242,0.010059339984669124,0.020009125422903118
2018-11-14,3470.0461,3470.0461,3372.0667,3386.4175,4176683.0,2331999884.0,600519.SH,3204.9427,-0.02416344290325212,-0.01002031795874092,-0.014143124944511198
2018-11-15,3407.2402,3441.0068,3388.6686,3412.3052,3083340.0,1728199015.0,600519.SH,3242.3715,0.0076445683380739204,0.011678461521324568,-0.0040338931832506475
2018-11-16,3419.6213,3447.7601,3402.9068,3413.9935,2893879.0,1625453517.0,600519.SH,3257.6735,0.0004947681702094364,0.004719385178410196,-0.0042246170082007595
2018-11-19,3415.6819,3481.5267,3408.9848,3464.756,3617925.0,2052509531.0,600519.SH,3294.6031,0.014868950394896663,0.011336188233719513,0.00353276216117715
2018-11-20,3442.1324,3459.0157,3413.9935,3422.998,2694326.0,1514353125.0,600519.SH,3218.4076,-0.01205221955023672,-0.02312736851367614,0.011075148963439418
2018-11-21,3380.2269,3464.0807,3378.4261,3440.444,2710730.0,1527915052.0,600519.SH,3226.4918,0.0050967017801353265,0.002511863320233232,0.0025848384599020946
2018-11-22,3442.9765,3455.2451,3402.738,3439.3185,2121333.0,1193347565.0,600519.SH,3214.4273,-0.00032713800893147127,-0.0037392005769237846,0.0034120625679923133
2018-11-23,3436.5046,3455.0762,3396.5475,3396.5475,2012621.0,1126652921.0,600519.SH,3143.4752,-0.012435893913285367,-0.02207301437490905,0.009637120461623683
2018-11-26,3402.738,3415.1191,3368.9714,3369.5905,1912019.0,1063536979.0,600519.SH,3141.2434,-0.00793658855057977,-0.0007099785613069454,-0.007226609989272825
2018-11-27,3368.9714,3385.7984,3338.0187,3347.0231,2023382.0,1112920631.0,600519.SH,3137.2413,-0.006697371683591746,-0.0012740496327027229,-0.005423322050889023
2018-11-28,3362.4995,3409.435,3332.3909,3397.1102,2773793.0,1535544366.0,600519.SH,3178.9326,0.01496467114314215,0.013289159491812086,0.0016755116513300639
2018-11-29,3447.929,3469.1456,3352.1444,3366.7203,4506945.0,2524752310.0,600519.SH,3137.6542,-0.008945809294028773,-0.01298498747661403,0.004039178182585257
2018-11-30,3397.1102,3464.0244,3374.5992,3442.1324,4901046.0,2762808219.0,600519.SH,3172.69,0.022399276827362202,0.011166240052839616,0.011233036774522587
2018-12-03,3577.1988,3667.243,3553.3933,3645.8575,8341468.0,4964130146.0,600519.SH,3260.9502,0.059185724523554084,0.027818727956403055,0.03136699656715103
2018-12-04,3655.9312,3663.0785,3610.9654,3651.6541,3147388.0,1888148735.0,600519.SH,3267.7095,0.0015899140325699168,0.002072800743783132,-0.00048288671121321514
2018-12-05,3625.0348,3731.9623,3610.9654,3695.9446,4158819.0,2523641849.0,600519.SH,3252.0041,0.012128887015886658,-0.004806241191268601,0.01693512820715526
2018-12-06,3639.1042,3672.7582,3584.8525,3592.9565,3775807.0,2250440655.0,600519.SH,3181.673,-0.027865163346874833,-0.02162700225377956,-0.0062381610930952736
2018-12-07,3614.342,3632.6885,3552.9994,3565.9432,2684167.0,1583970320.0,600519.SH,3181.5646,-0.007518404411520074,-3.407012599965231e-05,-0.007484334285520422
2018-12-10,3504.0378,3568.7571,3493.7953,3510.9599,2464068.0,1427993218.0,600519.SH,3144.7631,-0.015419006113165379,-0.011567107579710911,-0.0038518985334544675
2018-12-11,3509.6656,3563.4107,3509.6656,3543.3759,1631660.0,949962155.0,600519.SH,3159.8158,0.009232802687379138,0.004786592668935663,0.004446210018443475
2018-12-12,3576.0169,3578.3243,3542.3066,3577.1988,1992154.0,1168089518.0,600519.SH,3170.6092,0.009545388622189455,0.003415832024132648,0.006129556598056807
2018-12-13,3582.8265,3677.8232,3580.5754,3648.9528,4039941.0,2427823194.0,600519.SH,3219.6924,0.020058711861359102,0.015480684279853829,0.004578027581505273
2018-12-14,3627.9049,3637.9786,3594.0821,3599.4847,2455448.0,1461585126.0,600519.SH,3165.9109,-0.01355679360938844,-0.016703924884252985,0.0031471312748645452
2018-12-17,3597.2899,3616.4243,3554.744,3585.753,2489585.0,1466942952.0,600519.SH,3161.1966,-0.003814907172684956,-0.0014890817047313876,-0.0023258254679535684
2018-12-18,3559.6401,3591.4933,3554.6877,3588.1166,1922218.0,1130221286.0,600519.SH,3128.4265,0.0006591641978686003,-0.01036635937163799,0.01102552356950659
2018-12-19,3577.1988,3588.398,3504.2066,3514.1678,2571596.0,1501321336.0,600519.SH,3091.1255,-0.020609363697935423,-0.011923246398788612,-0.008686117299146812
2018-12-20,3505.2759,3534.9905,3464.0244,3495.5961,2694098.0,1549600760.0,600519.SH,3067.4169,-0.0052848074016271784,-0.007669892406503731,0.0023850850048765526
2018-12-21,3475.899,3489.687,3426.4309,3455.6953,3064043.0,1736537277.0,600519.SH,3029.3951,-0.011414591062165469,-0.012395380621395113,0.0009807895592296445
2018-12-24,3433.6907,3475.3925,3402.738,3459.0157,1910986.0,1080787424.0,600519.SH,3038.1981,0.0009608486025953766,0.0029058606452490032,-0.0019450120426536266
2018-12-25,3426.4872,3456.2018,3378.0321,3446.5783,2659286.0,1490157587.0,600519.SH,3017.2815,-0.003595647166331095,-0.006884541202234362,0.003288894035903267
2018-12-26,3435.4353,3461.2668,3402.738,3414.4438,1786620.0,1005617678.0,600519.SH,3002.0327,-0.009323594940524038,-0.005053820798622821,-0.004269774141901217
2018-12-27,3470.2712,3480.6826,3426.4872,3430.8768,2949357.0,1670211285.0,600519.SH,2990.5057,0.004812789714096377,-0.00383973165915219,0.008652521373248567
2018-12-28,3432.5652,3618.8442,3413.9935,3582.8828,6367837.0,3705150490.0,600519.SH,3010.6536,0.04430529245468673,0.006737288613092973,0.037568003841593756
2019-01-02,3695.2693,3706.6374,3611.0216,3633.3639,6228649.0,3754387984.0,600519.SH,2969.5353,0.014089520315875292,-0.013657599133955478,0.02774711944983077
2019-01-03,3638.9354,3648.4463,3559.1899,3582.8265,3097735.0,1838179174.0,600519.SH,2964.8421,-0.013909259130361229,-0.0015804493046437385,-0.01232880982571749
2019-01-04,3567.519,3682.2691,3537.9169,3650.3597,3768347.0,2258501484.0,600519.SH,3035.8741,0.018849140476101756,0.023958105559820586,-0.0051089650837188305
2019-01-07,3684.1263,3706.6374,3651.5978,3670.0006,3475013.0,2105981461.0,600519.SH,3054.303,0.005380538252161893,0.0060703768973817684,-0.0006898386452198757
2019-01-08,3670.0569,3706.6374,3640.68,3666.0612,2883813.0,1750413219.0,600519.SH,3047.7035,-0.001073405819061679,-0.002160722102554913,0.0010873162834932337
2019-01-09,3695.3256,3786.3265,3689.9792,3729.8238,4989227.0,3084214779.0,600519.SH,3078.4759,0.01739267200449346,0.010096913955048414,0.007295758049445045
2019-01-10,3735.5078,3779.123,3696.7888,3744.7374,2904390.0,1797683134.0,600519.SH,3072.6864,0.003998473064598995,-0.001880638402918744,0.005879111467517739
2019-01-11,3779.7983,3847.3315,3744.6248,3841.0284,3888421.0,2445929483.0,600519.SH,3094.7782,0.025713685557764432,0.0071897346894886915,0.01852395086827574
2019-01-14,3824.8205,3841.0847,3760.3825,3777.5472,2564890.0,1606308126.0,600519.SH,3067.7845,-0.01652713632630265,-0.008722337516788747,-0.007804798809513902
2019-01-15,3795.8937,3985.2118,3779.7983,3976.6576,5576485.0,3613919068.0,600519.SH,3127.9904,0.052708911221546195,0.01962520509507759,0.033083706126468604
2019-01-16,3965.5146,4008.567,3940.7524,3982.9607,4208364.0,2775103930.0,600519.SH,3128.6517,0.001585024569377147,0.0002114136923181409,0.001373610877059006
2019-01-17,3993.6535,4031.3595,3953.1335,3972.5493,3028476.0,2004454115.0,600519.SH,3111.4168,-0.0026139851191602226,-0.005508730805669382,0.002894745686509159
2019-01-18,4004.909,4146.7287,3985.2118,4109.6417,6860918.0,4647515824.0,600519.SH,3168.1739,0.03450993043686079,0.018241561207742896,0.016268369229117896
2019-01-21,4145.6031,4195.5777,4099.9057,4128.6073,4705193.0,3242615722.0,600519.SH,3185.6364,0.004614903532830894,0.005511850217565506,-0.0008969466847346119
2019-01-22,4123.0921,4123.0921,4006.1471,4038.6756,4212221.0,2834735031.0,600519.SH,3143.3171,-0.02178257544620421,-0.013284409984767764,-0.008498165461436447
2019-01-23,4017.4026,4058.3728,3994.3851,4008.6233,3362481.0,2247371221.0,600519.SH,3141.0532,-0.0074411274824846,-0.0007202264130463654,-0.006720901069438234
2019-01-24,4034.7361,4077.1132,4003.1081,4047.1172,2915527.0,1960227058.0,600519.SH,3158.7817,0.00960277310167812,0.005644125989333837,0.003958647112344282
2019-01-25,4066.1391,4116.9015,4032.6539,4087.6371,2898635.0,1966232090.0,600519.SH,3184.4696,0.01001204017516466,0.008132217557167642,0.0018798226179970179
2019-01-28,4111.8365,4168.0016,4066.9832,4072.4422,3610287.0,2476277972.0,600519.SH,3183.7777,-0.0037172820454144384,-0.00021727323130982246,-0.003500008814104616
2019-01-29,4075.2561,4134.3476,4021.7923,4117.4643,3034259.0,2069407513.0,600519.SH,3193.9698,0.011055307304300044,0.0032012599372122086,0.007854047367087835
2019-01-30,4117.408,4124.3302,4066.8144,4066.8144,2269996.0,1545353573.0,600519.SH,3168.4829,-0.01230123598157229,-0.007979693483639028,-0.004321542497933262
2019-01-31,4089.3255,4143.352,4075.5937,4143.352,3669657.0,2515374970.0,600519.SH,3201.6331,0.018820037619616814,0.010462483480658813,0.008357554138958001
2019-02-01,4185.2226,4196.253,4143.4083,4160.6293,3052062.0,2121326140.0,600519.SH,3247.3971,0.004169884673085988,0.014293955169316641,-0.010124070496230653
2019-02-11,4173.742,4367.8999,4135.3606,4344.2633,5814075.0,4143849806.0,600519.SH,3306.4725,0.044136111813662504,0.018191615678907702,0.025944496134754802
2019-02-12,4331.3194,4345.3326,4287.4228,4302.7304,3509143.0,2521840124.0,600519.SH,3330.3353,-0.009560401184707024,0.007216996360925432,-0.016777397545632455
2019-02-13,4331.3194,4405.3808,4298.7909,4400.2596,3567706.0,2589623528.0,600519.SH,3397.0276,0.022666816401046175,0.02002570131602055,0.002641115085025625
2019-02-14,4377.4671,4447.5891,4371.5017,4411.0086,3225813.0,2375987077.0,600519.SH,3402.1403,0.002442810419639674,0.0015050510628762392,0.0009377593567634346
2019-02-15,4398.1773,4398.1773,4331.432,4341.3368,2323798.0,1691515518.0,600519.SH,3338.7047,-0.015794981673805886,-0.018645791885772645,0.002850810211966759
2019-02-18,4376.3415,4454.8489,4376.3415,4426.9914,3774589.0,2787522993.0,600519.SH,3445.7448,0.019730005743852974,0.032060367603040874,-0.0123303618591879
2019-02-19,4432.3941,4441.0609,4351.917,4374.9909,2950150.0,2164408781.0,600519.SH,3439.6078,-0.011746239217903187,-0.001781037295623178,-0.00996520192228001
2019-02-20,4398.8526,4398.8526,4292.2627,4325.6917,3788237.0,2742919644.0,600519.SH,3451.9273,-0.011268412009725393,0.003581658350699124,-0.014850070360424517
2019-02-21,4314.4361,4373.4151,4297.5528,4315.8431,2985040.0,2163554333.0,600519.SH,3442.7056,-0.0022767688228914063,-0.0026714641412060036,0.00039469531831459737
2019-02-22,4297.5528,4362.2159,4281.2323,4348.259,2590877.0,1867253930.0,600519.SH,3520.1182,0.007510907891901786,0.022485977308080107,-0.014975069416178322
2019-02-25,4374.9346,4451.9787,4303.1243,4440.1041,8262259.0,6034261367.0,600519.SH,3729.4831,0.021122269855590403,0.059476667573264974,-0.03835439771767457
2019-02-26,4470.888,4478.6543,4348.2027,4355.8002,5796466.0,4265279124.0,600519.SH,3684.6935,-0.018986919698571914,-0.012009599936248505,-0.0069773197623234084
2019-02-27,4387.5971,4528.4038,4376.3415,4430.9309,6594227.0,4908445127.0,600519.SH,3678.3921,0.01724842659220238,-0.001710155810788594,0.018958582402990976
2019-02-28,4415.1731,4558.7937,4409.8268,4511.4642,5698625.0,4289145218.0,600519.SH,3669.3703,0.018175255226841935,-0.0024526477207256203,0.020627902947567556
2019-03-01,4547.9884,4708.3798,4545.1745,4704.4403,6384023.0,4952509171.0,600519.SH,3749.7143,0.04277460519358667,0.02189585499179514,0.02087875020179153
2019-03-04,4736.5186,4755.259,4636.4569,4662.5697,8458596.0,6661386571.0,600519.SH,3794.104,-0.008900229853060382,0.011838155242920756,-0.020738385095981138
2019-03-05,4680.2409,4705.8473,4628.9157,4650.864,4483056.0,3501155936.0,600519.SH,3816.0132,-0.002510568367482091,0.005774538599890855,-0.008285106967372946
2019-03-06,4623.9633,4649.2882,4572.638,4584.5689,4673137.0,3602140487.0,600519.SH,3848.0903,-0.014254362200227577,0.008405919560236397,-0.022660281760463974
2019-03-07,4552.0404,4552.0404,4458.2818,4475.3902,6018053.0,4526351877.0,600519.SH,3808.8497,-0.02381438743346198,-0.010197421822455532,-0.013616965611006449
2019-03-08,4415.1731,4465.4291,4391.2551,4412.922,5227525.0,3868415483.0,600519.SH,3657.579,-0.013958157212749955,-0.03971558657197738,0.025757429359227424
2019-03-11,4427.2166,4578.6597,4427.2166,4531.3302,5305724.0,4001728730.0,600519.SH,3729.9546,0.02683215338952305,0.019787843270097527,0.007044310119425523
2019-03-12,4561.0448,4561.1011,4421.3637,4455.1866,5251001.0,3946382127.0,600519.SH,3755.3519,-0.01680380741178389,0.006809010490369083,-0.02361281790215297
2019-03-13,4457.9442,4543.7676,4457.9442,4505.7802,4056136.0,3058080906.0,600519.SH,3724.1941,0.01135611244655843,-0.008296905544324606,0.019653017990883037
2019-03-14,4522.6635,4680.2409,4505.7802,4640.8466,6217256.0,4808607656.0,600519.SH,3698.4858,0.02997625139370963,-0.006903050515009501,0.03687930190871913
2019-03-15,4629.591,4694.3103,4566.8414,4636.9071,5240071.0,4084798328.0,600519.SH,3745.005,-0.0008488752892628071,0.012577904179056354,-0.013426779468319161
2019-03-18,4645.3488,4846.4289,4635.2188,4821.4416,8131880.0,6499566987.0,600519.SH,3851.7479,0.03979689392526309,0.028502738981656783,0.011294154943606305
2019-03-19,4781.5407,4809.2293,4721.3236,4723.0682,4063493.0,3244967390.0,600519.SH,3833.9626,-0.02040331671755613,-0.004617462113758797,-0.015785854603797334
2019-03-20,4708.3798,4777.6013,4680.2409,4724.1375,3111752.0,2470811128.0,600519.SH,3835.4397,0.00022639944093971742,0.00038526719066056536,-0.00015886774972084794
2019-03-21,4697.1242,4724.1375,4660.5437,4684.4617,3257328.0,2558222913.0,600519.SH,3836.8913,-0.008398527773588293,0.0003784702963782749,-0.008776998069966568
2019-03-22,4698.3623,4764.5449,4680.2409,4730.8908,3051750.0,2420497823.0,600519.SH,3833.8013,0.009911298879869301,-0.0008053394684388593,0.01071663834830816
2019-03-25,4685.8687,4697.1242,4614.3961,4627.3399,3727046.0,2903744159.0,600519.SH,3742.8252,-0.021888245655553917,-0.023729998735197877,0.0018417530796439596
2019-03-26,4652.1021,4685.531,4562.6206,4612.7077,3759569.0,2914112997.0,600519.SH,3700.4388,-0.0031621191259366688,-0.011324707336051953,0.008162588210115285
2019-03-27,4657.7299,4730.2155,4623.9633,4699.9381,4280739.0,3366132247.0,600519.SH,3743.3878,0.018910888283686367,0.011606461374256583,0.007304426909429784
2019-03-28,4727.683,4846.1475,4684.0678,4802.9262,5756676.0,4615969704.0,600519.SH,3728.3953,0.02191265029639422,-0.004005061938813781,0.025917712235208
2019-03-29,4961.6292,5139.9169,4934.4471,5068.5005,9093396.0,7702154797.0,600519.SH,3872.3412,0.055294270397075795,0.038608003824057935,0.01668626657301786
2019-04-01,5102.3234,5152.6919,5051.6735,5096.6956,6093461.0,5228521999.0,600519.SH,3973.928,0.005562808960954069,0.02623394859936412,-0.020671139638410052
2019-04-02,5102.2671,5102.2671,4967.5947,5046.0457,5322705.0,4496538849.0,600519.SH,3971.2852,-0.009937791850861188,-0.0006650346961495357,-0.009272757154711653
2019-04-03,4990.4434,5055.838,4957.1833,5015.093,4305680.0,3629854319.0,600519.SH,4022.1566,-0.00613405066862549,0.012809807767017123,-0.018943858435642613
2019-04-04,4989.7681,5134.9644,4968.3825,5130.4622,5577236.0,4763897857.0,600519.SH,4062.2309,0.023004398921415925,0.009963386308728062,0.013041012612687863
2019-04-08,5327.434,5372.4562,5271.8317,5328.5596,6625193.0,5944780639.0,600519.SH,4057.2286,0.038611998739606745,-0.001231416953674458,0.0398434156932812
2019-04-09,5344.3173,5373.5817,5285.2821,5355.5729,4798980.0,4308645696.0,600519.SH,4075.4301,0.0050695313607829195,0.004486190401004286,0.0005833409597786332
2019-04-10,5344.3173,5619.5151,5327.434,5597.5105,6781438.0,6331858748.0,600519.SH,4085.847,0.045174924236396796,0.002556024700313353,0.04261889953608344
2019-04-11,5597.5668,5608.8223,5358.6681,5469.2537,6110254.0,5643817564.0,600519.SH,3997.5778,-0.022913186138730834,-0.021603647909478774,-0.0013095382292520608
2019-04-12,5378.0839,5439.9331,5327.4903,5406.2228,4861217.0,4419349981.0,600519.SH,3988.6168,-0.011524588811815506,-0.0022416074053643875,-0.009282981406451118
2019-04-15,5501.8948,5546.9169,5366.8284,5366.8284,4552264.0,4205548308.0,600519.SH,3975.5244,-0.007286862095287505,-0.0032824411710846713,-0.004004420924202834
2019-04-16,5355.0101,5551.9819,5334.2999,5551.9819,4642344.0,4297385218.0,600519.SH,4085.7891,0.03449961247130595,0.02773588812585337,0.006763724345452582
2019-04-17,5541.2891,5639.8313,5468.1282,5620.0779,4076102.0,3848216557.0,600519.SH,4087.2398,0.012265169668510767,0.000355059931997026,0.011910109736513741
2019-04-18,5582.9909,5635.1603,5531.2717,5583.4974,1959852.0,1853076080.0,600519.SH,4072.0753,-0.0065088955439568386,-0.0037102056013449403,-0.0027986899426118983
2019-04-19,5574.8306,5670.4464,5503.6394,5623.2294,3237978.0,3064971032.0,600519.SH,4120.6078,0.007115970001168037,0.011918369977097276,-0.004802399975929239
2019-04-22,5662.2861,5771.4085,5555.9776,5604.3201,4062796.0,3897168684.0,600519.SH,4025.6109,-0.003362711825343645,-0.023054098960837655,0.01969138713549401
2019-04-23,5614.4501,5784.5212,5604.3201,5749.2351,4885205.0,4725480295.0,600519.SH,4019.0053,0.025857730717415706,-0.00164089380819199,0.027498624525607696
2019-04-24,5776.98,5833.933,5615.6882,5721.3777,4522700.0,4383873128.0,600519.SH,4030.0887,-0.0048454097832945076,0.002757747047509529,-0.0076031568308040365
2019-04-25,5714.5681,5743.8324,5615.6882,5622.1601,3980134.0,3822767525.0,600519.SH,3941.816,-0.01734155743641952,-0.021903413689132956,0.0045618562527134365
2019-04-26,5587.9996,5664.4247,5580.6835,5580.6835,4327768.0,4119727292.0,600519.SH,3889.2748,-0.007377342384824681,-0.013329186344568034,0.0059518439597433526
2019-04-29,5580.6835,5828.3052,5524.4058,5732.4644,5257230.0,5086408528.0,600519.SH,3900.3339,0.027197546680437945,0.002843486400086803,0.024354060280351142
2019-04-30,5710.1221,5805.569,5682.6023,5743.8887,3594318.0,3503937512.0,600519.SH,3913.211,0.0019929125072282172,0.003301537850387559,-0.001308625343159342
2019-05-06,5470.9421,5524.4058,5288.0397,5361.2006,13509968.0,12299395806.0,600519.SH,3684.6168,-0.0666252638217033,-0.05841601692318665,-0.008209246898516653
2019-05-07,5289.6154,5405.8851,5159.8392,5271.1564,10083726.0,9045117765.0,600519.SH,3720.6684,-0.016795528971626283,0.009784355322919991,-0.026579884294546274
2019-05-08,5102.3234,5337.564,5102.3234,5239.6409,8188298.0,7217709507.0,600519.SH,3667.4574,-0.005978858832570322,-0.014301462608170112,0.00832260377559979
2019-05-09,5186.7399,5214.1471,5003.8375,5095.6263,9154515.0,7863312116.0,600519.SH,3599.7001,-0.027485585891964592,-0.01847527935839144,-0.009010306533573154
2019-05-10,5190.4542,5388.1013,5148.4148,5367.5037,7990738.0,7121198718.0,600519.SH,3730.4513,0.05335505078149083,0.03632280366911678,0.017032247112374055
2019-05-13,5321.0184,5389.2269,5237.3898,5282.4119,4663718.0,4179329433.0,600519.SH,3668.7255,-0.01585314230896573,-0.016546469860094448,0.0006933275511287196
2019-05-14,5243.0175,5361.2006,5175.4843,5251.8531,5998312.0,5349455647.0,600519.SH,3645.1503,-0.005785008927456037,-0.006425991805601217,0.0006409828781451798
2019-05-15,5272.507,5513.1503,5272.507,5479.3837,6312425.0,5778791845.0,600519.SH,3727.0923,0.04332386981654146,0.02247973149419935,0.02084413832234211
2019-05-16,5434.3616,5507.5225,5355.5729,5495.7605,4454012.0,4108281950.0,600519.SH,3743.9635,0.002988803284573738,0.004526638634626767,-0.0015378353500530295
2019-05-17,5479.4963,5509.2109,5327.9968,5365.6466,4984161.0,4551116799.0,600519.SH,3648.7609,-0.02367532209600476,-0.025428292770482308,0.0017529706744775497
2019-05-20,5327.434,5327.434,5164.2288,5242.7924,4440799.0,3931645928.0,600519.SH,3617.7924,-0.02289643898649596,-0.008487401846473563,-0.014409037140022396
2019-05-21,5243.0175,5383.7117,5169.9691,5299.2952,4238565.0,3791406204.0,600519.SH,3666.7762,0.010777233903062733,0.013539693432934374,-0.0027624595298716415
2019-05-22,5299.1826,5349.9451,5214.8787,5259.9008,3204158.0,2853872828.0,600519.SH,3649.3796,-0.007433894228047411,-0.0047443855449916805,-0.00268950868305573
2019-05-23,5220.5065,5237.2772,5081.0504,5107.9511,5805863.0,5062812286.0,600519.SH,3583.9646,-0.02888832047935208,-0.01792496456109971,-0.010963355918252371
2019-05-24,5130.4622,5243.0175,5127.3107,5206.4371,4403409.0,3858962204.0,600519.SH,3593.9139,0.019280920680701197,0.0027760597858583758,0.01650486089484282
2019-05-27,5209.8137,5231.7057,5102.6048,5209.2509,3916191.0,3417213669.0,600519.SH,3637.1971,0.0005404463639826496,0.012043471603479405,-0.011503025239496756
2019-05-28,5203.5669,5369.586,5186.8524,5259.9008,7477277.0,6670856081.0,600519.SH,3672.2605,0.009723067859910506,0.009640225436229555,8.284242368095107e-05
2019-05-29,5259.9571,5467.8468,5259.9571,5394.4607,6564696.0,5963755397.0,600519.SH,3663.909,0.025582212501041646,-0.002274212300570677,0.027856424801612323
2019-05-30,5383.7117,5439.9331,5278.0222,5357.2612,4024720.0,3634187681.0,600519.SH,3641.1833,-0.0068958700542576246,-0.006202583088171676,-0.0006932869660859486
2019-05-31,5330.4167,5366.7721,5271.1564,5271.1564,3579380.0,3211384923.0,600519.SH,3629.7893,-0.016072540946855507,-0.003129202531495845,-0.012943338415359662
2019-06-03,5282.4119,5335.0315,5250.2211,5282.4119,3447924.0,3076922330.0,600519.SH,3632.0127,0.0021352999505004355,0.0006125424415130976,0.001522757508987338
2019-06-04,5299.2952,5301.7151,5164.2288,5188.4282,3968948.0,3481384251.0,600519.SH,3598.4666,-0.017791815893796525,-0.009236228716931527,-0.008555587176864998
2019-06-05,5237.3898,5250.1085,5158.601,5167.6055,3406736.0,2988114670.0,600519.SH,3597.105,-0.004013296358230556,-0.0003783833925261604,-0.0036349129657043955
2019-06-06,5190.2291,5191.0733,5091.0678,5114.3105,3478685.0,3009567792.0,600519.SH,3564.6778,-0.010313287266220272,-0.009014804961211875,-0.0012984823050083971
2019-06-10,5090.9553,5208.9695,4989.7681,5164.679,5550246.0,4790052574.0,600519.SH,3610.7435,0.009848541655810727,0.012922822926661137,-0.0030742812708504097
2019-06-11,5192.3676,5415.2835,5186.7399,5388.7204,8010644.0,7209086880.0,600519.SH,3719.2759,0.04337954014179779,0.03005818607718891,0.013321354064608881
2019-06-12,5362.4387,5389.2832,5293.6674,5365.1401,3774740.0,3420899273.0,600519.SH,3691.0957,-0.0043758625888254965,-0.007576797408334279,0.0032009348195087828
2019-06-13,5383.7117,5396.6556,5310.5507,5383.7117,3291742.0,2984741685.0,600519.SH,3685.3933,0.003461531228234005,-0.0015449071125410718,0.005006438340775077
2019-06-14,5389.3395,5509.2109,5383.8242,5400.595,4245504.0,3905679105.0,600519.SH,3654.8799,0.0031359963052999262,-0.008279550516358758,0.011415546821658684
2019-06-17,5366.8284,5479.046,5361.3132,5392.7161,3276903.0,3001512189.0,600519.SH,3654.8248,-0.001458894806961153,-1.5075734773106753e-05,-0.0014438190721880462
2019-06-18,5423.1061,5439.9893,5342.0662,5423.1061,2944138.0,2687679912.0,600519.SH,3667.6185,0.0056353791737711045,0.0035004961113320743,0.0021348830624390303
2019-06-19,5552.5447,5590.2507,5507.5788,5507.5788,5372640.0,5051192622.0,600519.SH,3715.9381,0.015576442437664983,0.013174652707199419,0.0024017897304655644
2019-06-20,5510.3364,5752.3304,5508.6481,5749.5165,6727197.0,6468666073.0,600519.SH,3828.5183,0.04392814134588496,0.030296575715295315,0.013631565630589648
2019-06-21,5721.2088,5802.924,5690.4249,5756.8326,4592675.0,4482726902.0,600519.SH,3833.9383,0.0012724722157071433,0.0014156912871488014,-0.00014321907144165813
2019-06-24,5768.0881,5888.466,5749.5165,5817.6125,4577920.0,4532526991.0,600519.SH,3841.2659,0.01055787170187994,0.0019112461981978246,0.008646625503682115
2019-06-25,5845.1885,5884.5829,5704.4944,5794.4261,5129595.0,5035624420.0,600519.SH,3801.3098,-0.003985552492538957,-0.010401805300695233,0.006416252808156275
2019-06-26,5805.7941,5805.7941,5728.2435,5776.8674,2958818.0,2896585581.0,600519.SH,3794.331,-0.0030302742147318984,-0.0018358935122835263,-0.0011943807024483721
2019-06-27,5805.7941,5895.8384,5783.9584,5869.6693,4797845.0,4772724089.0,600519.SH,3834.8172,0.016064398500820642,0.010670181383753752,0.005394217117066891
2019-06-28,5893.1877,5909.452,5810.6847,5881.9885,3108840.0,3050739277.0,600519.SH,3825.5873,0.002098789449688665,-0.002406868311741084,0.004505657761429749
2019-07-01,5997.4702,6172.3812,5973.2708,6151.3334,5233723.0,5325575854.0,600519.SH,3935.8116,0.045791470010524415,0.02881238653212792,0.016979083478396495
2019-07-02,6112.7269,6138.0518,6062.077,6112.7269,3906109.0,3989722046.0,600519.SH,3937.1691,-0.0062761189305721166,0.0003449098020851249,-0.0066210287326572415
2019-07-03,6084.5881,6101.4714,5867.9191,5903.9368,6713932.0,6717755678.0,600519.SH,3893.5341,-0.03415662165440425,-0.011082836142344066,-0.023073785512060185
2019-07-04,5892.1185,5920.2573,5810.0656,5866.2307,4621668.0,4531686001.0,600519.SH,3873.1019,-0.006386602918920237,-0.0052477259670076215,-0.0011388769519126152
2019-07-05,5893.244,6005.7993,5838.6547,5971.0197,5003271.0,4968920475.0,600519.SH,3893.2025,0.017863088814423778,0.0051897937412903605,0.012673295073133417
2019-07-08,5944.1753,5960.2144,5831.3386,5886.8284,3361352.0,3313713091.0,600519.SH,3802.7897,-0.014099986975423917,-0.023223246157886734,0.009123259182462817
2019-07-09,5855.538,5910.1273,5793.9139,5837.304,3172332.0,3103986405.0,600519.SH,3793.1297,-0.008412747346262073,-0.0025402403924675854,-0.005872506953794487
2019-07-10,5864.7112,5919.0192,5842.5941,5873.6594,2816670.0,2774054724.0,600519.SH,3786.739,0.006228114896877024,-0.0016848092486791977,0.007912924145556222
2019-07-11,5915.53,5962.9158,5836.9663,5867.9191,3051419.0,3011117079.0,600519.SH,3785.221,-0.0009772953467475087,-0.00040087262417609626,-0.0005764227225714125
2019-07-12,5866.7935,5924.1967,5859.5337,5893.7505,2817385.0,2778937975.0,600519.SH,3808.7311,0.004402139763651558,0.006211024402538179,-0.0018088846388866209
2019-07-15,5790.8187,5860.0402,5697.0038,5836.5724,5987040.0,5785726590.0,600519.SH,3824.1878,-0.009701479558729242,0.004058228211490267,-0.01375970777021951
2019-07-16,5833.8711,5872.4213,5775.0609,5791.9442,3324524.0,3226755644.0,600519.SH,3806.8449,-0.007646302819785178,-0.004535054476142664,-0.0031112483436425142
2019-07-17,5791.9442,5820.0268,5758.9092,5766.6193,2546887.0,2459954487.0,600519.SH,3804.6384,-0.0043724350797439415,-0.0005796138424237762,-0.0037928212373201653
2019-07-18,5755.3637,5763.8054,5674.7741,5676.575,3925295.0,3748507464.0,600519.SH,3768.4019,-0.015614746754654019,-0.009524295396902915,-0.006090451357751103
2019-07-19,5718.7833,5751.4243,5679.3889,5723.6794,2801481.0,2679887449.0,600519.SH,3807.9551,0.008298031823767094,0.010496014238821072,-0.0021979824150539784
2019-07-22,5746.9221,5769.4332,5692.0514,5730.1513,2812549.0,2695084029.0,600519.SH,3781.6832,0.0011307237089486222,-0.006899214751770577,0.0080299384607192
2019-07-23,5759.8659,5761.498,5656.0899,5713.0429,3248395.0,3087319264.0,600519.SH,3789.9135,-0.002985680325753415,0.0021763589292727037,-0.0051620392550261185
2019-07-24,5737.4112,5746.3593,5660.761,5670.1594,4677120.0,4450509786.0,600519.SH,3819.8325,-0.007506245052002147,0.007894375425718803,-0.01540062047772095
2019-07-25,5667.9645,5765.8314,5623.9554,5763.8054,3825570.0,3633246146.0,600519.SH,3851.0665,0.016515585082140793,0.008176798328198842,0.008338786753941951
2019-07-26,5758.0088,5808.8275,5738.7618,5775.2298,2646759.0,2556208822.0,600519.SH,3858.5688,0.0019820932885763476,0.0019481096989626412,3.39835896137064e-05
2019-07-29,5758.3465,5856.6635,5746.9784,5839.2737,2698133.0,2626793557.0,600519.SH,3854.2704,0.011089411541684413,-0.0011139881709508748,0.012203399712635288
2019-07-30,5839.7802,5876.3607,5808.8275,5853.4557,1953797.0,1911965179.0,600519.SH,3870.3176,0.0024287267096250176,0.004163485779306031,-0.0017347590696810133
2019-07-31,5831.3386,5869.4386,5784.0091,5817.8319,2252620.0,2191909987.0,600519.SH,3835.3589,-0.0060859433855458,-0.009032514540925463,0.0029465711553796625
2019-08-01,5839.8365,5842.5941,5707.6403,5742.9827,3508952.0,3385045858.0,600519.SH,3803.4694,-0.012865480008111052,-0.008314606489630005,-0.004550873518481047
2019-08-02,5656.8778,5735.554,5651.2501,5715.688,3971940.0,3772328947.0,600519.SH,3747.4379,-0.0047527045484568875,-0.014731681553688869,0.009978977005231982
2019-08-05,5662.5056,5713.1555,5634.3668,5648.0422,3677431.0,3473341317.0,600519.SH,3675.6884,-0.01183511066384313,-0.019146281249917463,0.007311170586074334
2019-08-06,5583.7169,5679.3889,5543.197,5669.8217,4399116.0,4121445010.0,600519.SH,3636.3289,0.0038561149560816244,-0.010708062195914136,0.01456417715199576
2019-08-07,5687.8305,5721.766,5662.5056,5662.5056,2686998.0,2553463419.0,600519.SH,3621.431,-0.0012903580371848022,-0.004096961636225971,0.0028066035990411686
2019-08-08,5710.3416,5825.7108,5701.9,5812.6544,3880813.0,3755086990.0,600519.SH,3669.2936,0.026516318147217444,0.013216488178291907,0.013299829968925536
2019-08-09,5851.0358,5864.8238,5741.238,5758.3465,2846170.0,2760764357.0,600519.SH,3633.5296,-0.009343046440194458,-0.009746835194654357,0.0004037887544598995
2019-08-12,6030.055,6085.1508,5943.9502,6076.878,8149895.0,8208540716.0,600519.SH,3699.1047,0.055316487120044,0.018047217779648683,0.03726926934039532
2019-08-13,6062.9774,6118.3547,6032.1373,6073.0511,3032970.0,3088013760.0,600519.SH,3665.7515,-0.000629747709267825,-0.009016560142241947,0.008386812432974122
2019-08-14,6140.9783,6264.1138,6140.9783,6215.8838,4141095.0,4327071299.0,600519.SH,3682.4015,0.023519100637898527,0.004542042743486574,0.018977057894411953
2019-08-15,6129.6102,6233.6113,6129.6102,6224.7194,2723739.0,2821331120.0,600519.SH,3694.0006,0.0014214551436757539,0.003149873798389491,-0.001728418654713737
2019-08-16,6252.5206,6397.3793,6202.7711,6279.3088,3608673.0,3822488363.0,600519.SH,3710.5386,0.008769776835241716,0.004476988985870678,0.004292787849371038
2019-08-19,6315.3265,6365.8638,6248.0747,6286.5123,3286758.0,3471558016.0,600519.SH,3791.0946,0.0011471804030405153,0.02171005578543239,-0.020562875382391876
2019-08-20,6281.5599,6386.6865,6253.421,6365.9764,2860213.0,3038219263.0,600519.SH,3787.7324,0.01264041112271408,-0.0008868678718806366,0.013527278994594716
2019-08-21,6366.5391,6405.2019,6319.0408,6343.4653,2506662.0,2678841887.0,600519.SH,3781.7579,-0.0035361582553148363,-0.0015773289580858219,-0.0019588292972290144
2019-08-22,6382.8034,6557.3204,6365.9764,6557.3204,3759078.0,4099045126.0,600519.SH,3793.5061,0.033712661752874906,0.00310654471033156,0.030606117042543346
2019-08-23,6562.9482,6723.6772,6510.1597,6704.2051,4019230.0,4495782910.0,600519.SH,3820.8638,0.022400110264552575,0.007211718995258742,0.015188391269293833
2019-08-26,6607.9703,6692.3868,6516.1252,6551.4113,4849789.0,5382792365.0,600519.SH,3765.9105,-0.02279074069497078,-0.014382428392239466,-0.008408312302731313
2019-08-27,6630.4814,6711.0147,6585.4592,6585.4592,5216421.0,5830617878.0,600519.SH,3816.9459,0.005197032889692199,0.013551941821240865,-0.008354908931548666
2019-08-28,6585.4592,6665.3172,6439.1936,6535.4284,4700967.0,5169778985.0,600519.SH,3802.5844,-0.0075971619412660285,-0.003762563152912346,-0.0038345987883536825
2019-08-29,6562.9482,6637.1221,6492.6011,6608.5331,2933042.0,3247704307.0,600519.SH,3790.1867,0.011185907874073031,-0.0032603352604086977,0.014446243134481729
2019-08-30,6675.5035,6793.6866,6664.248,6771.1755,4489077.0,5093877152.0,600519.SH,3799.5863,0.02461096850676303,0.0024799833739059807,0.02213098513285705
2019-09-02,6759.8637,6787.9463,6698.0146,6752.9416,2823433.0,3210850606.0,600519.SH,3848.3198,-0.002692870683975057,0.01282600160970171,-0.015518872293676766
2019-09-03,6759.92,6821.938,6695.5383,6759.92,2948509.0,3358578409.0,600519.SH,3853.6106,0.0010333866947702663,0.0013748337651147136,-0.0003414470703444472
2019-09-04,6764.4222,6776.2968,6647.9837,6675.5598,3360022.0,3785904728.0,600519.SH,3886.0012,-0.012479467212629713,0.008405260251256319,-0.020884727463886033
2019-09-05,6698.0146,6787.496,6692.3868,6782.4311,3293084.0,3746608087.0,600519.SH,3925.323,0.016009339022024838,0.010118833725527354,0.0058905052964974836
2019-09-06,6785.2449,6794.5308,6709.2701,6773.9331,2617659.0,2978155822.0,600519.SH,3948.5075,-0.0012529430634392602,0.005906392926136261,-0.0071593359895755215
2019-09-09,6788.0588,6804.9421,6731.7812,6740.3354,2937934.0,3346080774.0,600519.SH,3972.9484,-0.0049598511682968915,0.006189908465413785,-0.011149759633710676
2019-09-10,6727.8417,6731.7812,6647.4209,6669.0316,2622707.0,2952753655.0,600519.SH,3959.265,-0.010578672390694321,-0.003444142390573335,-0.007134530000120987
2019-09-11,6642.975,6647.1958,6354.7208,6363.275,8171654.0,8904690560.0,600519.SH,3930.0999,-0.045847226154993814,-0.007366291470765285,-0.03848093468422853
2019-09-12,6343.4653,6590.9745,6343.4653,6529.1816,4121133.0,4498210332.0,600519.SH,3972.3799,0.026072517689397445,0.010757996253479396,0.01531452143591805
2019-09-16,6439.1373,6557.039,6439.1373,6529.1816,3137180.0,3432292113.0,600519.SH,3957.7154,0.0,-0.0036916156986898097,0.0036916156986898097
2019-09-17,6501.0428,6572.2903,6461.6484,6501.099,2519693.0,2767385769.0,600519.SH,3891.2208,-0.004301090354111081,-0.016801258625114834,0.012500168271003753
2019-09-18,6582.6454,6816.1977,6580.8445,6810.0071,6931447.0,7899560194.0,600519.SH,3910.0837,0.04751628916895423,0.0048475532408749356,0.04266873592807929
2019-09-19,6804.9421,6816.1977,6743.5995,6788.0588,2447980.0,2800064436.0,600519.SH,3924.3823,-0.0032229481816545835,0.003656852665327781,-0.006879800846982365
2019-09-20,6821.8254,6872.4753,6802.6347,6857.9557,3762666.0,4346138244.0,600519.SH,3935.6511,0.010297038086941823,0.002871483749175008,0.007425554337766815
2019-09-23,6855.592,6855.592,6709.2701,6810.5699,3002633.0,3431058973.0,600519.SH,3890.6616,-0.006909610104363861,-0.011431272451971175,0.004521662347607314
2019-09-24,6844.3365,7012.6067,6827.4532,7007.5417,3626913.0,4259833998.0,600519.SH,3901.0758,0.028921485704155092,0.0026767169881853903,0.026244768715969702
2019-09-25,6985.0306,7034.9489,6931.5669,6951.264,2402458.0,2832308420.0,600519.SH,3870.9837,-0.00803101892351199,-0.007713795256170108,-0.00031722366734188157
2019-09-26,6956.5541,7003.8837,6865.7783,6911.8697,2608194.0,3050478322.0,600519.SH,3841.1388,-0.005667213905269586,-0.007709900715934359,0.0020426868106647733
2019-09-27,6894.9864,7001.9139,6833.081,6955.4849,2282661.0,2671754323.0,600519.SH,3852.6534,0.0063101883995295704,0.0029977047431870574,0.003312483656342513
2019-09-30,6889.3586,6925.5452,6816.1977,6816.1977,3082514.0,3565988675.0,600519.SH,3814.5282,-0.020025519716102114,-0.009895829196573946,-0.010129690519528167
2019-10-08,6833.081,6985.0306,6827.5095,6912.4325,3104527.0,3631091491.0,600519.SH,3837.6791,0.014118545886660616,0.0060691385110220875,0.008049407375638529
2019-10-09,6907.3675,6907.3675,6732.0626,6798.2451,3578857.0,4105282379.0,600519.SH,3843.2392,-0.016519134183227036,0.0014488183756689033,-0.01796795255889594
2019-10-10,6686.759,6866.4536,6585.5718,6844.3365,4117370.0,4685560483.0,600519.SH,3874.6391,0.006779896770712224,0.008170165416714115,-0.001390268646001891
2019-10-11,6855.592,6956.8918,6828.635,6954.6407,2868925.0,3343559812.0,600519.SH,3911.7253,0.016116127545745318,0.00957152370655634,0.006544603839188978
2019-10-14,7018.7972,7028.1393,6928.753,6985.0306,2718751.0,3209362988.0,600519.SH,3953.2411,0.00436972969717897,0.01061316856784389,-0.006243438870664919
2019-10-15,6985.0306,7185.8293,6968.3162,7159.4914,4003473.0,4806856333.0,600519.SH,3936.2498,0.02497638306695471,-0.004298068235706665,0.029274451302661375
2019-10-16,6917.4974,7027.2389,6872.4753,6928.753,5915059.0,6935972684.0,600519.SH,3922.6854,-0.03222832281075161,-0.003446021134126287,-0.02878230167662532
2019-10-17,6962.5196,7022.5116,6886.5447,7003.7711,3050870.0,3578144114.0,600519.SH,3925.2216,0.010827070902946101,0.0006465468783196648,0.010180524024626436
2019-10-18,6979.4029,7041.252,6938.2639,6961.3377,2829161.0,3335011086.0,600519.SH,3869.3777,-0.0060586503176838225,-0.014226941989720965,0.008168291672037142
2019-10-21,6939.2206,6978.8401,6891.0469,6920.3113,2527467.0,2955023935.0,600519.SH,3880.8398,-0.0058934649873400025,0.002962259280090418,-0.00885572426743042
2019-10-22,6973.7751,6993.4723,6894.3673,6933.2552,1930943.0,2262188262.0,600519.SH,3895.8809,0.001870421638402231,0.00387573328844959,-0.002005311650047359
2019-10-23,6917.4974,6973.7751,6850.5833,6866.3411,2308021.0,2684922174.0,600519.SH,3871.0848,-0.009651180876769083,-0.006364696620987598,-0.0032864842557814855
2019-10-24,6900.3328,6906.2419,6800.2148,6817.7172,2617844.0,3025245582.0,600519.SH,3870.6678,-0.007081486237262458,-0.00010772174249451538,-0.006973764494767942
2019-10-25,6834.7693,6942.8224,6776.9721,6936.3505,2599845.0,3015928985.0,600519.SH,3896.7923,0.017400736422449326,0.006749352140217324,0.010651384282232002
2019-10-28,6906.2982,6990.7147,6900.6141,6975.4072,2248599.0,2644563044.0,600519.SH,3926.585,0.0056307275706439786,0.007645442124282642,-0.0020147145536386635
2019-10-29,6991.2775,7097.3609,6972.4807,7058.1916,2780371.0,3314271728.0,600519.SH,3910.226,0.011868038327568886,-0.004166215681056129,0.016034254008625015
2019-10-30,7041.3083,7056.5033,6962.5196,7006.4162,2125475.0,2516524166.0,600519.SH,3891.2255,-0.0073355050321955995,-0.004859182052392885,-0.002476322979802714
2019-10-31,7075.0749,7086.3304,6963.3637,6985.0869,2590927.0,3068884874.0,600519.SH,3886.7519,-0.0030442524953055994,-0.0011496635186010185,-0.001894588976704581
2019-11-01,6990.6584,7052.2824,6942.8224,7013.1695,2281196.0,2697638375.0,600519.SH,3952.3872,0.004020365158234451,0.016886928131430334,-0.012866562973195883
2019-11-04,7041.3083,7153.8073,7035.6805,7095.2786,2673798.0,3209264033.0,600519.SH,3978.1216,0.01170784479114606,0.006511102960762516,0.005196741830383544
2019-11-05,7094.7721,7125.7248,7052.5638,7091.9582,2225472.0,2667596023.0,600519.SH,4002.8128,-0.0004679731673961074,0.006206748431219378,-0.006674721598615485
2019-11-06,7080.7027,7120.097,7035.0052,7058.1916,1973751.0,2362005422.0,600519.SH,3984.8816,-0.004761251976922232,-0.0044796499101831255,-0.00028160206673910615
2019-11-07,7077.9451,7108.1662,7035.6805,7105.296,1616788.0,1933203877.0,600519.SH,3991.8749,0.006673720787063964,0.0017549580394056186,0.004918762747658345
2019-11-08,7125.7248,7185.6605,7106.0839,7125.7248,2451211.0,2964133776.0,600519.SH,3973.0107,0.0028751511548568143,-0.004725649092861106,0.00760080024771792
2019-11-11,7106.0276,7132.4781,7061.0618,7091.9582,1734246.0,2082060830.0,600519.SH,3902.9783,-0.004738689880361302,-0.017627035336199692,0.01288834545583839
2019-11-12,7120.097,7151.6125,7087.5123,7106.5904,1915055.0,2303205539.0,600519.SH,3903.6888,0.002063210130031523,0.00018204046894121362,0.0018811696610903095
2019-11-13,7136.9803,7254.0379,7097.586,7232.6523,3197704.0,3890666569.0,600519.SH,3899.9815,0.01773873164267359,-0.0009496914815545487,0.018688423124228137
2019-11-14,7249.5356,7322.6966,7221.3968,7266.4189,2352112.0,2898399700.0,600519.SH,3905.857,0.004668633109875975,0.001506545607972809,0.003162087501903166
2019-11-15,7266.4189,7282.7957,7218.5829,7237.7173,1634072.0,2003665313.0,600519.SH,3877.0892,-0.003949896144853304,-0.007365297807881865,0.003415401663028561
2019-11-18,7238.9554,7263.3237,7198.8858,7251.1114,1803766.0,2204546132.0,600519.SH,3907.9291,0.0018505972870754839,0.007954395271586812,-0.006103797984511328
2019-11-19,7255.1634,7331.7573,7238.3927,7279.4754,2062375.0,2542105913.0,600519.SH,3947.0392,0.00391167621559374,0.010007883715188237,-0.006096207499594497
2019-11-20,7266.4189,7319.939,7255.5011,7287.5231,1528053.0,1884957278.0,600519.SH,3907.8641,0.0011055329618945287,-0.00992518645368412,0.01103071941557865
2019-11-21,7272.0467,7297.4279,7216.1067,7273.735,1918739.0,2356277766.0,600519.SH,3889.598,-0.0018920145858611903,-0.004674190179745463,0.002782175593884273
2019-11-22,7227.0246,7260.7912,7013.1695,7063.8194,4705428.0,5677646465.0,600519.SH,3849.9948,-0.028859396169918172,-0.010181823417227176,-0.018677572752690996
2019-11-25,7030.3342,7063.8194,6940.3462,6996.6238,3828175.0,4518778939.0,600519.SH,3878.2061,-0.009512644108653157,0.0073276202866559,-0.016840264395309057
2019-11-26,7022.6241,7089.7071,7001.9139,7013.1695,4023961.0,4794179893.0,600519.SH,3891.6533,0.0023648120111874338,0.003467376321232729,-0.0011025643100452953
2019-11-27,7057.066,7078.5641,7010.4119,7041.0269,1984881.0,2363839726.0,600519.SH,3875.6186,0.00397215552825303,-0.004120279676506633,0.008092435204759663
2019-11-28,7069.2783,7083.5728,6923.2378,6961.394,2884499.0,3405325549.0,600519.SH,3862.3029,-0.011309841750497984,-0.0034357611969350055,-0.007874080553562979
2019-11-29,6903.428,6903.428,6607.3513,6698.0146,8239732.0,9338326554.0,600519.SH,3828.6706,-0.037834290086152245,-0.008707835939019803,-0.02912645414713244
2019-12-02,6637.2347,6760.0325,6637.2347,6720.5256,3078441.0,3479717421.0,600519.SH,3836.0589,0.003360846660441563,0.0019297298649822991,0.001431116795459264
2019-12-03,6720.5256,6720.5256,6634.6459,6636.1091,2734093.0,3066695648.0,600519.SH,3851.0873,-0.012560996717280615,0.003917666644795315,-0.01647866336207593
2019-12-04,6759.92,6786.1454,6636.1091,6660.4774,3528308.0,3980511004.0,600519.SH,3849.819,0.0036720764581763543,-0.0003293355619333749,0.004001412020109729
2019-12-05,6675.5035,6714.9541,6636.1091,6702.5168,2133879.0,2402503470.0,600519.SH,3879.3638,0.006311769783949872,0.007674334819377293,-0.001362565035427421
2019-12-06,6737.2401,6928.753,6704.2051,6928.753,3950626.0,4565643688.0,600519.SH,3902.3853,0.03375391763285096,0.005934349338414746,0.027819568294436214
2019-12-09,6956.8918,6962.5196,6850.527,6865.1592,2182412.0,2543532527.0,600519.SH,3895.4468,-0.00917824607111839,-0.0017780151027115831,-0.007400230968406807
2019-12-10,6870.2242,6900.6141,6821.8254,6897.2375,1508658.0,1749356289.0,600519.SH,3900.3843,0.004672622886880751,0.0012675054373736394,0.0034051174495071113
2019-12-11,6917.4974,6932.9738,6847.4318,6866.735,1456799.0,1689987674.0,600519.SH,3902.7492,-0.004422422745338328,0.000606324869064867,-0.005028747614403195
2019-12-12,6849.9643,6872.1377,6704.0926,6743.0367,2940916.0,3362699683.0,600519.SH,3891.0242,-0.018014136267090586,-0.003004292461324498,-0.015009843805766088
2019-12-13,6793.6866,6900.6141,6793.6866,6889.3586,3000059.0,3473927971.0,600519.SH,3968.2211,0.02169970393309595,0.01983973782532633,0.0018599661077696172
2019-12-16,6889.3586,6889.3586,6748.3268,6804.4919,3093642.0,3554133640.0,600519.SH,3987.5464,-0.012318519753057977,0.004870015937368022,-0.017188535690426
2019-12-17,6814.5093,6949.0129,6776.9721,6928.6404,4261696.0,4937041950.0,600519.SH,4041.7996,0.01824508013596149,0.013605659861412489,0.004639420274549
2019-12-18,6951.264,6958.0174,6894.9864,6917.4974,1964009.0,2295963803.0,600519.SH,4032.7826,-0.0016082520316684779,-0.002230936932152705,0.0006226849004842272
2019-12-19,6889.3586,6889.3586,6827.4532,6857.8431,1955230.0,2262598597.0,600519.SH,4027.1495,-0.008623682316093118,-0.0013968270940268868,-0.007226855222066231
2019-12-20,6884.7438,6884.7438,6768.3616,6795.3749,2356384.0,2703612358.0,600519.SH,4017.2527,-0.00910901563204325,-0.0024575198909303486,-0.0066514957411129005
2019-12-23,6754.2922,6886.5447,6737.4089,6812.2582,2591918.0,2981937538.0,600519.SH,3967.0962,0.00248452811632216,-0.012485273829052401,0.014969801945374561
2019-12-24,6833.081,6844.3365,6788.0588,6804.9421,1182310.0,1358536199.0,600519.SH,3992.9581,-0.0010739610545003053,0.006519100797202748,-0.0075930618517030535
2019-12-25,6776.8033,6776.8033,6703.6986,6724.4651,2430597.0,2755735164.0,600519.SH,3990.8671,-0.011826257860445222,-0.0005236719113080879,-0.011302585949137134
2019-12-26,6714.8979,6771.063,6647.3084,6732.3439,2287727.0,2585996501.0,600519.SH,4025.9879,0.0011716619660944172,0.00880029304909713,-0.007628631083002713
2019-12-27,6816.1977,6940.0085,6816.1977,6889.3586,4706628.0,5486452901.0,600519.SH,4022.0278,0.023322441980422326,-0.0009836343522046098,0.024306076332626936
2019-12-30,6929.8785,7072.261,6929.8785,7017.6717,4076066.0,4827682057.0,600519.SH,4081.6334,0.018624825248608756,0.014819788167550696,0.0038050370810580603
2019-12-31,7001.9139,7030.0528,6965.3897,7001.9139,2258881.0,2666705100.0,600519.SH,4096.5821,-0.0022454455941562923,0.0036624308297750208,-0.005907876423931313
2020-01-02,6692.3868,6788.3965,6624.8536,6703.6423,14809916.0,16696837095.0,600519.SH,4152.2408,-0.04259858151069229,0.013586618952418972,-0.05618520046311126
2020-01-03,6630.4814,6630.4814,6404.8079,6414.15,13031878.0,14266380596.0,600519.SH,4144.9649,-0.04318432980828957,-0.0017522827674155694,-0.041432047040874
2020-01-06,6370.8162,6494.8522,6350.7814,6410.9422,6341478.0,6853917601.0,600519.SH,4129.2954,-0.0005001130313446733,-0.0037803697686318305,0.003280256737287157
2020-01-07,6408.1846,6529.1816,6401.9941,6504.0255,4785359.0,5220697068.0,600519.SH,4160.2274,0.014519441463689997,0.00749086635942775,0.007028575104262247
2020-01-08,6450.6742,6509.4844,6436.7737,6468.064,2500825.0,2720371915.0,600519.SH,4112.3172,-0.005529114238558841,-0.011516245482157905,0.005987131243599064
2020-01-09,6501.0428,6565.143,6478.5317,6550.0043,3740587.0,4110949814.0,600519.SH,4164.3697,0.01266844298386638,0.012657705490228155,1.0737493638224294e-05
2020-01-10,6585.4592,6624.7973,6548.8788,6605.1564,3597587.0,3993457118.0,600519.SH,4163.1849,0.008420162411191034,-0.0002845088417582353,0.00870467125294927
2020-01-13,6605.1564,6699.1401,6602.3425,6671.3952,3851575.0,4325687959.0,600519.SH,4203.9883,0.010028346944214617,0.00980100595580069,0.00022734098841392658
2020-01-14,6671.0013,6674.8844,6551.6926,6576.4548,3514465.0,3916300790.0,600519.SH,4189.8862,-0.014230966260250888,-0.0033544574802931715,-0.010876508779957716
2020-01-15,6585.5155,6656.3691,6562.9482,6603.0742,2602911.0,2895603674.0,600519.SH,4166.7344,0.004047682347029902,-0.005525639335979937,0.009573321683009839
2020-01-16,6641.0053,6641.0053,6549.329,6574.2037,2319165.0,2571593141.0,600519.SH,4149.0434,-0.004372281626034091,-0.004245770980747077,-0.0001265106452870146
2020-01-17,6591.087,6606.7322,6540.4934,6577.0176,2347275.0,2599645144.0,600519.SH,4154.853,0.0004280214195371279,0.001400226375072533,-0.0009722049555354051
2020-01-20,6601.5547,6601.5547,6433.5096,6484.1595,3539130.0,3858246844.0,600519.SH,4185.8304,-0.014118572527462958,0.0074557150397378535,-0.02157428756720081
2020-01-21,6427.8818,6461.6484,6378.9202,6395.8035,3287405.0,3542441308.0,600519.SH,4114.3085,-0.01362643839961053,-0.017086669350005135,0.003460230950394605
2020-01-22,6365.9764,6444.7651,6283.6984,6396.9854,3620004.0,3875275065.0,600519.SH,4131.9311,0.0001847930443765744,0.004283247111877886,-0.0040984540675013115
2020-01-23,6399.743,6399.743,6180.2601,6269.1788,5346843.0,5638945742.0,600519.SH,4003.9013,-0.019979192073816487,-0.030985463431372318,0.01100627135755583
2020-02-03,5887.6162,6032.1373,5859.4774,5994.0936,12344288.0,12314991759.0,600519.SH,3688.3578,-0.04387898459683426,-0.07880901060173484,0.03493002600490058
2020-02-04,6056.4492,6292.8154,6033.9944,6185.9441,6262418.0,6490469043.0,600519.SH,3785.6376,0.03200659062114064,0.026374827301190784,0.005631763319949856
2020-02-05,6253.421,6275.9321,6157.9178,6253.3648,4741824.0,4956355235.0,600519.SH,3828.5272,0.010899015398474265,0.011329557800250134,-0.00043054240177586856
2020-02-06,6306.4909,6394.1152,6264.7891,6371.6041,4717121.0,5011246407.0,600519.SH,3899.7751,0.01890810847945401,0.018609741103576383,0.0002983673758776284
2020-02-07,6366.0326,6405.3707,6315.439,6399.743,3127871.0,3348894576.0,600519.SH,3899.8693,0.004416297616482545,2.415523910603845e-05,0.004392142377376507
2020-02-10,6320.9542,6391.8641,6293.941,6346.2229,3053342.0,3251908506.0,600519.SH,3916.0052,-0.008362851445753439,0.004137548917344525,-0.012500400363097963
2020-02-11,6326.582,6533.0085,6325.4564,6523.5538,4791793.0,5222918915.0,600519.SH,3952.4643,0.027942746858135026,0.009310278750396028,0.018632468107738998
2020-02-12,6472.9039,6527.9998,6455.3453,6519.4455,2812543.0,3072293973.0,600519.SH,3984.4325,-0.0006297641018917499,0.008088169196113881,-0.008717933298005631
2020-02-13,6523.5538,6612.979,6467.3324,6484.1595,3035736.0,3335277425.0,600519.SH,3959.9188,-0.0054124234952190875,-0.0061523692520829565,0.000739945756863869
2020-02-14,6481.0642,6498.2851,6439.7564,6467.2762,2328760.0,2534568401.0,600519.SH,3987.7342,-0.0026037761717613295,0.007024234941383156,-0.009628011113144486
2020-02-17,6436.3234,6513.3676,6435.7607,6500.0298,2702822.0,2946182657.0,600519.SH,4077.4241,0.005064512321276693,0.02249144388811075,-0.01742693156683406
2020-02-18,6478.588,6517.2507,6439.1373,6444.7651,2666496.0,2897729692.0,600519.SH,4057.5108,-0.008502222559041317,-0.004883794158179411,-0.003618428400861906
2020-02-19,6450.3929,6543.251,6410.9985,6515.1122,3705147.0,4052365602.0,600519.SH,4051.3107,0.010915386194603194,-0.0015280550824411376,0.012443441277044331
2020-02-20,6516.2377,6669.8757,6508.9779,6636.1091,4680262.0,5220660940.0,600519.SH,4144.6561,0.018571729278890947,0.023040790231171338,-0.00446906095228039
2020-02-21,6599.3035,6667.287,6591.1433,6607.295,2894008.0,3225337160.0,600519.SH,4149.4903,-0.004342017222109806,0.0011663693882828507,-0.005508386610392657
2020-02-24,6565.7621,6591.087,6453.2067,6462.6614,3865036.0,4221857466.0,600519.SH,4132.8388,-0.021889986749494272,-0.004012902500338367,-0.017877084249155906
2020-02-25,6410.9985,6434.0161,6354.0455,6393.0459,3838562.0,4127432130.0,600519.SH,4123.8543,-0.010771955343351292,-0.0021739294549790733,-0.008598025888372218
2020-02-26,6320.9542,6444.7651,6281.5599,6386.7991,4356097.0,4663278433.0,600519.SH,4073.0152,-0.0009771242218048481,-0.012328054364093344,0.011350930142288496
2020-02-27,6399.743,6506.6142,6399.743,6463.8432,3449829.0,3758783810.0,600519.SH,4084.8759,0.012063022304866333,0.0029120195770446777,0.009151002727821655
2020-02-28,6367.6647,6433.5096,6253.2522,6292.8154,4994657.0,5307929213.0,600519.SH,3940.0488,-0.026459150494244632,-0.0354544675396381,0.00899531704539347
2020-03-02,6254.0401,6515.3936,6253.4773,6456.0769,4766304.0,5154329159.0,600519.SH,4069.6662,0.025944110802932352,0.03289740979857925,-0.006953298995646895
2020-03-03,6523.5538,6641.0616,6523.5538,6607.9703,5025015.0,5585227657.0,600519.SH,4091.3615,0.023527198072873068,0.0053309777593060215,0.018196220313567046
2020-03-04,6675.5035,6754.2922,6626.2043,6697.5643,5379299.0,6080149243.0,600519.SH,4115.0524,0.013558474982855229,0.005790468527408166,0.007768006455447063
2020-03-05,6739.1535,6956.8355,6706.7939,6934.3807,6242645.0,7210485104.0,600519.SH,4206.7251,0.035358585508466156,0.02227740769473563,0.013081177813730527
2020-03-06,6889.3586,6962.5196,6827.3406,6847.1504,3064100.0,3553622358.0,600519.SH,4138.5072,-0.012579392994676364,-0.016216391225563953,0.0036369982308875892
2020-03-09,6731.7812,6731.7812,6598.4594,6613.6544,4340409.0,4865288500.0,600519.SH,3997.1325,-0.034101193395722706,-0.034160795950771816,5.960255504910972e-05
2020-03-10,6607.9703,6917.4974,6607.9703,6849.9643,5806293.0,6635936156.0,600519.SH,4082.7315,0.035730609086558784,0.021415101951211213,0.014315507135347572
2020-03-11,6847.1504,6926.3893,6765.5478,6864.1462,3554757.0,4124607952.0,600519.SH,4028.4289,0.0020703611550210166,-0.01330055625749571,0.015370917412516727
2020-03-12,6766.7859,6833.081,6676.0663,6751.4783,3663063.0,4172606105.0,600519.SH,3950.9111,-0.01641397148563073,-0.019242687887578214,0.002828716401947484
2020-03-13,6478.5317,6697.902,6422.254,6602.5114,7588531.0,8348496480.0,600519.SH,3895.3128,-0.02206433811688313,-0.014072273101766286,-0.007992065015116845
2020-03-16,6557.2079,6579.5501,6320.9542,6349.0931,5123254.0,5548946745.0,600519.SH,3727.8398,-0.03838210714789536,-0.04299346640403301,0.004611359256137648
2020-03-17,6281.5599,6410.9985,6034.6135,6225.845,7935912.0,8277472787.0,600519.SH,3709.6822,-0.0194119219955996,-0.004870810167325379,-0.014541111828274222
2020-03-18,6197.1434,6309.6987,6016.9986,6016.9986,7345988.0,7582762547.0,600519.SH,3636.2565,-0.03354506898260401,-0.019792989275469575,-0.013752079707134435
2020-03-19,5938.2099,6056.4492,5747.4849,5949.5217,10226507.0,10075880470.0,600519.SH,3589.0926,-0.01121437854414653,-0.012970454642019846,0.0017560760978733159
2020-03-20,6033.9382,6214.0267,6033.9382,6170.5803,6013919.0,6169094444.0,600519.SH,3653.2239,0.0371556927004737,0.017868388238297284,0.019287304462176413
2020-03-23,5972.0327,6170.5803,5924.3093,6078.9603,4847210.0,4918121944.0,600519.SH,3530.3058,-0.014847874194263366,-0.03364647318769587,0.018798598993432503
2020-03-24,6214.0267,6303.3956,6169.0045,6287.1876,4665096.0,4900364144.0,600519.SH,3625.1146,0.034253768691333786,0.026855690518368114,0.007398078172965672
2020-03-25,6467.1636,6486.1854,6389.613,6422.8168,3704866.0,4015061222.0,600519.SH,3722.5181,0.021572316372426847,0.026869081600896072,-0.005296765228469225
2020-03-26,6384.7168,6485.285,6320.9542,6337.3873,3004856.0,3231754298.0,600519.SH,3698.0472,-0.013300939861775163,-0.006573749097418702,-0.006727190764356461
2020-03-27,6450.3929,6489.7872,6394.1715,6396.9291,3626112.0,3931759353.0,600519.SH,3710.0605,0.0093953228959196,0.0032485523711001107,0.006146770524819489
2020-03-30,6311.1056,6405.3707,6292.8154,6377.2319,3068741.0,3279823025.0,600519.SH,3674.1108,-0.0030791649699541956,-0.00968978807757992,0.006610623107625724
2020-03-31,6433.5096,6619.2258,6432.384,6596.7148,4798437.0,5293170703.0,600519.SH,3686.1551,0.034416640862628745,0.003278153723616617,0.031138487139012128
2020-04-01,6630.4814,6698.0146,6551.6926,6551.6926,3320535.0,3700184247.0,600519.SH,3675.0758,-0.006824942621439289,-0.0030056521495799293,-0.00381929047185936
2020-04-02,6557.3204,6788.0588,6556.6451,6788.0588,4520561.0,5095167594.0,600519.SH,3734.5306,0.03607711997965213,0.01617784318897586,0.019899276790676268
2020-04-03,6754.4611,6804.717,6714.7853,6758.7382,2761761.0,3148421866.0,600519.SH,3713.2183,-0.004319438128614905,-0.005706821628399528,0.0013873834997846224
2020-04-07,6883.4495,6909.0558,6809.9508,6872.1939,4348800.0,5041525481.0,600519.SH,3798.0214,0.016786520892317025,0.022838167096181694,-0.006051646203864669
2020-04-08,6827.4532,6907.9865,6827.4532,6871.1247,2422442.0,2809422100.0,600519.SH,3780.3445,-0.00015558350296251966,-0.0046542391783258585,0.004498655675363339
2020-04-09,6906.2419,6923.1252,6804.717,6864.0337,2281697.0,2640230492.0,600519.SH,3792.8105,-0.0010319998995216295,0.003297583064189036,-0.004329582963710665
2020-04-10,6860.5445,6993.4723,6835.8948,6900.6141,2780434.0,3252600672.0,600519.SH,3769.1782,0.0053292861892562104,-0.006230814853523614,0.011560101042779825
2020-04-13,6900.6141,6928.6404,6807.756,6885.4192,1598147.0,1854563731.0,600519.SH,3753.2566,-0.0022019634455431314,-0.004224156873240847,0.002022193427697716
2020-04-14,6962.5196,7050.0313,6906.2419,7013.7322,3679955.0,4340858665.0,600519.SH,3825.6991,0.018635466668463607,0.019301238289969103,-0.0006657716215054954
2020-04-15,7052.5638,7120.0407,7024.9878,7039.0572,2933229.0,3501318260.0,600519.SH,3797.3623,0.0036107737332771173,-0.0074069599462226465,0.011017733679499764
2020-04-16,7058.0228,7081.2654,7008.1045,7081.2654,2172774.0,2588431844.0,600519.SH,3802.3806,0.0059962859798894375,0.0013215225737086556,0.004674763406180782
2020-04-17,7153.8636,7292.0816,7125.7811,7243.9079,3824569.0,4676618151.0,600519.SH,3839.4871,0.022967999476477763,0.009758754817968507,0.013209244658509256
2020-04-20,7215.7691,7274.8606,7192.1324,7251.224,2423864.0,2963483323.0,600519.SH,3853.4551,0.0010099659052815735,0.0036379859174420215,-0.002628020012160448
2020-04-21,7215.8816,7232.5961,7058.1916,7097.586,2922422.0,3517018487.0,600519.SH,3808.0474,-0.021187871178714124,-0.011783632823436863,-0.009404238355277261
2020-04-22,7131.3526,7376.1604,7110.0796,7348.0216,4403473.0,5430377598.0,600519.SH,3839.3834,0.0352846164879157,0.008228889167713582,0.027055727320202116
2020-04-23,7378.9743,7467.2176,7366.4244,7391.693,2689851.0,3377042463.0,600519.SH,3829.7525,0.005943286829750205,-0.0025084496640789267,0.008451736493829132
2020-04-24,7367.7187,7434.6329,7295.5708,7382.1258,1912240.0,2390444036.0,600519.SH,3796.9721,-0.0012943178240764075,-0.00855940429570845,0.007265086471632043
2020-04-27,7418.3686,7537.5084,7384.3769,7525.2962,2590391.0,3284513346.0,600519.SH,3822.769,0.019394196723117263,0.006794071518197331,0.012600125204919932
2020-04-28,7577.6907,7660.0249,7502.1098,7542.9111,3466190.0,4458549425.0,600519.SH,3849.1465,0.0023407583611128047,0.006900103040492489,-0.004559344679379684
2020-04-29,7535.4262,7593.3922,7423.9964,7519.1056,2344406.0,2976724957.0,600519.SH,3867.032,-0.0031560096207418065,0.004646614515711578,-0.007802624136453384
2020-04-30,7497.1574,7576.0024,7428.9488,7467.3302,2466087.0,3134408881.0,600519.SH,3912.5772,-0.0068858455718455724,0.01177781823372559,-0.018663663805571162
2020-05-06,7384.602,7660.3626,7378.9743,7660.3626,3583481.0,4598589768.0,600519.SH,3936.2539,0.025850256360700374,0.006051433311015542,0.019798823049684833
2020-05-07,7656.9859,7744.7228,7620.9682,7727.8958,2793474.0,3647628296.0,600519.SH,3924.8946,0.008815927329601791,-0.00288581486067252,0.011701742190274311
2020-05-08,7756.0346,7874.2177,7708.2549,7742.5842,2907868.0,3839218026.0,600519.SH,3963.6217,0.0019006985057949954,0.009867042034708451,-0.007966343528913455
2020-05-11,7772.9179,7857.3344,7737.2941,7789.8575,2367119.0,3135990964.0,600519.SH,3960.1803,0.0061056229779199445,-0.0008682463313792743,0.006973869309299219
2020-05-12,7761.6624,7857.2781,7750.4068,7846.0789,1972181.0,2621824685.0,600519.SH,3960.2378,0.007217256541599104,1.451954094111585e-05,0.007202737000657988
2020-05-13,7846.0789,7874.1614,7789.1259,7862.6808,2201431.0,2931464950.0,600519.SH,3968.2529,0.0021159486428310448,0.002023893615681338,9.20550271497067e-05
2020-05-14,7829.1956,7856.6591,7801.6758,7810.0049,1857492.0,2467976357.0,600519.SH,3925.2177,-0.006699483463706191,-0.01084487331943984,0.00414538985573365
2020-05-15,7823.5678,7848.8927,7670.9428,7733.5235,2639808.0,3469736812.0,600519.SH,3912.8159,-0.00979274673694508,-0.0031595190248938643,-0.006633227712051215
2020-05-18,7694.1292,7950.1925,7689.233,7920.4216,3436211.0,4587989708.0,600519.SH,3922.9117,0.0241672634731116,0.0025801878386355614,0.02158707563447604
2020-05-19,8020.5396,8020.5396,7874.2177,7919.8589,2478746.0,3342210487.0,600519.SH,3956.2495,-7.104419795023187e-05,0.00849822849696058,-0.008569272694910812
2020-05-20,7919.8589,7993.4138,7867.5206,7947.3786,2118340.0,2859455106.0,600519.SH,3935.222,0.0034747715012952707,-0.0053150085706170636,0.008789780071912334
2020-05-21,7969.8897,8065.3366,7957.8463,8032.3579,2305158.0,3147105462.0,600519.SH,3913.7949,0.01069274590743663,-0.0054449532961546865,0.016137699203591316
2020-05-22,8031.7951,8032.3579,7789.1259,7819.0656,3442746.0,4608696074.0,600519.SH,3824.064,-0.026554133002464897,-0.022926827361341773,-0.003627305641123124
2020-05-25,7829.1956,8035.0592,7778.5457,8014.3491,3156100.0,4260387678.0,600519.SH,3829.3245,0.024975298838776805,0.001375630742581846,0.02359966809619496
2020-05-26,8053.6309,8054.0248,7969.8897,7986.773,2247019.0,3056188321.0,600519.SH,3872.7701,-0.003440840878768281,0.011345499708891316,-0.014786340587659597
2020-05-27,7992.4008,7998.0285,7846.0789,7874.2177,2677741.0,3596654307.0,600519.SH,3845.6135,-0.0140927130394215,-0.007012190060029733,-0.007080522979391768
2020-05-28,7874.0489,7924.5299,7779.2773,7907.9843,2648591.0,3536546893.0,600519.SH,3856.6324,0.004288248215438495,0.0028653165483218945,0.0014229316671166004
2020-05-29,7841.0139,8054.1937,7841.0139,8035.1718,3044435.0,4144247222.0,600519.SH,3867.0232,0.016083428491379337,0.002694267672490591,0.013389160818888746
2020-06-01,8116.2116,8336.2573,8116.2116,8332.8806,3547976.0,4986178912.0,600519.SH,3971.3402,0.03705070749078443,0.026976047105173873,0.010074660385610557
2020-06-02,8313.2397,8380.1539,8260.6201,8283.4126,2596010.0,3679210598.0,600519.SH,3983.5677,-0.005936482517222341,0.0030789354183256012,-0.009015417935547942
2020-06-03,8307.5557,8321.6251,8199.3337,8219.1998,2355736.0,3308382799.0,600519.SH,3983.6477,-0.00775197410786943,2.008250041796167e-05,-0.007772056608287392
2020-06-04,8200.6281,8285.0446,8200.6281,8268.105,1803741.0,2534459742.0,600519.SH,3982.1851,0.005950116944474226,-0.0003671509405813733,0.0063172678850556
2020-06-05,8252.685,8385.6691,8229.2172,8363.8333,1834706.0,2597524609.0,600519.SH,4001.2509,0.01157802180789913,0.004787773426202513,0.0067902483816966175
2020-06-08,8363.8333,8420.111,8234.451,8257.4686,2930045.0,4145298455.0,600519.SH,4021.9549,-0.01271721902922196,0.005174381841438702,-0.017891600870660662
2020-06-09,8268.1613,8363.8333,8226.9661,8316.2787,2261191.0,3199849660.0,600519.SH,4047.0293,0.007122049486206983,0.0062343811960696716,0.0008876682901373112
2020-06-10,8363.8333,8410.7126,8318.8112,8356.2921,2270074.0,3234843851.0,600519.SH,4039.7051,0.0048114549119187,-0.001809771923321657,0.006621226835240357
2020-06-11,8285.1009,8324.3827,8206.1996,8225.728,3071171.0,4314846228.0,600519.SH,3995.8846,-0.015624645289745387,-0.01084745022600786,-0.004777195063737527
2020-06-12,8150.935,8315.2657,8129.2118,8315.2657,2842742.0,3992323389.0,600519.SH,4003.0829,0.010885079107891826,0.0018014283996088398,0.009083650708282986
2020-06-15,8234.3947,8288.4213,8116.2116,8127.4672,3461541.0,4819512189.0,600519.SH,3954.9883,-0.022584786436830262,-0.012014390209106107,-0.010570396227724155
2020-06-16,8214.6975,8301.9279,8184.4764,8244.9749,2920664.0,4099718932.0,600519.SH,4014.5702,0.01445809587518232,0.015065000318711386,-0.000606904443529066
2020-06-17,8289.8845,8290.1096,8195.1129,8251.278,1945307.0,2730097120.0,600519.SH,4017.5941,0.0007644777669366665,0.0007532313172651239,1.1246449671542535e-05
2020-06-18,8250.7152,8297.4257,8223.702,8296.3002,2101041.0,2956800081.0,600519.SH,4044.3842,0.005456391119048387,0.00666819477856162,-0.001211803659513233
2020-06-19,8335.6945,8477.5142,8308.1185,8447.3494,3895833.0,5603232657.0,600519.SH,4098.7095,0.018206814647329095,0.013432279752255027,0.004774534895074067
2020-06-22,8420.6738,8470.1418,8409.981,8442.6221,2324700.0,3343536637.0,600519.SH,4102.0459,-0.0005596193286380169,0.0008140123128999033,-0.0013736316415379202
2020-06-23,8420.111,8684.616,8411.7819,8642.4078,3393426.0,4963194685.0,600519.SH,4121.7944,0.023663939666327183,0.004814304978888684,0.0188496346874385
2020-06-24,8676.8778,8688.7524,8572.2014,8656.6742,2513899.0,3663537115.0,600519.SH,4138.9895,0.0016507436735395675,0.004171751021836423,-0.0025210073482968554
2020-06-29,8589.0847,8690.3845,8527.2355,8674.4579,2808061.0,4064048236.0,600519.SH,4109.7164,0.0020543339842915564,-0.007072523377988582,0.009126857362280139
2020-06-30,8674.1765,8707.1552,8629.1544,8672.8258,2244614.0,3281641199.0,600519.SH,4163.9637,-0.000188150086012695,0.013199767263746054,-0.013387917349758749
2020-07-01,8701.64,8916.0579,8679.2415,8849.4814,3868249.0,5759640251.0,600519.SH,4247.7835,0.020368862937383048,0.020129810449596164,0.00023905248778688382
2020-07-02,8876.1008,9168.1818,8853.5897,9129.3502,4588372.0,7014289615.0,600519.SH,4335.8445,0.03162544643576526,0.02073104714494045,0.010894399290824808
2020-07-03,9163.1168,9177.1862,8976.7252,9116.9129,3512581.0,5395637032.0,600519.SH,4419.5955,-0.0013623423055894035,0.019315960247190622,-0.020678302552780026
2020-07-06,9095.5836,9534.5494,9060.7478,9444.5051,5182196.0,8228068998.0,600519.SH,4670.0949,0.03593236039361547,0.056679259448064734,-0.020746899054449264
2020-07-07,9461.8949,10259.5182,9450.1329,9939.7486,6666393.0,11219852098.0,600519.SH,4698.1264,0.05243721028855175,0.006002340552008878,0.04643486973654287
2020-07-08,9894.7264,10114.2093,9782.1711,9902.2676,5316998.0,8963189092.0,600519.SH,4774.0042,-0.003770819716708118,0.016150651033995267,-0.019921470750703385
2020-07-09,9956.6319,10074.8149,9905.982,10041.0483,3503324.0,5951732803.0,600519.SH,4840.7712,0.014015042372718778,0.013985534407363831,2.950796535494682e-05
2020-07-10,9945.3763,10213.258,9945.0387,10085.2263,3710044.0,6352507468.0,600519.SH,4753.1333,0.004399739816010939,-0.018104119442786226,0.022503859258797165
2020-07-13,10089.8974,10496.8974,10089.8974,10468.7023,6072716.0,10679460274.0,600519.SH,4852.9612,0.03802353944204517,0.02100254583644845,0.017020993605596724
2020-07-14,10468.7023,10468.9274,10279.6656,10356.2033,4609351.0,8135834910.0,600519.SH,4806.6902,-0.010746222098607316,-0.009534590962730127,-0.0012116311358771892
2020-07-15,10259.8559,10472.1352,10258.8992,10302.9083,4071294.0,7176560649.0,600519.SH,4744.4687,-0.005146190979082088,-0.012944770187186094,0.007798579208104006
2020-07-16,10175.6082,10175.6082,9444.5051,9523.2939,10224219.0,16901373196.0,600519.SH,4516.2532,-0.07566935250700024,-0.04810138172057077,-0.027567970786429474
2020-07-17,9557.0605,9853.0247,9557.0605,9714.9193,6590206.0,10863420089.0,600519.SH,4544.7007,0.020121756401952462,0.0062989161015154504,0.013822840300437012
2020-07-20,9739.9629,9804.6259,9381.9244,9652.5074,4528033.0,7363822989.0,600519.SH,4680.3046,-0.006424335403383052,0.029837806480853546,-0.0362621418842366
2020-07-21,9706.9842,10023.0395,9618.9096,9827.1932,4196950.0,7026353151.0,600519.SH,4691.0425,0.01809745310322164,0.002294273753037146,0.015803179350184493
2020-07-22,9770.9156,10063.5594,9770.9156,9883.9211,3920121.0,6637265372.0,600519.SH,4714.4454,0.005772543476605385,0.004988848427615045,0.0007836950489903405
2020-07-23,9849.7043,9956.6319,9725.8934,9872.2154,3432052.0,5739050333.0,600519.SH,4712.4357,-0.0011843174264108969,-0.0004262855605453586,-0.0007580318658655383
2020-07-24,9753.1881,9815.9377,9360.0886,9418.0546,7875201.0,12705941887.0,600519.SH,4505.5906,-0.046003939500752766,-0.04389345832347369,-0.0021104811772790777
2020-07-27,9534.6057,9612.2126,9444.5051,9571.4113,3878817.0,6279664444.0,600519.SH,4528.45,0.016283267247144684,0.005073563496869715,0.011209703750274969
2020-07-28,9613.3381,9894.7264,9613.3381,9838.4488,5491152.0,9133721867.0,600519.SH,4568.2576,0.027899490642513847,0.008790557475515826,0.01910893316699802
2020-07-29,9951.0041,9951.0041,9630.2214,9849.7043,5074843.0,8411789967.0,600519.SH,4679.008,0.001144031973820736,0.024243466480524223,-0.023099434506703487
2020-07-30,9845.2021,10010.6021,9841.2627,9894.7264,3837304.0,6486855475.0,600519.SH,4656.1506,0.004570908793678274,-0.004885095302252118,0.009456004095930393
2020-07-31,9922.8653,10035.4206,9703.3824,9884.4839,4068474.0,6846747330.0,600519.SH,4695.0462,-0.0010351473690065616,0.008353595779311718,-0.00938874314831828
2020-08-03,9933.4455,9988.0348,9782.1711,9827.1932,3466114.0,5790041422.0,600519.SH,4771.3108,-0.00579602340188945,0.016243631425820748,-0.022039654827710198
2020-08-04,9866.5876,9911.5535,9782.1711,9838.3925,3194051.0,5337185768.0,600519.SH,4775.8024,0.0011396234684792894,0.000941376529066007,0.00019824693941328242
2020-08-05,9793.9331,9855.8386,9688.2437,9827.1932,2552169.0,4236612469.0,600519.SH,4777.1089,-0.0011383262052210297,0.0002735665947990462,-0.0014118928000200759
2020-08-06,9838.4488,9861.1287,9613.3381,9658.1351,3264878.0,5372942645.0,600519.SH,4762.7642,-0.01720309111252638,-0.0030027994547079384,-0.014200291657818442
2020-08-07,9696.4602,9724.0363,9436.0635,9618.9659,3424205.0,5560065753.0,600519.SH,4707.9262,-0.004055565551159046,-0.011513901947948546,0.0074583363967895
2020-08-10,9601.9138,9697.5295,9490.1463,9635.7929,2362354.0,3857721122.0,600519.SH,4724.8697,0.0017493564458941346,0.0035989306714281355,-0.0018495742255340009
2020-08-11,9669.6158,9818.3576,9669.6158,9683.7415,3581818.0,5936904876.0,600519.SH,4681.7837,0.004976092834041657,-0.009118981630329426,0.014095074464371082
2020-08-12,9630.2214,9675.2436,9474.0509,9596.1734,2793392.0,4529267493.0,600519.SH,4647.6446,-0.009042796113465035,-0.007291900307141552,-0.0017508958063234825
2020-08-13,9613.3381,9663.3127,9495.155,9641.477,2054134.0,3341652186.0,600519.SH,4635.7126,0.0047210068129865945,-0.002567321950563861,0.007288328763550456
2020-08-14,9669.053,9814.2494,9618.9659,9787.7989,3765318.0,6230475427.0,600519.SH,4704.6288,0.015176295084248892,0.01486636596065094,0.00030992912359795177
2020-08-17,9860.9598,10031.7625,9838.4488,9951.0041,4357201.0,7363610867.0,600519.SH,4815.2261,0.016674351574591517,0.0235081883612156,-0.006833836786624081
2020-08-18,9992.537,10119.8371,9956.6319,10035.4206,3042281.0,5192751797.0,600519.SH,4812.7564,0.008483214271813866,-0.0005128938805177841,0.00899610815233165
2020-08-19,10007.2818,10102.9538,9911.5535,9934.1208,2691498.0,4578143762.0,600519.SH,4740.6784,-0.010094225647104271,-0.014976448839172596,0.0048822231920683246
2020-08-20,9860.9598,9889.0987,9759.66,9804.6822,2238233.0,3727183935.0,600519.SH,4679.1544,-0.013029698612080587,-0.012977889409245602,-5.18092028349848e-05
2020-08-21,9855.3321,9996.0262,9844.0765,9872.2154,2508241.0,4217048420.0,600519.SH,4718.8431,0.006887852010134532,0.008482024016988943,-0.0015941720068544107
2020-08-24,10007.2818,10052.3039,9956.6881,9986.7404,3093344.0,5260286523.0,600519.SH,4755.8491,0.011600739586780318,0.007842176401245515,0.0037585631855348023
2020-08-25,10034.295,10270.5487,9999.5717,10159.2314,4187249.0,7227309774.0,600519.SH,4761.9507,0.01727200198375045,0.0012829675357024506,0.015989034448048
2020-08-26,10198.6258,10260.5312,10091.8108,10159.2314,2621573.0,4530374186.0,600519.SH,4706.1302,0.0,-0.011722191916014757,0.011722191916014757
2020-08-27,10187.314,10198.5132,10035.4206,10181.7425,2263553.0,3896759446.0,600519.SH,4731.3451,0.002215827075264798,0.005357884063641016,-0.0031420569883762184
2020-08-28,10181.7425,10367.4588,10128.2787,10328.0644,4229962.0,7389242302.0,600519.SH,4844.2652,0.014371007713070538,0.023866384212810843,-0.009495376499740305
2020-08-31,10404.4895,10660.1026,10404.4895,10494.0835,4781036.0,8608932570.0,600519.SH,4816.2153,0.01607456088286985,-0.005790331214732047,0.021864892097601896
2020-09-01,10525.0362,10581.3139,10429.4205,10581.2013,3163992.0,5661594315.0,600519.SH,4842.1223,0.008301611093527228,0.005379119990752912,0.002922491102774316
2020-09-02,10710.7525,10727.6358,10401.2254,10541.9195,3200929.0,5746351923.0,600519.SH,4843.887,-0.003712414014843568,0.0003644476307422817,-0.00407686164558585
2020-09-03,10541.9195,10637.5916,10455.8147,10530.664,3043735.0,5471333880.0,600519.SH,4817.0952,-0.0010676898073448404,-0.005531053882966264,0.004463364075621423
2020-09-04,10378.7143,10440.5635,10266.159,10401.2254,3085796.0,5433479408.0,600519.SH,4770.219,-0.01229158959017218,-0.009731217269693948,-0.0025603723204782325
2020-09-07,10344.9477,10446.1912,10029.624,10139.5343,3111202.0,5446354619.0,600519.SH,4669.3677,-0.025159641286112255,-0.0211418595246885,-0.004017781761423755
2020-09-08,10187.3703,10220.0113,9878.2371,10071.4383,3447238.0,5865962724.0,600519.SH,4694.3894,-0.0067158902948826205,0.005358691284903516,-0.012074581579786137
2020-09-09,10005.4246,10069.1872,9894.9515,9939.7486,2596355.0,4401806095.0,600519.SH,4584.5887,-0.01307556041921032,-0.023389772480314486,0.010314212061104167
2020-09-10,10028.3296,10119.8371,10007.2818,10039.9228,2477833.0,4236694402.0,600519.SH,4581.9775,0.01007814221780201,-0.0005695603620887724,0.010647702579890783
2020-09-11,9939.7486,10209.8813,9939.7486,10192.998,3108800.0,5339883408.0,600519.SH,4627.2826,0.015246651099747321,0.009887674044667394,0.005358977055079928
2020-09-14,10260.5312,10395.5976,10179.3788,10378.7143,3105601.0,5448188995.0,600519.SH,4651.0507,0.01821998787795298,0.005136513598715586,0.013083474279237395
2020-09-15,10401.1691,10401.1691,10276.0076,10344.9477,2082087.0,3654872009.0,600519.SH,4688.4826,-0.0032534472983806184,0.008048052454040278,-0.011301499752420896
2020-09-16,10344.9477,10372.0173,10114.2093,10148.5387,2251598.0,3916457762.0,600519.SH,4657.3584,-0.018985982887086195,-0.006638437775155714,-0.01234754511193048
2020-09-17,10007.2818,10007.2818,9770.9156,9841.3752,6367985.0,10683350187.0,600519.SH,4632.7142,-0.030266771313588126,-0.005291454486302749,-0.024975316827285376
2020-09-18,9810.3099,9979.1429,9641.5332,9979.1429,4720140.0,7853673241.0,600519.SH,4737.0887,0.013998826099019146,0.02252988107921694,-0.008531054980197794
2020-09-21,9966.5367,9966.5367,9819.652,9820.4399,2244407.0,3756765108.0,600519.SH,4691.4281,-0.01590347002646908,-0.0096389582065457,-0.00626451181992338
2020-09-22,9725.8934,9934.0082,9725.8934,9814.1931,2326547.0,3890070212.0,600519.SH,4635.7608,-0.0006361018512011096,-0.011865747233768764,0.011229645382567655
2020-09-23,9641.477,9815.994,9562.8008,9725.7809,3572552.0,5878691069.0,600519.SH,4652.3273,-0.009008606117603346,0.003573631322824067,-0.012582237440427413
2020-09-24,9646.9359,9775.868,9595.3293,9609.5112,3005078.0,4915392273.0,600519.SH,4563.0657,-0.011954793264980834,-0.01918644030053518,0.007231647035554345
2020-09-25,9613.3381,9725.8934,9585.1993,9642.096,2258296.0,3700843486.0,600519.SH,4570.0216,0.003390890475261532,0.001524391814038406,0.001866498661223126
2020-09-28,9642.5462,9830.0071,9642.5462,9787.7989,2423222.0,4019640150.0,600519.SH,4581.9085,0.015111123141690275,0.00260105991621562,0.012510063225474655
2020-09-29,9834.6782,9835.0721,9738.8373,9738.8373,1743078.0,2895081366.0,600519.SH,4591.7993,-0.005002309559098195,0.0021586637969746025,-0.007160973356072797
2020-09-30,9782.1711,9961.6968,9782.1711,9830.0071,2708781.0,4536012540.0,600519.SH,4587.3953,0.009361466589035361,-0.0009591011523520931,0.010320567741387454
2020-10-09,9962.2596,10043.412,9939.7486,9984.7707,3423988.0,5817280605.0,600519.SH,4681.1412,0.015743996766797608,0.020435539967528005,-0.004691543200730397
2020-10-12,10007.2818,10292.103,10007.2818,10292.103,4372904.0,7597987786.0,600519.SH,4823.1578,0.030780105946749403,0.03033802953860909,0.0004420764081403128
2020-10-13,10292.1593,10292.1593,10204.2536,10226.7646,2294389.0,3995560518.0,600519.SH,4839.201,-0.006348401293690742,0.003326285530197648,-0.00967468682388839
2020-10-14,10232.3924,10271.6742,10153.6037,10170.487,2048139.0,3554316589.0,600519.SH,4807.1021,-0.005502972073885504,-0.006633099141779786,0.001130127067894282
2020-10-15,10126.1965,10204.2536,10125.4648,10147.9759,1620436.0,2801250556.0,600519.SH,4798.7361,-0.0022133748364261407,-0.0017403416499099933,-0.00047303318651614745
2020-10-16,10147.9759,10201.8899,10024.1651,10074.8149,1737738.0,2991246892.0,600519.SH,4791.676,-0.007209417988468081,-0.0014712415629606346,-0.005738176425507446
2020-10-19,10147.9759,10198.5132,9961.6968,10001.654,1922632.0,3284383415.0,600519.SH,4755.4879,-0.007261761206153627,-0.007552284419898192,0.0002905232137445646
2020-10-20,10007.2255,10204.0847,9979.1429,10198.6258,2773493.0,4787807536.0,600519.SH,4793.4672,0.019693922625197757,0.007986415021684623,0.011707507603513134
2020-10-21,10199.1886,10244.4921,10136.7204,10194.8552,1890137.0,3275357440.0,600519.SH,4792.8284,-0.0003697164769002059,-0.00013326470659891232,-0.0002364517703012936
2020-10-22,10176.1147,10260.5312,10094.5684,10246.4618,2248087.0,3897729793.0,600519.SH,4777.9845,0.005062023833354523,-0.0030971065018727817,0.008159130335227305
2020-10-23,10236.7821,10275.1071,10086.0705,10093.5554,1929169.0,3339987454.0,600519.SH,4718.4881,-0.014922848782786602,-0.012452196109049796,-0.002470652673736806
2020-10-26,9551.4327,9798.6042,9444.5051,9686.4991,6601529.0,10821908227.0,600519.SH,4691.2359,-0.04032833663349178,-0.005775621220704075,-0.034552715412787705
2020-10-27,9686.4991,9692.1268,9535.2247,9585.1993,4394440.0,7156688307.0,600519.SH,4699.2792,-0.010457834038306024,0.0017145375273071028,-0.012172371565613127
2020-10-28,9590.8271,9877.8431,9585.6495,9809.2407,3463653.0,5739452181.0,600519.SH,4737.2718,0.02337368196402556,0.008084771809259594,0.015288910154765967
2020-10-29,9753.1318,10052.3039,9709.0101,9872.2154,3937376.0,6633168613.0,600519.SH,4772.9198,0.006419936254597136,0.007525006270486578,-0.0011050700158894422
2020-10-30,9883.4709,9984.7707,9810.3099,9838.5613,2605545.0,4379602068.0,600519.SH,4695.3338,-0.003408971404736505,-0.016255458555997415,0.01284648715126091
2020-11-02,9866.5876,9979.1429,9849.7043,9861.0161,2106643.0,3544422245.0,600519.SH,4720.8313,0.0022823255672554943,0.005430391338737017,-0.003148065771481523
2020-11-03,9922.809,10040.4856,9869.4015,9979.1429,2349749.0,3976621208.0,600519.SH,4777.5608,0.011979171193118754,0.012016845422966105,-3.7674229847350915e-05
2020-11-04,10007.2818,10029.7928,9922.8653,10004.9181,1644371.0,2788396253.0,600519.SH,4813.6564,0.0025829071953664684,0.007555236136398191,-0.004972328941031723
2020-11-05,10102.9538,10190.0716,10075.3777,10130.5298,2352414.0,4053043271.0,600519.SH,4885.1118,0.012554995327747731,0.014844308372321757,-0.002289313044574026
2020-11-06,10179.21,10185.0629,9951.0041,10010.771,2305153.0,3932702367.0,600519.SH,4885.7178,-0.011821573240917704,0.00012405038509055721,-0.011945623626008262
2020-11-09,10015.0481,10292.4969,10010.771,10246.8558,4146970.0,7198679683.0,600519.SH,4981.3497,0.02358307866596876,0.019573766622378308,0.004009312043590452
2020-11-10,10305.1031,10370.1601,10209.8813,10260.5312,3018944.0,5287968173.0,600519.SH,4953.8756,0.0013345947544221026,-0.005515392745865544,0.0068499875002876465
2020-11-11,10260.5312,10443.4336,10181.7425,10183.7122,3485073.0,6122365404.0,600519.SH,4904.8981,-0.007486844345836574,-0.009886703654811146,0.0023998593089745723
2020-11-12,10176.171,10288.6701,10132.6121,10203.0717,2347309.0,4071729792.0,600519.SH,4908.463,0.0019010258361387145,0.0007268040899768291,0.0011742217461618853
2020-11-13,10142.3481,10169.8116,9956.6319,10035.4206,2815548.0,4791276459.0,600519.SH,4856.8513,-0.016431434074897333,-0.010514839370287521,-0.005916594704609812
2020-11-16,10069.1872,10176.3961,9991.8617,10176.3961,3061349.0,5247897161.0,600519.SH,4904.1716,0.01404779187829952,0.00974299954375768,0.00430479233454184
2020-11-17,10232.3924,10245.6176,10013.3035,10096.2005,2522403.0,4355288047.0,600519.SH,4894.786,-0.007880550168443134,-0.0019137992642833668,-0.005966750904159768
2020-11-18,10091.6982,10122.8198,9912.5102,9971.5454,3517895.0,5973146815.0,600519.SH,4891.6716,-0.012346733803473842,-0.000636268878762114,-0.011710464924711728
2020-11-19,9920.0514,10147.9759,9898.1031,10120.9064,2781576.0,4767508753.0,600519.SH,4927.9891,0.014978721352459479,0.007424353670839157,0.007554367681620322
2020-11-20,10119.8371,10209.8813,10078.473,10119.612,2187466.0,3771894859.0,600519.SH,4943.2882,-0.00012789368351440178,0.003104532029098994,-0.003232425712613396
2020-11-23,10406.9094,10625.7733,10406.9094,10514.9625,6663724.0,11926870595.0,600519.SH,5005.0273,0.03906775279526542,0.012489480180419177,0.026578272614846243
2020-11-24,10401.1691,10471.5725,10296.9429,10364.6449,3246536.0,5736960168.0,600519.SH,4974.2855,-0.014295590688031545,-0.0061421842793943915,-0.008153406408637154
2020-11-25,10353.3894,10394.9223,10142.3481,10158.5561,2822632.0,4910540741.0,600519.SH,4910.7,-0.019883826410685757,-0.012782840872322287,-0.007100985538363469
2020-11-26,10153.6037,10232.3361,10148.9889,10200.8206,2322830.0,4027749313.0,600519.SH,4919.5912,0.004160483004075788,0.001810576903496397,0.002349906100579391
2020-11-27,10191.0846,10232.5612,10108.5815,10220.5741,2156861.0,3737697985.0,600519.SH,4980.765,0.0019364618568040726,0.012434732381828795,-0.010498270525024722
2020-11-30,10204.2536,10226.2019,10085.564,10085.564,3194007.0,5520322173.0,600519.SH,4960.2519,-0.013209639564180642,-0.004118463729969268,-0.009091175834211374
2020-12-01,10153.6037,10226.7084,10119.8934,10215.5091,2819620.0,4891829153.0,600519.SH,5067.0983,0.012884267057350351,0.021540518940177167,-0.008656251882826815
2020-12-02,10266.159,10283.0423,10181.7425,10221.1931,2357169.0,4101369306.0,600519.SH,5067.1447,0.0005564088822553881,9.15711463500557e-06,0.0005472517676203825
2020-12-03,10221.1931,10320.5232,10187.933,10283.0423,2950578.0,5147357781.0,600519.SH,5057.0603,0.006051074409307411,-0.001990154336820038,0.008041228746127449
2020-12-04,10299.9256,10570.6211,10299.9256,10531.2831,6249119.0,11176048847.0,600519.SH,5065.9163,0.02414079343036457,0.0017512150290159845,0.022389578401348587
2020-12-07,10585.2533,10797.3638,10573.1536,10639.8427,5833133.0,10617305104.0,600519.SH,5022.2351,0.010308297571071767,-0.008622566464432158,0.018930864035503925
2020-12-08,10654.4749,10992.1408,10643.2193,10851.4467,6145400.0,11333352154.0,600519.SH,5009.8786,0.019887888004209042,-0.0024603587354959933,0.022348246739705036
2020-12-09,10941.2095,10941.4909,10789.5412,10795.169,3115212.0,5766037609.0,600519.SH,4942.6986,-0.005186193284255847,-0.013409506569680207,0.00822331328542436
2020-12-10,10795.169,10850.1523,10727.6358,10755.2119,3265354.0,6009239911.0,600519.SH,4940.5249,-0.003701387166796466,-0.0004397800019607656,-0.0032616071648357003
2020-12-11,10765.7921,10780.0866,10597.1279,10682.6137,3077579.0,5595359665.0,600519.SH,4889.6292,-0.0067500483184343985,-0.010301678673859116,0.0035516303554247175
2020-12-14,10726.3414,10738.7788,10654.4749,10733.2636,3305200.0,6026813428.0,600519.SH,4934.8352,0.004741339659225963,0.009245281830368768,-0.004503942171142805
2020-12-15,10758.5885,10779.5238,10598.1972,10660.1589,2960497.0,5383582284.0,600519.SH,4945.1,-0.006811041145025065,0.002080069462096823,-0.008891110607121888
2020-12-16,10741.7052,10827.0784,10683.7955,10795.169,3215016.0,5901298275.0,600519.SH,4953.867,0.012664923784578841,0.0017728660694424914,0.01089205771513635
2020-12-17,10826.1217,10952.7465,10795.169,10938.7333,3603064.0,6683421886.0,600519.SH,5017.4784,0.013298939553424205,0.012840756524145736,0.00045818302927846943
2020-12-18,10861.6329,10958.4305,10801.247,10823.3078,2707698.0,5020968993.0,600519.SH,4999.9678,-0.010551998740110036,-0.0034899203552125613,-0.007062078384897474
2020-12-21,10795.169,10858.3688,10781.6624,10809.2384,3069672.0,5663526809.0,600519.SH,5046.8396,-0.0012999168331885302,0.009374420371267123,-0.010674337204455653
2020-12-22,10851.2778,11127.1509,10809.2947,11025.9074,4065060.0,7618583444.0,600519.SH,4964.7727,0.020044797975776074,-0.016261047805046114,0.03630584578082219
2020-12-23,11121.5232,11167.7271,10688.354,10804.4548,4770609.0,8901002262.0,600519.SH,5007.1235,-0.020084750575721344,0.008530259602821166,-0.02861501017854251
2020-12-24,10671.3582,10901.4212,10542.0321,10740.8048,3785714.0,6921989374.0,600519.SH,5000.0154,-0.005891088553584334,-0.0014195974994424265,-0.004471491054141907
2020-12-25,10586.8854,10834.5634,10570.0584,10738.8914,2308805.0,4218997634.0,600519.SH,5042.0137,-0.00017814307546115682,0.008399634129127032,-0.008577777204588188
2020-12-28,10719.7569,11069.804,10716.6617,10980.8853,3008037.0,5616528738.0,600519.SH,5064.4147,0.02253434651550723,0.004442867737546985,0.018091478777960246
2020-12-29,10980.8853,11058.5485,10879.5855,10947.1187,2286759.0,4275994834.0,600519.SH,5042.9361,-0.0030750343963613647,-0.004241082390034179,0.001166047993672814
2020-12-30,10964.002,11318.5513,10963.9457,11318.5513,3445210.0,6604461376.0,600519.SH,5113.7105,0.03392971339572659,0.014034363830229823,0.019895349565496767
2020-12-31,11363.5734,11689.8713,11352.3179,11684.3561,3886007.0,7682300728.0,600519.SH,5211.2885,0.03231904775658001,0.019081643358574762,0.013237404398005248
2021-01-04,11695.499,11723.6941,11604.4981,11678.7283,4351400.0,8686920261.0,600519.SH,5267.7181,-0.0004816525576449848,0.01082833928691529,-0.011309991844560274
2021-01-05,11639.3339,12030.1823,11596.9006,12030.1823,5211605.0,10592557370.0,600519.SH,5368.5049,0.03009351626067014,0.019132914496696296,0.010960601763973843
2021-01-06,12060.2908,12399.0824,11898.38,12258.3882,4741020.0,9882593867.0,600519.SH,5417.6677,0.018969446539475854,0.00915763344092313,0.009811813098552724
2021-01-07,12241.5049,12483.4989,12117.6941,12483.4989,3793139.0,7991178754.0,600519.SH,5513.6568,0.01836380903649326,0.01771779025871223,0.0006460187777810322
2021-01-08,12494.7544,12544.729,12050.2734,12202.1105,5386164.0,11345202869.0,600519.SH,5495.4306,-0.02254082787638967,-0.0033056464450236245,-0.019235181431366044
2021-01-11,12202.1105,12542.5904,12025.3987,12256.8687,5107990.0,10768565415.0,600519.SH,5441.1583,0.004487600731037489,-0.009875895803324264,0.014363496534361753
2021-01-12,12190.855,12601.1192,12173.9717,12601.1192,4105859.0,8800558288.0,600519.SH,5596.3525,0.028086333338954494,0.028522272546270155,-0.00043593920731566094
2021-01-13,12618.5652,12671.0723,12455.36,12618.5652,3438993.0,7418330854.0,600519.SH,5577.9711,0.0013844801976001797,-0.0032845322020012002,0.00466901239960138
2021-01-14,12573.5431,12612.9375,12349.0515,12449.7323,3615220.0,7722089684.0,600519.SH,5470.4563,-0.013379722442611763,-0.019274893697459272,0.005895171254847509
2021-01-15,12342.8047,12451.702,11858.8168,12157.0884,5950939.0,12372103227.0,600519.SH,5458.0812,-0.023506039563597647,-0.002262169610970144,-0.021243869952627503
2021-01-18,12039.243,12210.4396,11922.2417,12050.1609,3914404.0,8076715790.0,600519.SH,5518.5205,-0.008795485932305946,0.011073360359680873,-0.01986884629198682
2021-01-19,12107.0576,12237.5655,11734.1618,11748.5689,4634519.0,9479278513.0,600519.SH,5437.5234,-0.02502804755080079,-0.014677321575592539,-0.010350725975208253
2021-01-20,11740.6337,12007.8963,11597.1257,11924.2677,4508242.0,9126453277.0,600519.SH,5476.4336,0.014954910806200372,0.007155868055666703,0.007799042750533669
2021-01-21,11965.7444,12202.2231,11926.35,12089.5552,3831017.0,7953455967.0,600519.SH,5564.9693,0.013861438216453248,0.016166670951693662,-0.0023052327352404145
2021-01-22,12083.9275,12258.3882,12033.8403,12145.5515,2924761.0,6090260364.0,600519.SH,5569.776,0.004631791581546363,0.0008637424109418923,0.0037680491706044705
2021-01-25,12162.7162,12705.7956,12162.7162,12680.4707,5595716.0,12029474558.0,600519.SH,5625.9232,0.0440423969220336,0.010080692652630896,0.033961704269402704
2021-01-26,12736.7483,12748.0039,12399.7014,12494.1353,3174746.0,6820173362.0,600519.SH,5512.9678,-0.014694675332517448,-0.02007766476442474,0.005382989431907292
2021-01-27,12494.1353,12494.1353,12173.9717,12196.4828,3712017.0,7809446387.0,600519.SH,5528.0034,-0.02382337735689477,0.002727315040729872,-0.026550692397624642
2021-01-28,12145.8329,12312.7524,12033.3901,12190.855,3512864.0,7337084455.0,600519.SH,5377.1427,-0.0004614281094218464,-0.027290269032757664,0.026828840923335817
2021-01-29,12265.0853,12536.8501,12203.3487,12349.4455,3370133.0,7166179277.0,600519.SH,5351.9646,0.01300897270946133,-0.00468243106138877,0.0176914037708501
2021-02-01,12427.2212,12596.0542,12230.2494,12310.839,2934059.0,6219639111.0,600519.SH,5417.6484,-0.0031261727500234704,0.012272839024383586,-0.015399011774407056
2021-02-02,12327.1595,12539.7202,12270.2065,12511.6377,3458225.0,7372233582.0,600519.SH,5501.0915,0.016310724232523777,0.015402088478093212,0.0009086357544305645
2021-02-03,12539.7765,12811.4288,12483.4989,12764.3807,3871415.0,8384049314.0,600519.SH,5485.2008,0.02020063288757168,-0.002888644917104277,0.023089277804675956
2021-02-04,12770.5149,13552.7744,12770.5149,13501.2804,6385101.0,14596930188.0,600519.SH,5473.9475,0.05773094028760828,-0.002051574848453974,0.05978251513606225
2021-02-05,13524.6356,13747.4951,13333.2915,13457.1024,3972906.0,9253566205.0,600519.SH,5483.414,-0.003272134100703483,0.0017293735462386994,-0.005001507646942183
2021-02-08,13592.1688,13827.8596,13457.1024,13771.1317,3578573.0,8420758625.0,600519.SH,5564.5618,0.02333558077108777,0.01479877317306344,0.008536807598024332
2021-02-09,13771.1317,14264.2929,13665.3297,14264.2929,3329655.0,7972930045.0,600519.SH,5686.2502,0.03581123256558505,0.021868460513817967,0.013942772051767083
2021-02-10,14425.0782,15079.0246,14425.0782,15077.899,6137057.0,15675929714.0,600519.SH,5807.7191,0.057037955242772664,0.021361863394614655,0.03567609184815801
2021-02-18,15004.6255,15229.1734,14312.5229,14346.2894,6591232.0,16704135269.0,600519.SH,5768.3814,-0.04852198572228128,-0.00677334756083503,-0.04174863816144625
2021-02-19,14234.6346,14490.6979,13843.1672,14284.384,5938546.0,14525164525.0,600519.SH,5778.842,-0.004315080943508631,0.0018134376482108472,-0.0061285185917194784
2021-02-22,14256.2452,14256.2452,13261.3687,13316.5208,7893547.0,18498777223.0,600519.SH,5597.3327,-0.06775673350702416,-0.03140928580501068,-0.03634744770201348
2021-02-23,13187.7575,13636.5719,13186.9696,13423.3358,5745460.0,13316110795.0,600519.SH,5579.6681,0.008021239301484906,-0.0031558960216890863,0.011177135323173992
2021-02-24,13428.9073,13485.2412,12598.8681,12759.2594,8211578.0,18195034445.0,600519.SH,5437.5683,-0.04947178629026028,-0.02546742878846142,-0.024004357501798856
2021-02-25,12871.8147,12959.0451,12377.7531,12539.7765,5972643.0,12982145755.0,600519.SH,5469.5584,-0.01720185264044405,0.005883162883673521,-0.02308501552411757
2021-02-26,12258.3882,12708.3281,12074.3603,12386.5887,6652506.0,14097015494.0,600519.SH,5336.7609,-0.012216150742399567,-0.024279382408641914,0.012063231666242347
2021-03-01,12702.9817,12702.9817,12370.9435,12584.7986,4491626.0,9686945529.0,600519.SH,5418.7837,0.016001976395648043,0.015369397568476328,0.0006325788271717148
2021-03-02,12708.6095,12708.6095,11881.3279,12022.022,7076450.0,14796698646.0,600519.SH,5349.6301,-0.0447187609343227,-0.012761830666907725,-0.031956930267414974
2021-03-03,11920.7222,12538.4821,11881.3279,12483.4989,5421546.0,11366685429.0,600519.SH,5452.2125,0.03838596369229741,0.019175606178827076,0.019210357513470333
2021-03-04,12230.2494,12235.8771,11752.452,11881.3279,6508829.0,13297304316.0,600519.SH,5280.7058,-0.04823735755686254,-0.0314563491426646,-0.01678100841419794
2021-03-05,11695.6116,12230.2494,11628.0784,12033.8966,6377920.0,13100315985.0,600519.SH,5262.7958,0.012841047842808928,-0.003391592086042672,0.0162326399288516
2021-03-08,12117.4689,12173.9717,11470.501,11470.501,6309959.0,12724245990.0,600519.SH,5080.0246,-0.04681738747863262,-0.03472891728005101,-0.012088470198581613
2021-03-09,11442.3621,11695.6116,11133.848,11341.0061,8226581.0,16100769579.0,600519.SH,4970.9994,-0.011289384831577931,-0.021461549615330644,0.010172164783752713
2021-03-10,11566.173,11694.88,11509.8953,11526.8349,5117174.0,10136910284.0,600519.SH,5003.6121,0.01638556565100502,0.006560592222159656,0.009824973428845363
2021-03-11,11554.9174,12145.7766,11478.83,11965.7444,5676897.0,11521736384.0,600519.SH,5128.2156,0.038077191510741626,0.02490270978439768,0.013174481726343945
2021-03-12,12089.5552,12128.9496,11706.9234,11841.9335,4032251.0,8181594631.0,600519.SH,5146.3786,-0.010347112211422482,0.0035417777676896023,-0.013888889979112085
2021-03-15,11976.9999,12088.4297,11420.6952,11557.4499,6248487.0,12459955712.0,600519.SH,5035.5441,-0.024023408001742297,-0.02153640620221764,-0.0024870017995246574
2021-03-16,11554.5235,11808.1106,11498.6398,11754.7031,3464850.0,6918600717.0,600519.SH,5079.3624,0.01706719057462669,0.008701800466805576,0.008365390107821113
2021-03-17,11695.6116,11976.9999,11560.6015,11866.4706,3137491.0,6352656523.0,600519.SH,5100.8581,0.00950832182226713,0.004231968169863265,0.0052763536524038646
2021-03-18,11892.5834,12181.6255,11892.5834,12087.8669,3386488.0,6997030294.0,600519.SH,5141.7681,0.018657299837746333,0.00802021918625817,0.010637080651488162
2021-03-19,11892.5834,11937.6055,11651.8839,11751.8893,3578077.0,7211521835.0,600519.SH,5007.0907,-0.027794614449303756,-0.02619281876987034,-0.0016017956794334154
2021-03-22,11696.1744,11842.44,11445.4574,11639.2777,3691407.0,7323391311.0,600519.SH,5057.152,-0.009582425185029608,0.009998081320955476,-0.019580506505985085
2021-03-23,11689.3085,11745.1359,11526.7786,11673.1005,2744619.0,5459520703.0,600519.SH,5009.2459,0.002905919153385339,-0.00947294050089853,0.01237885965428387
2021-03-24,11588.684,11768.7726,11588.684,11633.7062,2935739.0,5857848160.0,600519.SH,4928.6853,-0.0033747931836961564,-0.016082380783103423,0.012707587599407266
2021-03-25,11526.8349,11633.0308,11396.2144,11532.4064,3157523.0,6216733244.0,600519.SH,4926.3469,-0.00870744011052993,-0.0004744470092258313,-0.008232993101304098
2021-03-26,11611.1951,11819.4225,11459.2454,11768.7726,5001642.0,9987629444.0,600519.SH,5037.9899,0.02049582643913772,0.022662431669194794,-0.0021666052300570726
2021-03-29,11938.7311,12237.8469,11842.7777,11887.5184,5699220.0,11740129413.0,600519.SH,5046.8773,0.010089905212375294,0.0017640765814159742,0.00832582863095932
2021-03-30,11920.7222,12179.5995,11893.0336,12011.0479,3262697.0,6717493350.0,600519.SH,5094.7291,0.010391529656854193,0.009481466886464451,0.0009100627703897413
2021-03-31,11949.4238,11954.6014,11695.6116,11746.2615,3715441.0,7489086233.0,600519.SH,5048.3607,-0.022045237201992918,-0.00910124936770429,-0.012943987834288628
2021-04-01,11813.7947,11958.9911,11702.4775,11946.0472,2658763.0,5379775870.0,600519.SH,5110.7768,0.017008449879989396,0.012363637170378805,0.004644812709610591
2021-04-02,12010.7665,12624.193,12010.7665,12607.3097,5202757.0,10981752658.0,600519.SH,5161.5569,0.05535408398520292,0.009935886849920639,0.04541819713528228
2021-04-06,12601.6819,12607.1972,12271.3321,12404.879,3274177.0,6967525037.0,600519.SH,5140.3418,-0.01605661356918986,-0.004110213335050017,-0.011946400234139842
2021-04-07,12281.2369,12355.7486,11976.9999,12038.9053,4020097.0,8317799925.0,600519.SH,5103.7428,-0.029502399821876524,-0.007119954552438523,-0.022382445269438
2021-04-08,11960.2854,12140.2051,11943.2333,12089.5552,2854762.0,5893307514.0,600519.SH,5112.2086,0.004207184850934853,0.0016587434617589825,0.0025484413891758706
2021-04-09,11931.9778,11999.511,11723.8067,11808.1669,2880886.0,5832453812.0,600519.SH,5035.3374,-0.02327532281750122,-0.015036788600527706,-0.008238534216973514
2021-04-12,11757.517,11864.4446,11648.9011,11745.6424,3194307.0,6409917318.0,600519.SH,4947.7459,-0.00529502170231011,-0.01739535865064379,0.012100336948333679
2021-04-13,11808.1669,11975.8743,11746.2615,11813.7947,2899215.0,5883787293.0,600519.SH,4939.6438,0.005802347600843083,-0.001637533568569105,0.007439881169412188
2021-04-14,11892.5834,11965.7444,11785.6559,11960.1166,2411465.0,4908790023.0,600519.SH,4980.6279,0.012385681630306289,0.008296974773768229,0.00408870685653806
2021-04-15,11869.5096,11959.5538,11639.3339,11783.4047,3436621.0,6903769490.0,600519.SH,4948.9741,-0.01477509843006053,-0.006355383424648142,-0.008419715005412387
2021-04-16,11836.756,12078.2997,11763.1448,12005.0262,3029370.0,6183895054.0,600519.SH,4966.1811,0.018807934178820318,0.003476882208779175,0.015331051970041143
2021-04-19,12005.1387,12249.1587,11881.3279,12190.855,3175391.0,6610577917.0,600519.SH,5087.0165,0.01547924984953375,0.024331653954383636,-0.008852404104849887
2021-04-20,12095.7458,12421.5934,12089.5552,12229.1238,2829037.0,5949669953.0,600519.SH,5083.3654,0.003139139953678427,-0.0007177291443816181,0.003856869098060045
2021-04-21,12123.3218,12246.0071,12061.9792,12145.8329,2614975.0,5446145952.0,600519.SH,5098.7449,-0.006810864078422352,0.0030254563246623345,-0.009836320403084686
2021-04-22,12201.5478,12252.7604,11985.4416,12007.9526,2685002.0,5539295656.0,600519.SH,5089.2435,-0.011352066271222871,-0.0018634782061758282,-0.009488588065047043
2021-04-23,12010.5977,12370.2682,11991.0693,12308.7004,3346277.0,7002695288.0,600519.SH,5135.4534,0.025045718451619958,0.009079915315508336,0.015965803136111623
2021-04-26,12438.4767,12455.36,12109.8152,12133.5644,3404511.0,7160836874.0,600519.SH,5077.2372,-0.014228634568114185,-0.011336136357502635,-0.0028924982106115493
2021-04-27,12185.6775,12231.6563,12061.9229,12227.0978,2210785.0,4607779002.0,600519.SH,5090.5195,0.00770864990010689,0.0026160487439903513,0.0050926011561165385
2021-04-28,11751.8893,11962.9305,11712.4949,11931.9778,8134295.0,16463574637.0,600519.SH,5119.2421,-0.02413655348368926,0.00564237107823673,-0.02977892456192599
2021-04-29,11960.3417,11976.6622,11774.4003,11843.9595,4128378.0,8370431228.0,600519.SH,5164.1692,-0.007376673127903355,0.008776123324974128,-0.016152796452877483
2021-04-30,11841.9335,11898.2112,11716.4906,11733.7679,3840137.0,7723747038.0,600519.SH,5123.489,-0.009303611684926882,-0.007877394876992128,-0.0014262168079347548
2021-05-06,11695.6116,11734.1055,11431.1066,11464.8732,5354614.0,10584968907.0,600519.SH,5061.1244,-0.02291631318188936,-0.012172291186728357,-0.010744021995161002
2021-05-07,11498.6398,11515.4105,11138.4627,11149.7183,5249339.0,10101703446.0,600519.SH,4996.0527,-0.027488738383953493,-0.012857162728503457,-0.014631575655450035
2021-05-10,11132.835,11183.4849,10941.5472,11014.8207,4600318.0,8677753608.0,600519.SH,4992.422,-0.01209874513152498,-0.0007267137114067568,-0.011372031420118223
2021-05-11,10997.7686,11504.2675,10982.5736,11464.8732,4249412.0,8209251914.0,600519.SH,5023.0595,0.04085881307173711,0.006136800935498066,0.034722012136239044
2021-05-12,11409.0457,11689.9838,11408.5955,11605.5673,3269887.0,6473203286.0,600519.SH,5044.5481,0.012271753690219711,0.004277990336367665,0.007993763353852046
2021-05-13,11502.8606,11611.4765,11431.1066,11535.2203,2507751.0,4934954969.0,600519.SH,4992.9738,-0.006061487403549837,-0.010223770093499618,0.004162282689949781
2021-05-14,11594.3118,11867.2585,11560.5452,11751.0451,3561129.0,7150302044.0,600519.SH,5110.5901,0.018710071796374628,0.023556362342618486,-0.004846290546243859
2021-05-17,11836.8685,12175.0973,11836.8685,12021.7969,4452400.0,9178509985.0,600519.SH,5184.9853,0.02304065703909175,0.014557066511751815,0.008483590527339935
2021-05-18,12061.4164,12128.9496,11949.1987,12029.3944,1750428.0,3595891742.0,600519.SH,5187.6013,0.0006319770715808026,0.0005045337351294865,0.00012744333645131611
2021-05-19,12027.6498,12116.6248,11920.7222,11971.3721,2240972.0,4606452358.0,600519.SH,5172.272,-0.004823376644795929,-0.00295498807897987,-0.0018683885658160593
2021-05-20,12112.0663,12112.6291,11950.8871,12026.9745,2185716.0,4500663211.0,600519.SH,5186.412,0.0046446137949383015,0.002733808276131011,0.0019108055188072903
2021-05-21,12005.589,12145.1576,11903.9515,11932.5406,2424823.0,4976601458.0,600519.SH,5134.1483,-0.007851841707987361,-0.010077043628620386,0.0022252019206330242
2021-05-24,11982.6277,12146.1706,11870.0723,12096.815,3254808.0,6705879397.0,600519.SH,5155.5875,0.013766925712366707,0.0041758045828166335,0.009591121129550073
2021-05-25,12173.9717,12821.7276,12173.9717,12790.2121,6775695.0,14636718750.0,600519.SH,5318.478,0.05732063357172934,0.03159494432011889,0.02572568925161045
2021-05-26,12866.0744,13056.4054,12782.2207,12933.7201,3860420.0,8558038174.0,600519.SH,5320.5927,0.011220142314918968,0.0003976137534085211,0.010822528561510447
2021-05-27,12883.1828,13496.4968,12827.3554,13074.4143,4537338.0,10240368980.0,600519.SH,5338.2329,0.01087809222035041,0.0033154576932754587,0.007562634527074952
2021-05-28,13051.7344,13102.5531,12852.1738,12989.9978,2580731.0,5741331986.0,600519.SH,5321.0886,-0.006456618098754974,-0.0032116058480700094,-0.0032450122506849644
2021-05-31,12908.3952,12924.4343,12663.5874,12922.4646,3173900.0,6960864260.0,600519.SH,5331.5696,-0.0051988615425323514,0.0019697097319522072,-0.007168571274484559
2021-06-01,12944.9757,13096.644,12854.9314,13051.6218,3061634.0,6832594466.0,600519.SH,5341.6798,0.009994780716985119,0.0018962896029717236,0.008098491114013395
2021-06-02,13102.5531,13181.3419,12867.2,12944.9757,2286277.0,5088908384.0,600519.SH,5289.9736,-0.00817109947209782,-0.009679764032280547,0.0015086645601827264
2021-06-03,12933.7201,13160.7442,12877.8927,12946.2138,2345031.0,5242453019.0,600519.SH,5255.2855,9.564328498501418e-05,-0.006557329511058474,0.006652972796043488
2021-06-04,12905.5813,13316.4082,12900.1787,13110.9948,3142219.0,7058715115.0,600519.SH,5282.2772,0.01272812287404057,0.005136105355265652,0.007592017518774918
2021-06-07,13186.9696,13265.7584,13046.3317,13220.7362,2546627.0,5756592694.0,600519.SH,5277.6271,0.00837018103309739,-0.0008803210857621924,0.009250502118859583
2021-06-08,13158.8308,13271.3298,12602.5261,12770.5149,4731363.0,10479943156.0,600519.SH,5232.1165,-0.03405417770910513,-0.008623307243514677,-0.02543087046559045
2021-06-09,12776.1427,12899.9536,12596.6732,12818.3509,2550235.0,5591378817.0,600519.SH,5236.4493,0.0037458160751215885,0.0008281161170626827,0.002917699958058906
2021-06-10,12793.026,13110.2632,12765.3374,13037.7213,2556663.0,5707338424.0,600519.SH,5271.4661,0.01711377709280848,0.006687126713897484,0.010426650378910995
2021-06-11,13040.6477,13068.7865,12701.9125,12701.9125,3397066.0,7513797036.0,600519.SH,5224.703,-0.025756709494932917,-0.008870985625801353,-0.016885723869131564
2021-06-15,12793.5888,12871.1394,12528.521,12781.7705,2936130.0,6412821567.0,600519.SH,5166.5597,0.00628708472050965,-0.011128536875684714,0.017415621596194364
2021-06-16,12776.1427,12793.026,12528.521,12584.7986,2759315.0,5978924528.0,600519.SH,5080.4909,-0.015410376833162598,-0.016658822310714805,0.001248445477552207
2021-06-17,12571.5734,12753.6316,12508.0359,12578.6644,2106753.0,4558702643.0,600519.SH,5101.8924,-0.0004874293339903746,0.004212486631951284,-0.004699915965941659
2021-06-18,12522.8932,12576.357,12061.4164,12207.4006,5402821.0,11329180836.0,600519.SH,5102.4657,-0.029515359357230264,0.00011237006880038258,-0.029627729426030647
2021-06-21,12173.9717,12256.6436,11976.9999,12155.0624,3548826.0,7367986471.0,600519.SH,5090.3854,-0.004287415619013912,-0.002367541637761428,-0.0019198739812524845
2021-06-22,12213.3661,12247.1327,11998.8919,12117.5252,3322818.0,6900830616.0,600519.SH,5122.1583,-0.0030881947590825076,0.0062417474323259725,-0.00932994219140848
2021-06-23,12145.8329,12162.7162,11887.7998,11909.4667,3707901.0,7596735684.0,600519.SH,5147.3938,-0.017170048880938094,0.004926731764615555,-0.02209678064555365
2021-06-24,11920.7785,12145.8329,11813.7947,12078.5811,3147370.0,6452557073.0,600519.SH,5155.9738,0.014199997721140445,0.0016668629472258445,0.0125331347739146
2021-06-25,12085.3513,12417.6146,12043.9309,12321.9426,3587543.0,7459680452.0,600519.SH,5239.9684,0.020148186114344213,0.0162907344486507,0.003857451665693512
2021-06-28,12366.9647,12468.2645,12215.015,12383.9043,2745242.0,5750241214.0,600519.SH,5251.7604,0.005028565869151125,0.0022503952504753233,0.0027781706186758015
2021-06-29,12411.9868,12451.3812,12091.2042,12153.1096,3303063.0,6835635172.0,600519.SH,5190.5445,-0.01863666695163335,-0.011656262917097315,-0.006980404034536036
2021-06-30,12169.9929,12220.6428,12064.7537,12123.2824,2191566.0,4511484217.0,600519.SH,5224.041,-0.0024542854447721085,0.00645336919854933,-0.008907654643321439
2021-07-01,12141.6852,12423.2424,11982.0255,12395.1035,3370124.0,6970730878.0,600519.SH,5229.6642,0.02242141121780672,0.001076408090977754,0.021345003126828965
2021-07-02,12226.2705,12226.2705,11868.9074,11877.349,4627531.0,9388640194.0,600519.SH,5081.1172,-0.041770889609755946,-0.028404691834707174,-0.013366197775048771
2021-07-05,11804.1881,11916.0681,11719.7716,11770.4215,3442095.0,6872797768.0,600519.SH,5085.7924,-0.009002640235628356,0.0009201126083060451,-0.009922752843934401
2021-07-06,11776.0493,11882.9768,11579.1337,11876.7863,3528251.0,7015883091.0,600519.SH,5083.1043,0.009036617762583798,-0.0005285508704603314,0.00956516863304413
2021-07-07,11860.4657,11966.718,11798.6166,11826.6992,2812212.0,5658210730.0,600519.SH,5140.4899,-0.004217226675199193,0.011289479147614578,-0.015506705822813771
2021-07-08,11804.7509,11826.6992,11624.0996,11719.7716,3551669.0,7027713780.0,600519.SH,5088.2566,-0.009041203990374558,-0.010161152150109265,0.0011199481597347072
2021-07-09,11604.5149,11724.8929,11494.661,11647.2297,3090790.0,6072340993.0,600519.SH,5069.4361,-0.0061897025365238445,-0.003698811101625621,-0.0024908914348982236
2021-07-12,11666.5892,11797.3222,11469.336,11584.7052,3901024.0,7658786228.0,600519.SH,5132.7088,-0.005368186393713836,0.012481210681401178,-0.017849397075115014
2021-07-13,11624.0996,11835.1408,11607.2163,11707.9533,2992471.0,5946287259.0,600519.SH,5142.0991,0.010638863732155945,0.0018295018022451703,0.008809361929910775
2021-07-14,11657.8662,11660.6801,11494.661,11590.333,3077069.0,6011814880.0,600519.SH,5083.0849,-0.010046188004524947,-0.01147667496334337,0.0014304869588184221
2021-07-15,11551.0512,11877.349,11526.1764,11792.8763,4219005.0,8391506229.0,600519.SH,5151.4626,0.017475192472899526,0.013452008247983427,0.004023184224916099
2021-07-16,11691.6328,11785.0537,11522.7998,11556.0036,3540764.0,6958296859.0,600519.SH,5094.7727,-0.020086083663914955,-0.011004622260093577,-0.009081461403821378
2021-07-19,11555.9473,11725.3994,11472.1499,11663.4939,3005234.0,5900348210.0,600519.SH,5113.4945,0.009301684537377675,0.0036747076076621976,0.005626976929715477
2021-07-20,11663.4939,11741.8887,11587.0126,11691.6328,2347521.0,4639300956.0,600519.SH,5108.9941,0.0024125618139174687,-0.0008801026382251331,0.003292664452142602
2021-07-21,11742.2827,11837.9547,11590.3893,11629.7273,2978013.0,5902656221.0,600519.SH,5144.0428,-0.005294854966707341,0.006860195826023707,-0.012155050792731048
2021-07-22,11579.0774,11657.3034,11460.6692,11466.5784,3909047.0,7619076855.0,600519.SH,5151.7517,-0.01402860925208449,0.0014986072821943086,-0.015527216534278798
2021-07-23,11454.2536,11454.2536,11213.7791,11241.4115,4758547.0,9057761876.0,600519.SH,5089.2282,-0.019636799413502493,-0.012136357425766464,-0.0075004419877360284
2021-07-26,11123.2284,11123.2284,10566.0795,10701.765,9861948.0,17894360803.0,600519.SH,4925.299,-0.048005226034115056,-0.03221101384292413,-0.015794212191190926
2021-07-27,10695.5182,10734.9125,10132.7415,10188.4002,8657699.0,15230805685.0,600519.SH,4751.313,-0.047970105865714596,-0.03532496199723101,-0.012645143868483588
2021-07-28,10132.7415,10612.2272,10015.2338,10503.6113,8536884.0,14792470948.0,600519.SH,4760.4826,0.030938233070193055,0.001929908637886113,0.029008324432306942
2021-07-29,10734.9688,10808.0735,10309.1157,10396.0647,6386385.0,11299569857.0,600519.SH,4850.2746,-0.010239011795876274,0.018861953197770287,-0.02910096499364656
2021-07-30,10256.5524,10256.5524,9878.1414,9997.6189,7773589.0,13109725032.0,600519.SH,4811.1695,-0.03832659871768607,-0.008062450732170823,-0.030264147985515244
2021-08-02,9913.2587,10430.9006,9669.6889,10425.3854,9740065.0,16515259089.0,600519.SH,4933.736,0.042786837973989966,0.025475406759208896,0.01731143121478107
2021-08-03,10284.6912,10504.1178,10052.8273,10393.3071,5437475.0,9447823227.0,600519.SH,4934.4583,-0.0030769414049670596,0.00014640021273937265,-0.0032233416177064322
2021-08-04,10307.54,10453.5242,10217.158,10250.9246,3817549.0,6614683378.0,600519.SH,4978.8479,-0.013699441249070743,0.008995840536335953,-0.022695281785406696
2021-08-05,10075.7885,10369.1077,9982.8179,10110.2305,4805969.0,8177369851.0,600519.SH,4948.6703,-0.013725015595178691,-0.006061161257808201,-0.00766385433737049
2021-08-06,10053.9528,10082.1479,9815.3355,9952.653,4568610.0,7616109615.0,600519.SH,4921.5647,-0.015585945345163,-0.005477350147978122,-0.010108595197184878
2021-08-09,9840.0977,10166.5081,9834.4699,10080.9661,4769775.0,8028155490.0,600519.SH,4985.5627,0.012892351416250447,0.013003588066210048,-0.0001112366499596007
2021-08-10,10115.8582,10694.8428,9975.1641,10673.0071,8328505.0,14549496463.0,600519.SH,5043.148,0.058728597450595554,0.011550411350758738,0.047178186099836816
2021-08-11,10566.1358,10594.2746,10397.3028,10400.0604,3866259.0,6821292779.0,600519.SH,5015.3406,-0.025573551806219674,-0.00551389727210061,-0.020059654534119065
2021-08-12,10295.9468,10391.6188,10038.1388,10059.5806,4755097.0,8130692626.0,600519.SH,4973.3509,-0.03273825217399706,-0.008372252923360746,-0.024365999250636317
2021-08-13,10059.5806,10189.0192,9997.6752,10116.0834,3790452.0,6418412544.0,600519.SH,4945.9829,0.005616814681121074,-0.0055029296243706005,0.011119744305491674
2021-08-16,10093.3472,10192.3959,10031.892,10111.356,2805697.0,4773049794.0,600519.SH,4941.0676,-0.00046731524574028516,-0.0009937963999026023,0.0005264811541623171
2021-08-17,10115.8582,10115.8582,9715.6115,9750.0534,6120077.0,10140291982.0,600519.SH,4837.4034,-0.03573235874594849,-0.0209801217858262,-0.01475223696012229
2021-08-18,9691.8623,9795.0193,9553.0816,9665.637,5997026.0,9701556273.0,600519.SH,4894.2384,-0.008658044888246508,0.011749071826426594,-0.0204071167146731
2021-08-19,9678.1306,9796.2011,9553.0816,9665.4681,4129195.0,6682355678.0,600519.SH,4862.1394,-1.7474275104789605e-05,-0.006558528084778303,0.006541053809673514
2021-08-20,9300.7889,9539.2936,9133.8131,9260.4378,11454454.0,17825198286.0,600519.SH,4769.2678,-0.04190488197876319,-0.019100974357090683,-0.022803907621672503
2021-08-23,9203.4848,9547.4539,9197.238,9385.3179,7159720.0,11218832883.0,600519.SH,4835.8782,0.013485334354278677,0.013966588330393215,-0.00048125397611453735
2021-08-24,9412.3875,9792.5431,9360.4432,9694.7888,7259447.0,11703813764.0,600519.SH,4888.3902,0.03297393900743639,0.01085883428577672,0.022115104721659673
2021-08-25,9821.1884,10008.1991,9795.0756,9918.999,5423890.0,9037626406.0,600519.SH,4898.1572,0.023126878225547376,0.001997999259551797,0.02112887896599558
2021-08-26,9918.8302,9918.8302,9523.367,9524.9428,5402037.0,8722233201.0,600519.SH,4801.6094,-0.03972741604268726,-0.019711045615277367,-0.02001637042740989
2021-08-27,9491.1762,9693.7758,9463.6001,9530.7394,3609545.0,5791426192.0,600519.SH,4827.0433,0.0006085705837519662,0.005296953142419181,-0.0046883825586672145
2021-08-30,9581.2205,9626.2426,9248.9009,9474.2929,5158770.0,8098190333.0,600519.SH,4813.2703,-0.00592257301673782,-0.0028532994514468557,-0.003069273565290964
2021-08-31,9495.6784,9645.0956,9300.3949,9316.7155,4367709.0,6888080927.0,600519.SH,4805.6099,-0.016632101378246444,-0.0015915166866901087,-0.015040584691556336
2021-09-01,9322.3432,9749.9972,9165.3285,9676.9488,7731610.0,12370243405.0,600519.SH,4869.4587,0.03866526781890034,0.013286305240880925,0.025378962578019415
2021-09-02,9738.7416,9795.0756,9558.0903,9658.8836,4283679.0,6939707277.0,600519.SH,4869.4113,-0.0018668281059832648,-9.734141497186322e-06,-0.0018570939644860784
2021-09-03,9609.4718,9889.5658,9451.7818,9880.7302,5283518.0,8631165696.0,600519.SH,4843.0624,0.022968140955751837,-0.005411105855855691,0.028379246811607528
2021-09-06,9828.8422,10161.7808,9700.2477,9950.7959,5533806.0,9306030671.0,600519.SH,4933.7262,0.007091145955994138,0.018720345209675582,-0.011629199253681444
2021-09-07,9896.5442,10028.5153,9840.0977,9941.3975,3121122.0,5204051657.0,600519.SH,4992.8294,-0.0009444872645815172,0.011979424395297755,-0.012923911659879272
2021-09-08,9890.7476,9953.666,9711.1093,9739.3607,3306367.0,5428265636.0,600519.SH,4972.1324,-0.02032277655128467,-0.004145344922059424,-0.016177431629225247
2021-09-09,9699.4036,9806.3311,9688.2043,9744.8759,1995013.0,3257785762.0,600519.SH,4970.0133,0.0005662794684253569,-0.0004261954086340891,0.000992474877059446
2021-09-10,9744.8759,9940.2719,9738.7979,9905.2672,3338811.0,5528034093.0,600519.SH,5013.5219,0.016459039770840178,0.008754222046045701,0.007704817724794477
2021-09-13,9918.8864,10025.814,9778.7551,9856.981,2772002.0,4605031711.0,600519.SH,4991.6598,-0.004874800348646846,-0.004360627206993817,-0.0005141731416530293
2021-09-14,9885.1198,10020.1862,9851.3532,9873.8643,3376061.0,5638962654.0,600519.SH,4917.1617,0.0017128266758350552,-0.014924514687479462,0.016637341363314517
2021-09-15,9834.4699,9890.7476,9609.3593,9641.6627,4157005.0,6781755393.0,600519.SH,4867.3187,-0.02351679068548662,-0.01013653872720921,-0.013380251958277412
2021-09-16,9569.9649,9800.7033,9468.6651,9767.3307,4596802.0,7458455126.0,600519.SH,4807.6978,0.013033851516087491,-0.012249228718061889,0.02528308023414938
2021-09-17,9665.637,10147.3737,9665.637,10037.0695,5513025.0,9242101552.0,600519.SH,4855.9402,0.0276164295327892,0.01003440773669273,0.01758202179609647
2021-09-22,9884.1631,10048.3251,9750.0534,9765.1921,3174300.0,5227723003.0,600519.SH,4821.7675,-0.02708732862714558,-0.007037298358822497,-0.020050030268323082
2021-09-23,9766.9367,9867.5612,9694.226,9750.0534,3034181.0,4964210091.0,600519.SH,4853.1957,-0.0015502716019277774,0.006517983291396856,-0.008068254893324633
2021-09-24,9710.6591,10228.301,9710.6591,10082.0916,6953660.0,11756596091.0,600519.SH,4849.4277,0.03405501348331064,-0.0007763956438022745,0.03483140912711291
2021-09-27,10397.2466,11035.4352,10397.2466,10988.162,12686892.0,23270689702.0,600519.SH,4877.3698,0.08986928863054566,0.005761937640600401,0.08410735098994526
2021-09-28,10948.7676,11016.3008,10650.496,10802.7834,4922105.0,8973408813.0,600519.SH,4883.828,-0.01687075600086707,0.001324115304933482,-0.018194871305800553
2021-09-29,10729.2848,10931.9406,10599.2834,10791.1902,4329065.0,7870151768.0,600519.SH,4833.9281,-0.0010731678652374788,-0.010217374567654813,0.009144206702417335
2021-09-30,10780.9476,10961.2613,10697.7693,10847.4678,4053929.0,7411735790.0,600519.SH,4866.3826,0.005215142996923605,0.0067138979580601,-0.0014987549611364948
2021-10-08,10804.8094,11117.6006,10719.3236,10901.4944,4745196.0,8780381118.0,600519.SH,4929.9409,0.004980572516656734,0.013060687008045635,-0.008080114491388901
2021-10-11,10900.9879,11184.571,10853.1519,11056.3705,3767557.0,7040475327.0,600519.SH,4936.1918,0.014206868739023548,0.00126794623440607,0.012938922504617478
2021-10-12,11050.0674,11111.9729,10917.3647,11078.15,3060642.0,5688160837.0,600519.SH,4883.8369,0.001969859819729969,-0.010606334219022684,0.012576194038752653
2021-10-13,11072.5785,11522.5184,11027.5564,11409.6817,5014261.0,9625769127.0,600519.SH,4940.1089,0.02992663034893006,0.011522088299058542,0.01840454204987152
2021-10-14,11404.2227,11476.6521,11218.9004,11303.3169,2662255.0,5097602232.0,600519.SH,4913.6123,-0.0093223284221855,-0.005363565973211748,-0.003958762448973752
2021-10-15,11185.6966,11410.1882,11185.6966,11336.9147,2856078.0,5452953879.0,600519.SH,4932.1084,0.0029723841503550563,0.0037642571026614835,-0.0007918729523064272
2021-10-18,11173.8783,11173.8783,10605.4739,10678.6349,6965202.0,12651498607.0,600519.SH,4874.7753,-0.058065163002417264,-0.011624460646485368,-0.046440702355931895
2021-10-19,10678.6349,10896.9922,10677.9595,10747.1811,4031456.0,7330114082.0,600519.SH,4922.7232,0.006419003987110816,0.00983592002691891,-0.0034169160398080933
2021-10-20,10864.3511,10958.8976,10712.4577,10909.3733,2866339.0,5246404615.0,600519.SH,4910.1846,0.015091603881133064,-0.0025470861331388095,0.017638690014271874
2021-10-21,10909.936,11016.3008,10841.8401,10926.2566,2301870.0,4238584294.0,600519.SH,4928.0156,0.001547595772527277,0.0036314316981076455,-0.0020838359255803685
2021-10-22,10988.162,11359.6508,10982.5342,11247.0392,3596260.0,6794850056.0,600519.SH,4959.7254,0.029358874840995197,0.006434598137230019,0.02292427670376518
2021-10-25,11128.8562,11157.0513,11005.0453,11089.6306,3246133.0,6076219948.0,600519.SH,4979.5235,-0.013995558937857977,0.00399177341552015,-0.017987332353378127
2021-10-26,11038.9807,11123.1721,10926.2566,11022.21,2113026.0,3934223714.0,600519.SH,4963.0984,-0.006079607376642593,-0.003298528463617112,-0.002781078913025481
2021-10-27,10972.967,11006.7336,10679.1976,10785.5624,3464729.0,6302270905.0,600519.SH,4898.1644,-0.021470068162373845,-0.013083359378891268,-0.008386708783482577
2021-10-28,10820.4546,10925.0185,10689.8904,10822.0866,2949093.0,5383196101.0,600519.SH,4864.138,0.0033863973565253502,-0.006946765608765504,0.010333162965290854
2021-10-29,10819.329,10948.7676,10751.7958,10825.407,2877586.0,5266898950.0,600519.SH,4908.7701,0.0003068169866611292,0.009175747069676055,-0.008868930083014925
2021-11-01,10566.0795,10826.6451,10453.5242,10695.5182,4168998.0,7486936394.0,600519.SH,4890.6851,-0.011998514236000402,-0.003684222245405211,-0.00831429199059519
2021-11-02,10660.0632,10927.4947,10611.1017,10704.7477,3250024.0,5875341369.0,600519.SH,4839.8457,0.0008629315408017479,-0.010395148933224019,0.011258080474025767
2021-11-03,10678.6349,10734.8,10460.2213,10481.663,2782931.0,4958314535.0,600519.SH,4821.1119,-0.020839790553867976,-0.003870743234644869,-0.016969047319223107
2021-11-04,10554.4863,10768.6791,10506.5378,10702.2715,3113043.0,5592211731.0,600519.SH,4868.7419,0.021047089569660837,0.00987946369799042,0.011167625871670417
2021-11-05,10702.3278,10931.8281,10702.3278,10790.8525,2707723.0,4956331383.0,600519.SH,4842.3458,0.008276841042576866,-0.005421544321336902,0.013698385363913768
2021-11-08,10791.1902,10851.9701,10690.1718,10791.753,1770572.0,3220439334.0,600519.SH,4848.1795,8.34503112705498e-05,0.0012047260234906432,-0.0011212757122200934
2021-11-09,10791.0776,10835.4807,10577.3351,10622.4135,2735192.0,4915170028.0,600519.SH,4846.7444,-0.015691565587166445,-0.0002960080170300028,-0.015395557570136442
2021-11-10,10622.4135,10650.496,10312.8301,10419.7013,3534877.0,6204803250.0,600519.SH,4821.1925,-0.019083440877160296,-0.005271971841551926,-0.01381146903560837
2021-11-11,10413.7359,10507.5508,10349.4105,10507.5508,2265187.0,3987243285.0,600519.SH,4898.6529,0.00843109581269852,0.016066647411402846,-0.0076355515987043265
2021-11-12,10554.824,10594.4998,10491.0051,10531.0748,1760663.0,3124400972.0,600519.SH,4888.3749,0.0022387709988516136,-0.002098127834286867,0.004336898833138481
2021-11-15,10530.5121,10588.5906,10397.2466,10459.9399,2494735.0,4410975373.0,600519.SH,4882.3777,-0.006754761631737827,-0.001226828981549688,-0.005527932650188139
2021-11-16,10498.5463,10779.9346,10481.663,10723.657,3352624.0,6033536262.0,600519.SH,4883.3206,0.025212104708173255,0.00019312311704200447,0.02501898159113125
2021-11-17,10706.7737,10794.0041,10622.4135,10650.496,2450546.0,4411450908.0,600519.SH,4885.7544,-0.00682239277142116,0.0004983903780553245,-0.007320783149476484
2021-11-18,10572.9454,10718.0292,10509.8019,10633.6127,1952089.0,3485674964.0,600519.SH,4837.6185,-0.0015852125572367592,-0.009852296300444485,0.008267083743207726
2021-11-19,10645.9375,10954.3954,10612.2272,10838.5197,3115559.0,5699883800.0,600519.SH,4890.0575,0.019269744514957,0.010839837825161291,0.008429906689795708
2021-11-22,10954.3954,11292.0614,10948.7676,10984.0537,4257268.0,7994018410.0,600519.SH,4912.399,0.013427479400161868,0.004568760183290443,0.008858719216871425
2021-11-23,10971.2787,11337.0835,10971.2787,11221.3203,4578220.0,8676297616.0,600519.SH,4913.3457,0.021601005100694293,0.00019271643040386088,0.021408288670290432
2021-11-24,11241.4115,11612.844,11224.5282,11472.1499,5451235.0,10555736753.0,600519.SH,4916.6579,0.02235294896626394,0.0006741231336522269,0.021678825832611714
2021-11-25,11539.6831,11726.5249,11501.6957,11556.7352,3975288.0,7803035266.0,600519.SH,4896.4416,0.0073730992653782135,-0.0041117971620519,0.011484896427430114
2021-11-26,11606.2596,11618.4718,11382.1056,11472.2062,3265557.0,6337346211.0,600519.SH,4860.1265,-0.007314262941665262,-0.0074166308855802,0.00010236794391493831
2021-11-29,11579.0774,11747.9104,11528.8778,11719.7716,4239934.0,8372476083.0,600519.SH,4851.423,0.02157958074358879,-0.0017907970090903502,0.02337037775267914
2021-11-30,11722.0227,11747.3476,11396.175,11414.5778,3692487.0,7192172533.0,600519.SH,4832.026,-0.026040934108306435,-0.0039982083607221774,-0.022042725747584258
2021-12-01,11522.7998,11578.7961,11348.4516,11427.0715,2625440.0,5071457098.0,600519.SH,4843.851,0.001094538950008328,0.0024472136532378563,-0.0013526747032295283
2021-12-02,11466.5221,11478.6218,11351.7157,11432.7555,2042182.0,3939731543.0,600519.SH,4856.163,0.0004974152826469069,0.0025417792578672493,-0.0020443639752203424
2021-12-03,11421.5,11740.1441,11416.1536,11645.9353,3581839.0,7045848180.0,600519.SH,4901.0175,0.01864640593424749,0.009236613350910972,0.009409792583336518
2021-12-06,11708.5161,11747.9104,11522.7998,11620.1601,3106388.0,6122543819.0,600519.SH,4892.6209,-0.0022132357201056774,-0.001713236078018543,-0.0004999996420871344
2021-12-07,11695.7973,11735.9233,11504.397,11555.8348,3697989.0,7286659622.0,600519.SH,4922.1015,-0.005535663833065363,0.006025523048393211,-0.011561186881458574
2021-12-08,11606.5409,12057.4376,11522.7998,12046.182,6104807.0,12285101988.0,600519.SH,4995.9298,0.04243286690114334,0.014999345299969935,0.027433521601173405
2021-12-09,12113.3776,12462.1865,12057.4376,12291.2712,6423918.0,13404724467.0,600519.SH,5078.6901,0.02034579919181012,0.01656554501626495,0.0037802541755451724
2021-12-10,12141.8541,12343.2155,12119.343,12310.687,4314822.0,8944582265.0,600519.SH,5055.1172,0.001579641331158621,-0.00464153148466373,0.006221172815822351
2021-12-13,12670.8641,12817.186,12468.2645,12469.39,6580656.0,14139012290.0,600519.SH,5083.8007,0.012891482010711552,0.00567415133322724,0.007217330677484313
2021-12-14,12469.39,12749.09,12366.9647,12648.353,4044941.0,8673733691.0,600519.SH,5049.6953,0.014352185632175996,-0.0067086422172292215,0.021060827849405217
2021-12-15,12604.175,12732.4881,12507.7714,12563.9365,3007827.0,6444715086.0,600519.SH,5005.8991,-0.006674110060021166,-0.008673038153411139,0.0019989280933899733
2021-12-16,12451.3812,12614.8678,12289.4704,12473.836,3721136.0,7865499278.0,600519.SH,5034.7321,-0.007171359072055239,0.005759804467493357,-0.012931163539548596
2021-12-17,12369.7786,12411.9868,12006.7877,12089.5158,4840318.0,9988869785.0,600519.SH,4954.7599,-0.03081010524749561,-0.015884102353728058,-0.014926002893767554
2021-12-20,12089.5158,12286.2625,12034.9265,12136.0012,3225769.0,6654596508.0,600519.SH,4880.4178,0.0038451002313923954,-0.01500417810356458,0.018849278334956976
2021-12-21,12057.4376,12193.2356,11876.3923,12019.1688,2628589.0,5354186590.0,600519.SH,4913.4853,-0.00962692719575553,0.006775546962393353,-0.016402474158148883
2021-12-22,12029.2987,12158.7374,12029.2987,12074.3209,1743079.0,3570928372.0,600519.SH,4914.4544,0.00458867837849164,0.00019723270567206796,0.004391445672819572
2021-12-23,12102.4597,12479.52,11944.8822,12479.52,3909854.0,8126298013.0,600519.SH,4948.7389,0.03355874863322539,0.006976257628924287,0.0265824910043011
2021-12-24,12642.0499,13025.1882,12642.0499,12896.4812,5612959.0,12295953400.0,600519.SH,4921.3449,0.0334116376270881,-0.005535551693786167,0.038947189320874265
2021-12-27,12749.6528,12749.6528,12434.4979,12546.0402,3755590.0,8020677686.0,600519.SH,4919.3238,-0.027173381216575643,-0.00041068042193104226,-0.0267627007946446
2021-12-28,12552.681,12679.3057,12460.3856,12581.8328,2765070.0,5901940633.0,600519.SH,4955.9644,0.002852900152511939,0.007448300109864636,-0.004595399957352697
2021-12-29,12648.353,12672.271,12034.9265,12034.9265,5404902.0,11195625154.0,600519.SH,4883.4804,-0.04346793576846775,-0.014625609497921244,-0.028842326270546503
2021-12-30,12034.9265,12304.9467,11961.7655,12226.2705,3526136.0,7272866657.0,600519.SH,4921.5109,0.015899058461221305,0.007787581168545277,0.008111477292676028
2021-12-31,12198.1317,12214.9025,11961.7655,12085.5764,2966491.0,6061415344.0,600519.SH,4940.3733,-0.011507523901094774,0.003832644158118237,-0.01534016805921301
2022-01-04,12113.7152,12192.2226,11882.9768,12092.4985,3384262.0,6913653122.0,600519.SH,4917.7653,0.0005727571255931263,-0.004576172411910662,0.005148929537503788
2022-01-05,12057.4376,12169.9929,11905.4879,11939.2545,2839551.0,5774992117.0,600519.SH,4868.1202,-0.012672649907709332,-0.010095052726489362,-0.0025775971812199705
2022-01-06,11928.0552,12006.7877,11458.1367,11704.1264,5179475.0,10226933847.0,600519.SH,4818.2318,-0.01969370030599482,-0.010247980318974226,-0.009445719987020595
2022-01-07,11663.4939,11741.6073,11462.6952,11477.7777,2981669.0,5831695311.0,600519.SH,4822.3689,-0.019339222105461795,0.0008586344891088338,-0.02019785659457063
2022-01-10,11399.0452,11674.7495,11340.1788,11612.844,2962670.0,5792738145.0,600519.SH,4844.0451,0.011767635123304254,0.004494927793682546,0.007272707329621708
2022-01-11,11511.5442,11607.2163,11416.8289,11469.6174,2227664.0,4332180604.0,600519.SH,4797.7735,-0.012333464567335972,-0.009552264490683582,-0.0027812000766523903
2022-01-12,11511.5442,11684.8794,11511.5442,11618.4718,2747410.0,5384359628.0,600519.SH,4845.5787,0.012978148686982438,0.009964038527454422,0.003014110159528016
2022-01-13,11606.2033,11624.0433,11047.5912,11114.1677,5674735.0,10781720544.0,600519.SH,4765.9191,-0.04340537281331602,-0.016439646310976275,-0.02696572650233975
2022-01-14,11114.1677,11202.0171,11033.1841,11055.6952,2932164.0,5506186026.0,600519.SH,4726.7317,-0.005261077714348361,-0.008222422407463847,0.0029613446931154863
2022-01-17,11061.323,11119.2889,10877.5201,11025.3615,2735382.0,5074077665.0,600519.SH,4767.2762,-0.0027437171024757845,0.008577702855442348,-0.011321419957918133
2022-01-18,11025.7555,11291.2172,10971.2787,11197.9088,3121577.0,5906705861.0,600519.SH,4813.3472,0.015650035602007062,0.009664008978544247,0.0059860266234628146
2022-01-19,11348.339,11348.339,11178.8307,11308.9447,2637094.0,5026993463.0,600519.SH,4780.3784,0.009915771058967904,-0.00684945395171177,0.016765225010679674
2022-01-20,11331.4557,11691.5765,11331.4557,11632.6538,3401391.0,6665294954.0,600519.SH,4823.5091,0.02862416508235288,0.009022444750399039,0.019601720331953842
2022-01-21,11579.0774,11767.5513,11528.4838,11719.7153,3081258.0,6091427695.0,600519.SH,4779.3142,0.007484233735211898,-0.009162395899698916,0.016646629634910814
2022-01-24,11550.9386,11714.1438,11418.3484,11523.9253,2398580.0,4685441775.0,600519.SH,4786.7377,-0.016706037219180514,0.0015532563228422003,-0.018259293542022714
2022-01-25,11483.4054,11612.844,11415.8722,11483.4054,2551012.0,4971078498.0,600519.SH,4678.4511,-0.0035161543436941223,-0.022622213036657346,0.019106058692963224
2022-01-26,11478.0028,11629.7273,11348.339,11550.9386,2390513.0,4655706528.0,600519.SH,4712.3109,0.005880938419190462,0.007237395299482863,-0.0013564568802924004
2022-01-27,11809.8721,11865.0805,11534.0553,11607.2163,4266516.0,8450329058.0,600519.SH,4619.8765,0.0048721322092388775,-0.01961551390847327,0.024487646117712147
2022-01-28,11550.9386,11624.0996,11128.9124,11168.2505,4102011.0,7889492895.0,600519.SH,4563.772,-0.0378183527087369,-0.012144155801567469,-0.025674196907169433
2022-02-07,11246.983,11317.724,10960.0232,11061.0978,3515042.0,6601799703.0,600519.SH,4634.0899,-0.009594403349029501,0.01540784684248031,-0.02500225019150981
2022-02-08,11066.2754,11088.7302,10622.3572,10898.1177,4171306.0,7585130459.0,600519.SH,4608.7729,-0.01473453204617714,-0.00546320864426908,-0.00927132340190806
2022-02-09,10898.6242,11286.4336,10830.4157,11218.7879,3388479.0,6346699784.0,600519.SH,4652.0609,0.02942436564068296,0.009392521814212351,0.020031843826470608
2022-02-10,11241.4115,11274.6153,11001.6124,11089.4618,2303183.0,4315456868.0,600519.SH,4639.8625,-0.01152763570831039,-0.0026221496799407884,-0.008905486028369602
2022-02-11,10999.4175,11245.8574,10909.3733,10959.8543,3374649.0,6296909575.0,600519.SH,4601.3953,-0.011687447266376605,-0.008290590507800566,-0.003396856758576039
2022-02-14,10903.7455,11111.9729,10888.6068,11065.0936,2019587.0,3762313349.0,600519.SH,4551.6878,0.009602253562805085,-0.010802701519689095,0.02040495508249418
2022-02-15,11065.8252,11303.3169,11010.6731,11188.623,2710586.0,5131842112.0,600519.SH,4600.1025,0.011163882066031361,0.010636647794692866,0.0005272342713384948
2022-02-16,11241.4115,11280.8058,11173.8783,11199.4846,1458685.0,2769034316.0,600519.SH,4617.9893,0.0009707718277753852,0.003888348140068665,-0.0029175763122932796
2022-02-17,11244.8444,11306.0182,11134.4839,11168.1942,1821366.0,3450265032.0,600519.SH,4629.1649,-0.0027939142842341447,0.0024200142689805304,-0.005213928553214675
2022-02-18,11115.5183,11286.321,11048.154,11280.8058,1938549.0,3670339742.0,600519.SH,4651.2358,0.010083241568274337,0.0047677929986897905,0.005315448569584547
2022-02-21,11241.4115,11280.2431,11066.6693,11111.9166,2081573.0,3920377358.0,600519.SH,4634.3141,-0.014971377310652678,-0.0036381083926126934,-0.011333268918039985
2022-02-22,11016.3571,11021.9286,10678.7474,10722.9254,5229881.0,9473992638.0,600519.SH,4574.1527,-0.035006670226448655,-0.012981726896759138,-0.022024943329689517
2022-02-23,10742.8477,10869.9789,10679.0851,10830.6408,2811161.0,5118197820.0,600519.SH,4623.0465,0.010045337068184779,0.01068914905267615,-0.0006438119844913714
2022-02-24,10723.657,10757.3673,10386.5538,10476.6543,6535925.0,11578557075.0,600519.SH,4529.3189,-0.03268380020506256,-0.020273990322182578,-0.012409809882879985
2022-02-25,10537.9407,10725.2328,10537.9407,10673.3448,3897913.0,6999524161.0,600519.SH,4573.4247,0.01877417106337087,0.009737843806935098,0.009036327256435772
2022-02-28,10605.8116,10661.7516,10492.9186,10624.6083,2892303.0,5158148387.0,600519.SH,4581.6459,-0.0045661880987861725,0.0017976025712198584,-0.006363790670006031
2022-03-01,10689.8904,11036.392,10689.8904,11007.7466,4737930.0,8721229267.0,600519.SH,4619.6862,0.03606140472962194,0.008302758622179773,0.027758646107442164
2022-03-02,10903.7455,10965.5947,10819.329,10931.209,2007448.0,3690612341.0,600519.SH,4578.6007,-0.006953067033719673,-0.008893569437681714,0.001940502403962041
2022-03-03,10936.3865,10961.4301,10644.8683,10678.6349,3154693.0,5703580558.0,600519.SH,4551.6283,-0.023105779058839815,-0.005890970138540341,-0.017214808920299474
2022-03-04,10521.0574,10638.6214,10425.9482,10568.8934,3104703.0,5509157654.0,600519.SH,4496.4301,-0.010276734903634344,-0.012127132613179437,0.001850397709545093
2022-03-07,10454.6498,10498.5463,10137.2438,10155.2526,4915581.0,8487507372.0,600519.SH,4352.7775,-0.039137569501836444,-0.03194814481826358,-0.007189424683572865
2022-03-08,10453.4117,10603.5605,10295.9468,10415.2554,5721546.0,10087484369.0,600519.SH,4265.391,0.02560279002808863,-0.020076031912956815,0.045678821941045444
2022-03-09,10476.5981,10706.7737,10234.6604,10561.4648,5643442.0,10018590069.0,600519.SH,4226.3463,0.014038004291282213,-0.009153838417157889,0.023191842708440102
2022-03-10,10723.657,10796.8179,10627.985,10647.2882,3646178.0,6587438866.0,600519.SH,4292.8374,0.00812608872208731,0.01573252527839486,-0.00760643655630755
2022-03-11,10487.2908,10549.1962,10217.6083,10504.2304,4772677.0,8335618341.0,600519.SH,4306.5217,-0.013436078493677006,0.0031877051760684783,-0.016623783669745484
2022-03-14,10284.6912,10397.2466,10115.8582,10115.8582,4900661.0,8416841920.0,600519.SH,4174.7577,-0.03697293235304511,-0.030596385941814686,-0.0063765464112304215
2022-03-15,9834.4699,10031.4418,9569.9649,9569.9649,8905587.0,14567142622.0,600519.SH,3983.812,-0.05396411151749836,-0.04573815146205973,-0.00822596005543863
2022-03-16,9744.4257,10025.2512,9513.6873,9974.8827,7759281.0,12753010156.0,600519.SH,4156.081,0.04231131506030916,0.04324225139138105,-0.0009309363310718854
2022-03-17,10228.4136,10425.3854,10181.478,10229.2577,6835196.0,11843531813.0,600519.SH,4237.6956,0.025501553015756295,0.019637393977643747,0.005864159038112549
2022-03-18,10217.158,10369.1077,10072.4119,10159.6985,3834868.0,6564085394.0,600519.SH,4265.9017,-0.006800024208990174,0.006655999548433877,-0.013456023757424052
2022-03-21,10250.9246,10260.2104,10087.7757,10140.0576,2787716.0,4763083283.0,600519.SH,4258.7459,-0.0019332168174085451,-0.0016774413718910752,-0.0002557754455174699
2022-03-22,10250.2493,10250.2493,10038.9267,10087.7194,2105404.0,3578291198.0,600519.SH,4255.295,-0.00516152886547705,-0.000810308969126261,-0.004351219896350789
2022-03-23,10143.9971,10509.8019,10098.9749,10409.5714,5806739.0,10096341448.0,600519.SH,4276.5174,0.03190532837382465,0.00498729230288375,0.0269180360709409
2022-03-24,10329.7134,10340.9689,10213.5,10233.6474,2581532.0,4457504430.0,600519.SH,4251.3061,-0.016900215507432037,-0.005895287600139243,-0.011004927907292794
2022-03-25,10183.3914,10307.2023,10031.4418,10059.5806,2970866.0,5054831352.0,600519.SH,4174.5742,-0.01700926299258665,-0.018049017924162136,0.0010397549315754873
2022-03-28,9693.7758,9917.7609,9575.5927,9895.2498,5754164.0,9392008017.0,600519.SH,4148.4663,-0.016335750617674782,-0.006254027057418177,-0.010081723560256606
2022-03-29,9899.1892,10068.0222,9899.1892,9930.142,2593498.0,4343365464.0,600519.SH,4134.1441,0.0035261565604942646,-0.0034524084238070074,0.006978564984301272
2022-03-30,10104.6027,10285.254,10087.7194,10285.254,4243343.0,7276379091.0,600519.SH,4254.0989,0.03576101932882736,0.029015631071011683,0.0067453882578156765
2022-03-31,10228.4136,10333.09,10165.3826,10222.7858,2517386.0,4338022922.0,600519.SH,4222.5968,-0.006073569014435676,-0.007405116980237492,0.0013315479658018159
2022-04-01,10284.3536,10639.2405,10237.9245,10566.1358,4486191.0,7936957252.0,600519.SH,4276.158,0.0335867352321908,0.012684422059904055,0.020902313172286746
2022-04-06,10414.1299,10615.2099,10414.1299,10481.663,2781977.0,4910792426.0,600519.SH,4263.8411,-0.007994672943726466,-0.0028803659733809273,-0.005114306970345539
2022-04-07,10442.2687,10594.2184,10397.8093,10481.663,2019571.0,3568182341.0,600519.SH,4209.0998,0.0,-0.012838494380102428,0.012838494380102428
2022-04-08,10498.5463,10615.0411,10490.3298,10588.5906,2294132.0,4081618543.0,600519.SH,4230.7669,0.01020139647687568,0.005147680271206712,0.005053716205668968
2022-04-11,10509.8019,10509.8019,10149.7937,10228.4136,4386359.0,7568782591.0,600519.SH,4100.0703,-0.03401557521734755,-0.030891940655014438,-0.0031236345623331108
2022-04-12,10279.0635,10610.9328,10160.8804,10577.3351,4162956.0,7284546261.0,600519.SH,4179.9727,0.034112963519582484,0.01948805609503812,0.014624907424544364
2022-04-13,10492.9186,10650.496,10403.3245,10504.1741,3114766.0,5534915753.0,600519.SH,4139.737,-0.006916770557831686,-0.009625828417491822,0.0027090578596601356
2022-04-14,10611.1017,10880.6717,10567.2051,10729.2848,3764986.0,6834657201.0,600519.SH,4191.5684,0.021430594909884304,0.01252045721745132,0.008910137692432984
2022-04-15,10691.0159,10779.9346,10655.5047,10712.3452,2104113.0,3800797635.0,600519.SH,4188.7472,-0.001578819121289432,-0.0006730654806922365,-0.0009057536405971955
2022-04-18,10572.4389,10667.3793,10498.5463,10626.972,1979315.0,3525102977.0,600519.SH,4166.3844,-0.007969608746364876,-0.00533878005337729,-0.0026308286929875857
2022-04-19,10678.6349,10864.2949,10540.7546,10624.0455,2420476.0,4359851980.0,600519.SH,4134.9017,-0.00027538418281325416,-0.007556359898044818,0.0072809757152315635
2022-04-20,10688.1458,10791.1902,10502.3732,10661.7516,2415572.0,4342043328.0,600519.SH,4070.7889,0.0035491282487447595,-0.01550527791265277,0.01905440616139753
2022-04-21,10623.4828,10712.4015,10509.8019,10565.967,2895261.0,5160788004.0,600519.SH,3995.83,-0.008983945939989746,-0.018413850936854104,0.009429904996864358
2022-04-22,10470.4075,10610.4263,10454.5372,10526.6852,2789975.0,4955360846.0,600519.SH,4013.2498,-0.0037177666748344773,0.00435949477330122,-0.008077261448135697
2022-04-25,10397.2466,10546.3824,10127.1138,10160.8804,5365802.0,9352986852.0,600519.SH,3814.9127,-0.034750236475201146,-0.04942057182685222,0.014670335351651076
2022-04-26,10134.5987,10391.5062,10115.8582,10298.6481,4456396.0,7692845226.0,600519.SH,3784.1198,0.013558638088093211,-0.008071718128700556,0.021630356216793767
2022-04-27,10493.5939,10734.9125,10493.5939,10650.0458,5740244.0,10289893014.0,600519.SH,3895.5361,0.034120759985963645,0.029443121753174983,0.004677638232788661
2022-04-28,10639.2405,10931.8843,10602.66,10875.6067,4401006.0,8038681950.0,600519.SH,3921.1073,0.021179336148958283,0.006564231300539181,0.014615104848419103
2022-04-29,10881.2344,10954.3954,10740.4277,10838.3509,3488527.0,6384066537.0,600519.SH,4016.241,-0.0034256295788998026,0.024261947639127257,-0.02768757721802706
2022-05-05,10847.4678,11072.5785,10841.7275,10886.8622,3366094.0,6235017580.0,600519.SH,4010.2102,0.00447589309919838,-0.001501603115948491,0.005977496215146871
2022-05-06,10762.9951,10785.5624,10571.7073,10639.2405,2859618.0,5138176680.0,600519.SH,3908.815,-0.022745001769196582,-0.025284260660451197,0.0025392588912546143
2022-05-09,10566.0795,10566.0795,10329.7134,10408.5021,3035182.0,5324616273.0,600519.SH,3877.4364,-0.021687487936756455,-0.00802765032369146,-0.013659837613064996
2022-05-10,10228.4136,10593.9933,10144.0534,10488.3601,4011919.0,7018451097.0,600519.SH,3919.8684,0.0076723816004227174,0.010943312958015206,-0.003270931357592488
2022-05-11,10425.3854,10613.803,10408.5021,10498.5463,3031267.0,5372950033.0,600519.SH,3976.4231,0.0009711909109604289,0.014427703746380915,-0.013456512835420487
2022-05-12,10414.1299,10554.824,10397.2466,10468.5503,2203823.0,3888480084.0,600519.SH,3958.74,-0.0028571574714110204,-0.0044469865392342545,0.001589829067823234
2022-05-13,10566.0795,10667.0417,10487.2908,10556.1747,2073052.0,3690141231.0,600519.SH,3988.6002,0.008370251609719048,0.007542854544627886,0.0008273970650911622
2022-05-16,10661.7516,10661.7516,10355.995,10442.2687,2776531.0,4881208653.0,600519.SH,3956.5378,-0.010790461813785512,-0.008038509349721168,-0.0027519524640643445
2022-05-17,10509.1265,10537.9407,10425.3854,10498.5463,2014474.0,3557048801.0,600519.SH,4005.8934,0.005389403549824312,0.012474441669684033,-0.007085038119859721
2022-05-18,10530.3995,10531.8627,10357.9647,10459.152,2485044.0,4362486907.0,600519.SH,3991.9069,-0.0037523576002136405,-0.003491480826723903,-0.0002608767734897377
2022-05-19,10369.1077,10436.6409,10335.3411,10431.0131,1977626.0,3459059182.0,600519.SH,3999.5984,-0.0026903615130556835,0.0019267733924355213,-0.004617134905491205
2022-05-20,10453.4679,10685.1068,10408.5021,10678.6911,4194960.0,7493460272.0,600519.SH,4077.5998,0.023744385864111317,0.01950230803172648,0.0042420778323848385
2022-05-23,10678.6349,10700.5269,10521.0574,10571.7073,2215713.0,3950856594.0,600519.SH,4053.9823,-0.010018437559262239,-0.0057920102899750026,-0.004226427269287236
2022-05-24,10599.8461,10605.4739,10428.1993,10453.5242,2734222.0,4824599922.0,600519.SH,3959.1541,-0.011179187679552949,-0.02339137001165492,0.012212182332101973
2022-05-25,10483.1825,10521.0574,10380.3633,10428.2555,2238869.0,3929477102.0,600519.SH,3983.1784,-0.0024172422157878737,0.006068038624715166,-0.00848528084050304
2022-05-26,10459.152,10459.152,10284.6912,10356.7266,2805344.0,4888109192.0,600519.SH,3993.0446,-0.0068591434108993266,0.0024769666354889086,-0.009336110046388235
2022-05-27,10453.4679,10566.0795,10414.1861,10426.2858,2511958.0,4436904896.0,600519.SH,4001.2988,0.006716330621298727,0.002067144454134029,0.004649186167164698
2022-05-30,10487.2908,10625.4525,10487.2908,10557.1314,3446569.0,6135631304.0,600519.SH,4029.0179,0.012549588847833082,0.006927525632427045,0.005622063215406037
2022-05-31,10536.6463,10762.4886,10492.806,10701.3148,4075082.0,7329201058.0,600519.SH,4091.5176,0.013657441073434029,0.015512390749120364,-0.0018549496756863348
2022-06-01,10689.8904,10761.8132,10560.4518,10612.5086,2176001.0,3897858999.0,600519.SH,4083.1772,-0.008298625137165505,-0.0020384612301312943,-0.006260163907034211
2022-06-02,10610.9328,10654.9982,10566.0795,10599.8461,1691473.0,3019718032.0,600519.SH,4089.5682,-0.0011931674665496272,0.0015652027053834061,-0.0027583701719330334
2022-06-06,10622.3572,10650.496,10442.2687,10611.1017,3674126.0,6535329352.0,600519.SH,4166.085,0.0010618644736737348,0.018710239384197136,-0.0176483749105234
2022-06-07,10589.3785,10819.329,10511.5465,10779.3719,3504859.0,6356031009.0,600519.SH,4179.1285,0.015857938671909988,0.00313087707043902,0.012727061601470968
2022-06-08,10819.329,11140.1117,10819.329,11047.8163,4435381.0,8236953846.0,600519.SH,4219.8122,0.024903528933814867,0.009734972255579288,0.015168556678235579
2022-06-09,11083.834,11175.848,10954.3954,10976.9065,2632902.0,4897066622.0,600519.SH,4175.6747,-0.006418444883085295,-0.010459588699231803,0.0040411438161465085
2022-06-10,10931.9406,11280.8058,10875.6067,11244.7881,4734462.0,8882462598.0,600519.SH,4238.9936,0.02440410693121975,0.015163753057679585,0.009240353873540164
2022-06-13,11185.1338,11196.3893,10949.2179,10993.7898,3675518.0,6847248995.0,600519.SH,4189.3527,-0.022321301012332984,-0.011710539029829992,-0.010610761982502992
2022-06-14,10869.9789,11103.081,10858.7234,11078.2063,2941623.0,5467949348.0,600519.SH,4222.3114,0.007678562309786807,0.007867253573565103,-0.0001886912637782956
2022-06-15,11072.5785,11269.5503,11033.1278,11101.2801,3366362.0,6354869100.0,600519.SH,4278.2178,0.002082810102570498,0.013240709815955487,-0.011157899713384989
2022-06-16,11210.9653,11284.3513,11102.5745,11111.9729,2688670.0,5087605391.0,600519.SH,4250.0614,0.0009632042344378533,-0.006581338612541177,0.00754454284697903
2022-06-17,11118.1071,11534.0553,11118.1071,11528.4275,5054161.0,9749530916.0,600519.SH,4309.0444,0.037478007168285865,0.01387815244269186,0.023599854725594005
2022-06-20,11522.7998,11635.3551,11410.2445,11477.8902,3497478.0,6802792459.0,600519.SH,4330.4328,-0.004383711481899866,0.004963606316054525,-0.009347317797954391
2022-06-21,11517.172,11618.4155,11398.9889,11498.8255,2371702.0,4617805127.0,600519.SH,4325.5657,0.0018239676138391836,-0.0011239292294292769,0.0029478968432684605
2022-06-22,11550.9386,11567.8219,11421.5,11444.0111,1964665.0,3813775294.0,600519.SH,4270.6227,-0.004766956416548895,-0.012701922432943324,0.007934966016394429
2022-06-23,11481.7171,11607.4414,11466.5221,11562.7569,2684352.0,5239860443.0,600519.SH,4343.8781,0.010376239498754103,0.017153329887934055,-0.006777090389179952
2022-06-24,11635.3551,11916.7434,11607.2163,11854.8943,3963465.0,7921199792.0,600519.SH,4394.7723,0.02526537594161482,0.011716304838296443,0.013549071103318377
2022-06-27,11916.4057,12085.2387,11805.8764,11863.561,4011517.0,8124448900.0,600519.SH,4444.2639,0.0007310651432801407,0.011261470816133157,-0.010530405672853016
2022-06-28,11915.2802,12034.9265,11809.8159,12006.7877,2524571.0,5112298787.0,600519.SH,4490.5166,0.012072825351511218,0.010407280269742802,0.0016655450817684159
2022-06-29,11961.7655,12040.5543,11866.1498,11973.0211,3036012.0,6142508408.0,600519.SH,4421.357,-0.002812292583469378,-0.015401256951149023,0.012588964367679645
2022-06-30,11926.1699,12359.5079,11926.1136,12179.4194,3898243.0,7984019438.0,600519.SH,4485.0108,0.017238614905639826,0.014396892175863707,0.0028417227297761194
2022-07-01,12235.6971,12307.5636,12011.7682,12089.6565,2159645.0,4385555299.0,600519.SH,4466.7179,-0.007370047541018332,-0.004078674682344241,-0.003291372858674091
2022-07-04,12038.7815,12062.8684,11931.854,12027.4697,2507589.0,5042804258.0,600519.SH,4496.0303,-0.005143802059223046,0.006562402340206219,-0.011706204399429265
2022-07-05,12068.4398,12232.6018,11982.4476,12111.9425,2632940.0,5345189852.0,600519.SH,4489.5383,0.007023322619553074,-0.0014439404467536665,0.00846726306630674
2022-07-06,12106.2584,12145.6528,11847.3812,11937.4255,3275166.0,6566374982.0,600519.SH,4423.9698,-0.014408671441430654,-0.01460473118137795,0.0001960597399472963
2022-07-07,11954.3087,11978.7895,11841.8097,11869.8923,2093177.0,4179088240.0,600519.SH,4443.4736,-0.005657266719695908,0.004408664815026553,-0.010065931534722461
2022-07-08,11954.3087,12009.9674,11904.5593,11920.5422,1564389.0,3134903462.0,600519.SH,4428.781,0.0042670901066221845,-0.003306557284373235,0.007573647390995419
2022-07-11,11871.0178,11896.7367,11647.5955,11721.3192,2394921.0,4709248310.0,600519.SH,4354.6167,-0.016712578728172223,-0.016745984956131332,3.3406227959109636e-05
2022-07-12,11729.1981,11773.0947,11532.564,11635.8335,2344686.0,4562731381.0,600519.SH,4313.6184,-0.007293180788046416,-0.009414904416271463,0.0021217236282250473
2022-07-13,11616.6428,11768.5925,11592.2746,11694.8125,1985377.0,3893406034.0,600519.SH,4321.4617,0.005068738737108891,0.0018182646847018091,0.003250474052407082
2022-07-14,11701.0593,11795.6057,11594.1317,11661.6649,2052724.0,4014985518.0,600519.SH,4322.0742,-0.0028343849035630253,0.00014173445063736523,-0.0029761193542003905
2022-07-15,11617.2618,11924.369,11613.8852,11641.9677,3341623.0,6588730699.0,600519.SH,4248.5273,-0.0016890555652993022,-0.017016575050932792,0.01532751948563349
2022-07-18,11658.0631,11695.4315,11487.2042,11654.1237,2422072.0,4701936868.0,600519.SH,4292.5858,0.0010441533865448438,0.010370299374091285,-0.009326145987546441
2022-07-19,11616.6428,11654.0674,11509.7152,11605.95,2195603.0,4250852886.0,600519.SH,4269.3401,-0.004133618386082505,-0.005415314004905691,0.0012816956188231865
2022-07-20,11694.0246,11757.3369,11616.6428,11645.3444,1870461.0,3659970961.0,600519.SH,4283.8027,0.003394327909391315,0.0033875492842558863,6.778625135428484e-06
2022-07-21,11605.95,11677.9854,11557.6075,11582.8762,1406137.0,2735503093.0,600519.SH,4236.0578,-0.0053642209156131715,-0.011145447945116738,0.005781227029503566
2022-07-22,11640.392,11712.3148,11560.3651,11627.8983,2511357.0,4894378605.0,600519.SH,4238.2341,0.0038869533976371162,0.0005137559737735664,0.00337319742386355
2022-07-25,11642.024,11657.7255,11537.8541,11614.6731,1691244.0,3285451347.0,600519.SH,4212.6441,-0.0011373680487041238,-0.006037892055089422,0.004900524006385298
2022-07-26,11661.6086,11729.0293,11628.0109,11645.9634,2068510.0,4041100077.0,600519.SH,4245.9758,0.0026940319138211155,0.007912299071265005,-0.00521826715744389
2022-07-27,11599.7595,11633.5261,11459.0653,11473.6975,2148987.0,4149807166.0,600519.SH,4225.0357,-0.014791897766053497,-0.004931752083937924,-0.009860145682115573
2022-07-28,11482.1392,11577.2484,11322.0855,11352.1378,3486986.0,6669448409.0,600519.SH,4225.6733,-0.010594640480978357,0.00015090996745903418,-0.010745550448437391
2022-07-29,11335.8173,11470.2646,11240.1452,11354.614,3703236.0,7028415881.0,600519.SH,4170.1019,0.000218126316260836,-0.013150898343229911,0.013369024659490747
2022-08-01,11307.1719,11408.4154,11257.4787,11308.804,2103741.0,3988198590.0,600519.SH,4188.6784,-0.00403448325059752,0.004454687306322258,-0.008489170556919778
2022-08-02,11250.838,11295.7476,11127.0834,11250.7254,2822088.0,5284516568.0,600519.SH,4107.024,-0.005135697815613405,-0.019494072402407303,0.014358374586793898
2022-08-03,11307.0594,11385.9044,11233.9547,11278.9768,2459842.0,4642442196.0,600519.SH,4066.9754,0.0025110736415272505,-0.00975124567083141,0.01226231931235866
2022-08-04,11307.1156,11493.3947,11251.5696,11453.4938,3035714.0,5797110733.0,600519.SH,4101.5367,0.015472768771011225,0.008498035173755802,0.0069747335972554225
2022-08-05,11519.8452,11560.3651,11390.9694,11498.2346,2008584.0,3857406327.0,600519.SH,4156.9111,0.003906301499023712,0.01350089101970009,-0.009594589520676378
2022-08-08,11448.654,11548.4343,11405.6578,11428.2814,1679901.0,3220702892.0,600519.SH,4148.0746,-0.0060838209023844625,-0.0021257370647161933,-0.003958083837668269
2022-08-09,11428.2814,11470.2646,11391.5321,11419.671,1387461.0,2651800008.0,600519.SH,4156.2907,-0.0007534291201474197,0.001980702082840846,-0.002734131202988266
2022-08-10,11419.5584,11464.6931,11164.0578,11228.3269,2792662.0,5259452686.0,600519.SH,4109.7373,-0.016755657846885486,-0.011200708362386624,-0.005554949484498861
2022-08-11,11284.6046,11402.7877,11239.6387,11402.2249,2606149.0,4940834195.0,600519.SH,4193.5428,0.015487436512023889,0.020391936000386357,-0.004904499488362468
2022-08-12,11402.2249,11532.2263,11363.3933,11520.9708,2025983.0,3882570566.0,600519.SH,4191.152,0.010414274498304232,-0.000570114605721983,0.010984389104026215
2022-08-15,11478.5374,11585.6901,11450.9051,11475.3296,1932314.0,3717178491.0,600519.SH,4185.6794,-0.003961575876921808,-0.0013057507816466307,-0.002655825095275177
2022-08-16,11498.122,11553.5555,11453.4376,11463.7927,1483584.0,2854189586.0,600519.SH,4177.837,-0.0010053654580866045,-0.0018736265371875893,0.0008682610791009848
2022-08-17,11532.2263,11532.2263,11335.2545,11464.6931,1836063.0,3508295541.0,600519.SH,4216.9586,7.854294155196229e-05,0.009364080025141996,-0.009285537083590034
2022-08-18,11408.4154,11437.0045,11256.8597,11338.0684,2316777.0,4384060205.0,600519.SH,4180.0996,-0.011044752693816107,-0.008740659678280971,-0.002304093015535136
2022-08-19,11352.1378,11410.3852,11295.8601,11335.3108,1354417.0,2572000762.0,600519.SH,4151.0738,-0.00024321603140098347,-0.006943805836588046,0.006700589805187063
2022-08-22,11279.0331,11402.7877,11258.6043,11329.5142,1542667.0,2925285473.0,600519.SH,4181.3965,-0.0005113754798853343,0.007304784607780279,-0.007816160087665613
2022-08-23,11355.5144,11355.5144,11177.677,11194.6166,2375636.0,4452538978.0,600519.SH,4161.0823,-0.011906741773623497,-0.004858233367727727,-0.00704850840589577
2022-08-24,11194.504,11223.9935,11087.6328,11105.6416,1872761.0,3486382969.0,600519.SH,4082.4195,-0.007948016727968965,-0.018904408595811772,0.010956391867842807
2022-08-25,11132.6549,11295.8601,11105.6416,11278.9768,2192534.0,4107597895.0,600519.SH,4116.2396,0.015607851058330624,0.008284327468061514,0.00732352359026911
2022-08-26,11363.3933,11430.9265,11284.6046,11352.1378,2314195.0,4397161135.0,600519.SH,4107.5455,0.006486492640006114,-0.0021121462414384062,0.00859863888144452
2022-08-29,11267.7213,11363.2245,11217.0714,11244.1972,1356962.0,2555981192.0,600519.SH,4089.5205,-0.009508394092961003,-0.004388265449524531,-0.005120128643436472
2022-08-30,11264.0632,11278.9768,11105.6416,11194.5603,1823539.0,3400091358.0,600519.SH,4075.7937,-0.004414445879693529,-0.0033565793349121797,-0.0010578665447813496
2022-08-31,11138.8454,11507.239,11138.3389,11498.4597,4469151.0,8518225337.0,600519.SH,4078.8402,0.02714705998769773,0.0007474617765859115,0.02639959821111182
2022-09-01,11431.7707,11453.4376,11255.8467,11255.8467,2684508.0,5088658955.0,600519.SH,4043.7395,-0.021099608671933612,-0.008605559001796603,-0.012494049670137009
2022-09-02,11306.778,11323.7738,11173.006,11222.6992,1939132.0,3635162804.0,600519.SH,4023.6131,-0.002944913953030426,-0.004977175211212326,0.0020322612581819
2022-09-05,11153.14,11188.9326,10913.172,10997.5885,3682187.0,6764549173.0,600519.SH,4015.4264,-0.02005851676038861,-0.0020346638199384426,-0.01802385294045017
2022-09-06,10999.6145,11071.875,10941.3108,11053.8662,2083004.0,3832086313.0,600519.SH,4052.2802,0.005117276392001768,0.009178053917262785,-0.004060777525261017
2022-09-07,10997.7573,11012.5584,10862.5784,10901.9728,2830616.0,5151537330.0,600519.SH,4054.983,-0.013741201245949686,0.0006669825053065015,-0.014408183751256187
2022-09-08,10913.172,10980.7052,10885.0332,10885.0332,1659057.0,3026766448.0,600519.SH,4037.6839,-0.001553810517670673,-0.004266133791436366,0.0027123232737656933
2022-09-09,10941.3108,11093.2605,10890.6609,11052.6843,2708986.0,4991679523.0,600519.SH,4093.7874,0.015401983339839553,0.01389497082721114,0.001507012512628414
2022-09-13,11250.838,11297.9987,11128.3215,11245.2102,2869309.0,5387987148.0,600519.SH,4111.1145,0.017418926911718424,0.004232535377875157,0.013186391533843267
2022-09-14,11160.85,11250.838,11155.166,11188.9326,1604157.0,3002693247.0,600519.SH,4065.359,-0.005004584085053332,-0.011129707041727888,0.006125122956674556
2022-09-15,11194.5603,11324.6743,11194.3352,11250.838,2081021.0,3917954256.0,600519.SH,4027.1186,0.0055327350885998605,-0.00940640174705365,0.01493913683565351
2022-09-16,11204.6903,11282.3535,11110.7629,11132.6549,2412127.0,4501527357.0,600519.SH,3932.6826,-0.010504381984701938,-0.023450017091624642,0.012945635106922704
2022-09-19,11110.1438,11299.1805,11098.213,11203.7899,1858351.0,3479680771.0,600519.SH,3928.0001,0.006389760631132058,-0.0011906630858030676,0.007580423716935125
2022-09-20,11194.4478,11276.7257,11130.1224,11239.5824,1411630.0,2645281859.0,600519.SH,3932.8361,0.003194677900912657,0.0012311608647870287,0.0019635170361256282
2022-09-21,11232.0975,11267.7213,11070.7495,11070.7495,2099454.0,3904096421.0,600519.SH,3903.7348,-0.015021278726512044,-0.007399571011871053,-0.007621707714640991
2022-09-22,11025.7273,11031.4677,10895.4445,10917.7305,2270429.0,4147900996.0,600519.SH,3869.344,-0.013821918741816042,-0.008809717299443687,-0.005012201442372355
2022-09-23,10917.7305,11110.1438,10917.7305,10994.3807,2828769.0,5191904760.0,600519.SH,3856.0212,0.007020708195718983,-0.0034431676273807277,0.010463875823099711
2022-09-26,10913.172,11295.8601,10913.0595,11155.166,3513492.0,6566771227.0,600519.SH,3836.6773,0.014624316220012146,-0.005016543996179346,0.01964086021619149
2022-09-27,11188.1447,11346.51,11088.2518,11295.8601,2882019.0,5422668135.0,600519.SH,3892.295,0.012612461347504933,0.014496319510634903,-0.00188385816312997
2022-09-28,11253.6519,11360.0166,11217.1277,11267.7213,2144597.0,4042506330.0,600519.SH,3828.7098,-0.002491071928201416,-0.01633617184720071,0.013845099918999293
2022-09-29,11352.0252,11375.6618,11200.9197,11252.8077,2158966.0,4075515187.0,600519.SH,3827.1434,-0.0013235684130739056,-0.00040911954204525536,-0.0009144488710286502
2022-09-30,11355.627,11374.5926,11172.0493,11208.6297,2128908.0,4000917951.0,600519.SH,3804.8853,-0.0039259535200267814,-0.00581585210525426,0.0018898985852274786
2022-10-10,11307.1156,11312.7434,10689.1869,10721.828,4858413.0,8865386496.0,600519.SH,3720.9365,-0.043430973547105456,-0.022063424618870897,-0.02136754892823456
2022-10-11,10738.7113,10834.3833,10575.506,10688.0051,3204719.0,5712249507.0,600519.SH,3727.6867,-0.003154583341571926,0.0018141131943532063,-0.004968696535925132
2022-10-12,10652.3813,10682.4336,10282.8622,10575.506,4819500.0,8372252823.0,600519.SH,3784.3064,-0.010525734124135155,0.015188964244232217,-0.025714698368367372
2022-10-13,10352.9842,10434.8119,10220.9568,10237.7838,6396927.0,10919727537.0,600519.SH,3752.6729,-0.03193437741891503,-0.008359127580155779,-0.02357524983875925
2022-10-14,10294.1177,10547.3672,10248.7579,10449.5004,4651970.0,8045032623.0,600519.SH,3842.4698,0.020679924887650136,0.02392878420072253,-0.003248859313072394
2022-10-17,10384.162,10395.3613,10225.459,10341.9537,3354951.0,5740146639.0,600519.SH,3846.4119,-0.010292042287495473,0.0010259286878455676,-0.01131797097534104
2022-10-18,10378.5342,10406.6731,10243.4678,10270.65,2808277.0,4800689502.0,600519.SH,3838.2667,-0.006894606383704871,-0.0021176099210798993,-0.004776996462624972
2022-10-19,10248.9831,10248.9831,9945.1962,9945.1962,6012093.0,9997656284.0,600519.SH,3776.5335,-0.03168775101867938,-0.016083613991700996,-0.015604137026978382
2022-10-20,9793.2466,10060.1715,9736.9689,9919.8713,4277807.0,7020555512.0,600519.SH,3754.9269,-0.0025464454889285726,-0.005721278521691908,0.0031748330327633356
2022-10-21,9900.1741,9944.0707,9731.3411,9810.1298,3890740.0,6317945876.0,600519.SH,3742.8929,-0.011062794736056758,-0.0032048559986613823,-0.007857938737395376
2022-10-24,9506.2305,9613.158,9044.8099,9119.4904,13209804.0,20217576174.0,600519.SH,3633.3733,-0.07040063832794552,-0.02926068229203127,-0.04113995603591425
2022-10-25,8996.4674,9196.7033,8954.7094,8998.3246,8136156.0,12136909034.0,600519.SH,3627.4542,-0.01328646609464057,-0.0016290921717292406,-0.01165737392291133
2022-10-26,9049.2559,9196.6471,8887.1762,8910.1375,8178083.0,12120993864.0,600519.SH,3656.9027,-0.00980039106390973,0.008118227929659216,-0.017918618993568947
2022-10-27,8999.7315,9044.6411,8458.6218,8555.138,10710590.0,15258551283.0,600519.SH,3631.1448,-0.03984220221068413,-0.007043638322671297,-0.03279856388801283
2022-10-28,8497.566,8583.2768,8317.1398,8324.3996,9314275.0,12823821843.0,600519.SH,3541.3295,-0.026970739688827905,-0.02473470625572416,-0.0022360334331037457
2022-10-31,8268.1219,8448.2667,8172.4499,8268.1219,7184665.0,9758303071.0,600519.SH,3508.7034,-0.0067605716573241326,-0.009212952367183003,0.00245238070985887
2022-11-01,8318.7718,8940.0772,8318.7718,8898.488,11876648.0,16859775304.0,600519.SH,3634.1732,0.07624054260738444,0.03575959142058016,0.04048095118680428
2022-11-02,8887.1762,9146.0534,8752.1098,8954.4843,7977715.0,11717204099.0,600519.SH,3677.8051,0.0062927881680574504,0.012006004556964989,-0.005713216388907538
2022-11-03,8794.712,8901.2456,8707.6505,8771.807,4515970.0,6509550787.0,600519.SH,3647.8966,-0.020400649984946617,-0.008132160129964427,-0.01226848985498219
2022-11-04,8763.1402,9268.5699,8763.1402,9205.5389,8000795.0,11996968945.0,600519.SH,3767.1746,0.04944612894469724,0.032697746970130614,0.01674838197456663
2022-11-07,9078.8016,9216.288,9036.8185,9152.3003,4269835.0,6414049133.0,600519.SH,3775.2971,-0.005783322473385977,0.0021561251766775147,-0.007939447650063491
2022-11-08,9157.309,9213.5304,8937.601,9027.195,3932491.0,5842320995.0,600519.SH,3749.3251,-0.013669273941983806,-0.006879458572942476,-0.00678981536904133
2022-11-09,9021.9612,9049.7061,8830.8985,8886.6134,3609016.0,5276777530.0,600519.SH,3714.2704,-0.01557312099716468,-0.009349602679159519,-0.006223518318005161
2022-11-10,8797.1319,9027.8704,8747.3262,8971.5927,3771967.0,5518325849.0,600519.SH,3685.6885,0.00956261920879764,-0.007695158650807943,0.017257777859605583
2022-11-11,9269.8643,9362.4411,9084.0355,9270.7085,7394715.0,11252112275.0,600519.SH,3788.4387,0.03334032317361002,0.027878156279349087,0.005462166894260934
2022-11-14,9357.0947,9469.8188,9269.8643,9298.0031,5737015.0,8858049581.0,600519.SH,3794.0171,0.0029441762730431087,0.001472479942726812,0.0014716963303162967
2022-11-15,9292.3754,9669.2669,9230.4699,9607.5303,5631760.0,8858377894.0,600519.SH,3865.9726,0.03328964259003109,0.01896551810480762,0.014324124485223466
2022-11-16,9568.1359,9663.8079,9494.9749,9592.0539,2684776.0,4250886805.0,600519.SH,3834.3899,-0.0016108614302261515,-0.008169406063560758,0.0065585446333346065
2022-11-17,9621.5997,9654.2407,9409.8831,9489.3472,3057988.0,4793001162.0,600519.SH,3818.664,-0.010707477363112061,-0.004101278276369302,-0.006606199086742759
2022-11-18,9539.9971,9585.0192,9427.4418,9490.0788,2360871.0,3703793426.0,600519.SH,3801.5686,7.709697880997624e-05,-0.0044768013106154525,0.004553898289425429
2022-11-21,9344.995,9344.995,9104.014,9224.7296,3909600.0,5917086070.0,600519.SH,3769.1269,-0.027960695120887613,-0.008533766824568079,-0.019426928296319534
2022-11-22,9210.4351,9448.4896,9202.9502,9337.1161,2990062.0,4582790131.0,600519.SH,3769.5727,0.012183175537199276,0.00011827672875641682,0.012064898808442859
2022-11-23,9269.8643,9433.0695,9230.695,9388.0474,2217746.0,3428793052.0,600519.SH,3773.5287,0.0054547142238061674,0.001049455817631495,0.0044052584061746725
2022-11-24,9444.325,9499.9274,9190.963,9224.7859,2768738.0,4241974248.0,600519.SH,3756.8082,-0.01739035744536177,-0.004430998497507055,-0.012959358947854716
2022-11-25,9227.7123,9292.3754,9168.5645,9236.154,1862104.0,2833988373.0,600519.SH,3775.7764,0.001232342964187394,0.005049020069749721,-0.003816677105562327
2022-11-28,9026.6322,9196.7033,8836.5263,9167.8892,4772321.0,7040991068.0,600519.SH,3733.2424,-0.0073910417691174235,-0.011264967914943247,0.0038739261458258234
2022-11-29,9503.7543,9675.0635,9399.3029,9669.4357,7342013.0,11587859176.0,600519.SH,3848.4224,0.05470686753064169,0.030852537193941654,0.023854330336700036
2022-11-30,9602.5778,9697.5745,9590.647,9669.4357,3149730.0,5019450678.0,600519.SH,3853.0365,0.0,0.0011989588253098482,-0.0011989588253098482
2022-12-01,10012.7294,10125.2848,9848.3424,9848.3987,5135768.0,8480772923.0,600519.SH,3894.7687,0.01850811211247816,0.010830990051612588,0.007677122060865571
2022-12-02,9872.0353,9973.2788,9794.3721,9865.7322,2388390.0,3910860618.0,600519.SH,3870.9478,0.0017600323187565436,-0.006116126998761184,0.007876159317517728
2022-12-05,10057.7516,10119.657,9950.824,10040.3055,3612746.0,6018521304.0,600519.SH,3946.8759,0.017694915740769757,0.01961486021588832,-0.0019199444751185624
2022-12-06,9984.5906,10389.227,9967.7073,10170.3069,4414748.0,7477917194.0,600519.SH,3968.1979,0.01294795262952908,0.00540224738254369,0.00754570524698539
2022-12-07,10112.9599,10350.3954,10069.1759,10147.7958,3552626.0,6012253045.0,600519.SH,3958.4409,-0.00221341403178299,-0.0024587987408591916,0.0002453847090762018
2022-12-08,10136.5403,10209.7012,10040.8683,10164.7917,1972956.0,3323420877.0,600519.SH,3959.1798,0.001674836618214215,0.00018666440112813376,0.0014881722170860812
2022-12-09,10192.8179,10406.6731,10136.5403,10406.6731,3921526.0,6716944493.0,600519.SH,3998.2442,0.023796001643594966,0.009866791096479144,0.013929210547115822
2022-12-12,10327.0964,10609.2726,10322.2566,10457.4355,3475517.0,6063957619.0,600519.SH,3953.4433,0.004877870142764307,-0.011205143497738379,0.016083013640502686
2022-12-13,10446.0674,10579.3892,10406.6731,10519.2284,2138546.0,3735089152.0,600519.SH,3945.6813,0.005908991740852798,-0.001963351795129964,0.007872343535982762
2022-12-14,10479.834,10692.5636,10479.834,10636.6799,2909840.0,5141262368.0,600519.SH,3954.8857,0.011165410193013647,0.0023327783721405204,0.008832631820873127
2022-12-15,10828.7555,10890.6609,10688.0614,10727.3995,3063444.0,5497063390.0,600519.SH,3951.9885,0.00852893956130063,-0.0007325622583731484,0.009261501819673779
2022-12-16,10650.0739,10749.9668,10479.834,10726.7241,3330266.0,5901587128.0,600519.SH,3954.227,-6.296027289742767e-05,0.0005664237130245109,-0.0006293839859219386
2022-12-19,10793.8634,10793.8634,10576.4628,10648.667,2498710.0,4447236356.0,600519.SH,3893.2207,-0.0072768814851871255,-0.015428122866997795,0.00815124138181067
2022-12-20,10605.502,10605.502,10139.0728,10322.2566,4619840.0,7944120661.0,600519.SH,3829.0173,-0.03065270047415314,-0.0164910763985201,-0.01416162407563304
2022-12-21,10372.9065,10457.323,10337.1701,10457.323,2281614.0,3948926227.0,600519.SH,3830.5384,0.013084968261688035,0.0003972559747902338,0.012687712286897801
2022-12-22,10556.9344,10704.9447,10491.0896,10620.5282,2317534.0,4093861570.0,600519.SH,3836.028,0.015606785790206468,0.0014331144676684726,0.014173671322537995
2022-12-23,10532.735,10699.3169,10491.0896,10637.4115,1731921.0,3063608409.0,600519.SH,3828.2188,0.0015896855299530888,-0.0020357515638571577,0.0036254370938102465
2022-12-26,10637.4115,10637.4115,10434.9244,10474.5439,2138380.0,3749121030.0,600519.SH,3843.4887,-0.015310830083051674,0.003988774100372572,-0.019299604183424246
2022-12-27,10574.9995,10626.4936,10504.6525,10546.8607,1790505.0,3109270166.0,600519.SH,3887.854,0.006904052404611116,0.011542976567096463,-0.004638924162485347
2022-12-28,10619.3463,10625.6494,10406.2228,10546.8607,2143790.0,3699948995.0,600519.SH,3871.2644,0.0,-0.004267032661205872,0.004267032661205872
2022-12-29,10456.8165,10513.0378,10367.0536,10468.072,2241780.0,3844499655.0,600519.SH,3856.7007,-0.007470346128682581,-0.003762000859460879,-0.0037083452692217023
2022-12-30,10563.744,10659.3598,10513.0941,10513.0941,2533312.0,4409544297.0,600519.SH,3871.6338,0.004300897051529695,0.0038719883033704328,0.0004289087481592624
2023-01-03,10536.7307,10577.4195,10394.9673,10530.0337,2603380.0,4487760231.0,600519.SH,3887.8992,0.0016112858725387813,0.00420117212531812,-0.0025898862527793387
2023-01-04,10529.9774,10578.939,10451.1887,10501.8949,2041575.0,3523582306.0,600519.SH,3892.9477,-0.0026722421600607893,0.0012985161755223462,-0.0039707583355831355
2023-01-05,10569.3718,10929.5488,10546.8607,10929.5488,4794285.0,8541587089.0,600519.SH,3968.5782,0.040721593966818403,0.019427566417087982,0.02129402754973042
2023-01-06,10958.363,10990.8915,10850.7601,10945.1377,2490375.0,4480838898.0,600519.SH,3980.8888,0.0014263077355947118,0.003102017745297392,-0.00167571000970268
2023-01-09,11120.8929,11205.1968,10967.9302,11155.785,3097723.0,5684181147.0,600519.SH,4013.1196,0.01924574233542997,0.008096382898211019,0.011149359437218953
2023-01-10,11143.7416,11286.912,11095.5679,11230.3529,2273173.0,4204783734.0,600519.SH,4017.4737,0.0066842360264203204,0.0010849664186434183,0.005599269607776902
2023-01-11,11239.076,11261.587,11131.248,11176.8891,2272031.0,4201487773.0,600519.SH,4010.0309,-0.004760651822437345,-0.0018526070251561055,-0.0029080447972812395
2023-01-12,11194.0538,11239.076,11109.6373,11115.2651,1719317.0,3162637136.0,600519.SH,4017.8692,-0.005513519857685556,0.0019546732171065173,-0.007468193074792073
2023-01-13,11172.5558,11419.1645,11149.0317,11413.5367,3193965.0,5969876222.0,600519.SH,4074.3772,0.02683441171367118,0.014064171128318481,0.012770240585352699
2023-01-16,11407.9089,11683.6695,11379.7701,11559.2958,3684826.0,7059982640.0,600519.SH,4137.9643,0.012770721629168591,0.015606581540854814,-0.0028358599116862226
2023-01-17,11560.7591,11616.1363,11458.5588,11531.7198,2129923.0,4068321409.0,600519.SH,4137.2422,-0.0023856124522740885,-0.00017450609711644471,-0.0022111063551576438
2023-01-18,11565.4864,11629.0801,11430.42,11447.3033,2106293.0,4008665438.0,600519.SH,4130.3143,-0.007320373843977768,-0.0016745212547623067,-0.005645852589215461
2023-01-19,11444.4894,11444.602,11295.3536,11375.3242,2343889.0,4401994437.0,600519.SH,4156.0077,-0.006287865195290232,0.00622068882263993,-0.012508554017930162
2023-01-20,11425.8615,11476.8491,11250.3315,11261.6433,2560875.0,4807356071.0,600519.SH,4181.5267,-0.009993640444990515,0.006140267738194982,-0.016133908183185497
2023-01-30,11537.3476,11537.3476,11374.1423,11419.1645,3592255.0,6799756571.0,600519.SH,4201.345,0.013987408036622906,0.004739489048342094,0.009247918988280812
2023-01-31,11467.0005,11486.4163,11110.0313,11181.4476,3299068.0,6128311548.0,600519.SH,4156.8578,-0.020817363652130716,-0.010588799539195337,-0.010228564112935379
2023-02-01,11233.3356,11255.9592,10988.0776,11177.0017,3397389.0,6244678925.0,600519.SH,4195.9332,-0.0003976139905175202,0.00940022533366447,-0.00979783932418199
2023-02-02,11196.1924,11255.9592,11070.243,11127.1397,2975886.0,5465509510.0,600519.SH,4181.1493,-0.004461124847104703,-0.0035233878365843463,-0.0009377370105203564
2023-02-03,11036.4764,11070.243,10899.6091,11025.2208,3494490.0,6324635031.0,600519.SH,4141.6319,-0.009159487770248886,-0.009451324782877246,0.0002918370126283598
2023-02-06,10811.3657,10895.7822,10698.8104,10895.7822,4266095.0,7595739044.0,600519.SH,4086.8779,-0.011740227461022767,-0.013220392666958292,0.0014801652059355241
2023-02-07,10969.3934,10973.4454,10854.8684,10907.0377,2432171.0,4373671735.0,600519.SH,4094.2335,0.0010330144080892278,0.001799809091433735,-0.0007667946833445072
2023-02-08,10923.9773,10957.5188,10783.2269,10833.8768,1667577.0,2980574806.0,600519.SH,4076.1411,-0.006707678291054342,-0.0044189956435068956,-0.0022886826475474464
2023-02-09,10800.1102,11091.3471,10783.2832,11025.2208,2975366.0,5401399088.0,600519.SH,4130.8565,0.01766163706052115,0.013423333161847628,0.004238303898673523
2023-02-10,10980.7615,11027.9784,10929.8302,10980.1987,1798451.0,3253859317.0,600519.SH,4106.3097,-0.0040835554059831525,-0.005942302764571972,0.0018587473585888192
2023-02-13,10980.1987,11343.1896,10980.1987,11241.0457,3814670.0,7058382498.0,600519.SH,4143.574,0.02375612747335798,0.009074887848814717,0.014681239624543263
2023-02-14,11241.6647,11246.9548,11120.8929,11170.3609,1956576.0,3601769574.0,600519.SH,4145.2902,-0.006288098268295572,0.00041418350438560125,-0.006702281772681173
2023-02-15,11170.3046,11235.1365,11125.4514,11154.6595,1817691.0,3351422211.0,600519.SH,4123.6893,-0.0014056305020547777,-0.005210950007794479,0.0038053195057397016
2023-02-16,11156.5729,11413.5367,11081.4985,11271.8295,3324595.0,6196915130.0,600519.SH,4093.4876,0.010504130583277815,-0.007323951394689221,0.017828081977967036
2023-02-17,11206.2098,11334.748,11036.7578,11040.866,2644283.0,4880328952.0,600519.SH,4034.507,-0.020490329453617062,-0.014408398354498475,-0.006081931099118587
2023-02-20,11042.1041,11367.389,11020.7186,11346.0035,2966869.0,5488800056.0,600519.SH,4133.4896,0.02763709839427464,0.024534001304248543,0.003103097090026097
2023-02-21,11340.3757,11340.3757,11210.9371,11300.9814,1875052.0,3491633510.0,600519.SH,4144.3536,-0.003968102072240742,0.0026282877305414676,-0.00659638980278221
2023-02-22,11233.5045,11283.5353,11102.884,11126.5206,2186916.0,4031016045.0,600519.SH,4106.9506,-0.015437668094914425,-0.009025050372149734,-0.006412617722764691
2023-02-23,11149.0317,11198.556,10953.4668,11025.2208,2188097.0,3983991208.0,600519.SH,4103.6463,-0.009104355588035351,-0.0008045628793293957,-0.008299792708705955
2023-02-24,10980.8178,10981.268,10823.6343,10856.3879,2463461.0,4415621498.0,600519.SH,4061.0457,-0.015313335039965792,-0.010381157849788436,-0.004932177190177356
2023-02-27,10802.9241,11008.3375,10783.3394,10982.5061,2206489.0,3978128676.0,600519.SH,4043.8444,0.011616957791274363,-0.004235682449966083,0.015852640241240445
2023-02-28,11030.8486,11047.7882,10829.9374,11001.2466,2395181.0,4314877096.0,600519.SH,4069.4587,0.0017063955921681195,0.00633414579453162,-0.004627750202363501
2023-03-01,10997.082,11194.0538,10942.0987,11140.7589,2445810.0,4475592195.0,600519.SH,4126.9415,0.012681499203917479,0.014125416729256823,-0.0014439175253393444
2023-03-02,11087.1263,11143.3476,11042.6669,11081.4985,1314419.0,2405292304.0,600519.SH,4117.7377,-0.0053192426594925735,-0.002230174573591648,-0.0030890680859009256
2023-03-03,11147.7373,11158.0924,10937.8779,11025.4459,1619806.0,2946842659.0,600519.SH,4130.5513,-0.005058214825368501,0.00311180578597825,-0.008170020611346751
2023-03-06,11026.2338,11028.0347,10905.7434,10964.1033,2064586.0,3730079522.0,600519.SH,4109.0102,-0.005563729626572256,-0.005215066569927429,-0.0003486630566448268
2023-03-07,10957.5751,11017.342,10856.3879,10858.0762,2278539.0,4101302456.0,600519.SH,4048.8519,-0.009670384991721237,-0.014640581812135567,0.00497019682041433
2023-03-08,10811.4783,10844.7947,10705.1135,10757.4517,2276370.0,4035787172.0,600519.SH,4034.1077,-0.00926724938622181,-0.003641575529102492,-0.005625673857119318
2023-03-09,10743.8325,10839.5046,10586.2551,10755.2006,2761150.0,4881442710.0,600519.SH,4019.8505,-0.0002092595963038013,-0.0035341644448412257,0.0033249048485374244
2023-03-10,10651.3683,10816.9935,10642.5327,10642.5327,2116082.0,3725139075.0,600519.SH,3967.1352,-0.010475666999646749,-0.013113746394299963,0.0026380793946532144
2023-03-13,10648.1605,10783.2269,10636.905,10710.0659,2056043.0,3626476291.0,600519.SH,4008.686,0.006345594784970654,0.010473754461405749,-0.004128159676435095
2023-03-14,10720.0834,10810.6904,10577.8134,10732.577,2370492.0,4177289027.0,600519.SH,3984.6956,0.0021018638176633075,-0.005984604431477081,0.008086468249140388
2023-03-15,10802.1925,10838.8292,10643.2081,10647.7103,1921253.0,3392698490.0,600519.SH,3986.902,-0.007907392604776908,0.0005537185826691715,-0.00846111118744608
2023-03-16,10586.2551,10755.0881,10580.6836,10653.732,1764624.0,3096791142.0,600519.SH,3939.1505,0.0005655394286976367,-0.01197709399428426,0.012542633422981897
2023-03-17,10755.0881,10788.2356,10563.744,10597.5106,2702291.0,4744249369.0,600519.SH,3958.8194,-0.005277155460640448,0.004993183174900162,-0.01027033863554061
2023-03-20,10648.1605,10670.6716,10518.7219,10527.7263,2049093.0,3557872017.0,600519.SH,3939.077,-0.006584971002529527,-0.004986941308815385,-0.0015980296937141425
2023-03-21,10558.1162,10844.2882,10496.042,10783.2269,3114182.0,5491052284.0,600519.SH,3982.3782,0.024269304949540604,0.010992727484128828,0.013276577465411776
2023-03-22,10811.3657,10884.5267,10730.0445,10773.9411,1533026.0,2727648674.0,600519.SH,3999.4427,-0.0008611336927353275,0.004285002363662915,-0.005146136056398243
2023-03-23,10732.577,10873.8902,10727.0055,10782.439,1735566.0,3082821551.0,600519.SH,4039.0895,0.0007887457264825759,0.009913081140029867,-0.009124335413547291
2023-03-24,10749.9105,10831.6257,10732.577,10803.5994,1276996.0,2269649179.0,600519.SH,4027.0457,0.001962487337048513,-0.0029818106283606705,0.004944297965409183
2023-03-27,10803.4869,10803.4869,10676.2993,10742.6507,1529555.0,2700755933.0,600519.SH,4012.4771,-0.005641517955580544,-0.003617689265358992,-0.002023828690221552
2023-03-28,10755.0881,10867.6434,10727.0618,10821.4957,1726135.0,3073113077.0,600519.SH,3999.5147,0.0073394362529164425,-0.003230523110025918,0.01056995936294236
2023-03-29,10918.2933,10923.921,10839.8985,10867.6434,1539299.0,2761909333.0,600519.SH,4006.144,0.004264447473744548,0.0016575260993538787,0.0026069213743906694
2023-03-30,10884.5267,10952.0599,10805.738,10923.921,1925701.0,3453573052.0,600519.SH,4038.5257,0.005178454788091313,0.00808300949741203,-0.002904554709320717
2023-03-31,11064.6152,11194.0538,11030.8486,11036.4764,2744633.0,5024790356.0,600519.SH,4050.9257,0.010303571400781752,0.003070427408695009,0.0072331439920867435
2023-04-03,11064.6152,11080.2041,10924.3713,10935.5705,2141743.0,3875811673.0,600519.SH,4090.5676,-0.009142945297287097,0.009785886717201375,-0.018928832014488473
2023-04-04,10991.4542,11009.2943,10850.7601,11006.0302,2006626.0,3614275263.0,600519.SH,4103.1052,0.006443166362468222,0.0030650025194547403,0.003378163843013482
2023-04-06,10952.0599,11013.4025,10857.626,10906.8126,1487422.0,2676251956.0,600519.SH,4096.64,-0.009014839882957926,-0.0015756846790083712,-0.0074391552039495545
2023-04-07,10895.7822,10957.7439,10858.3013,10873.2149,1352468.0,2428160574.0,600519.SH,4123.2799,-0.0030804324995918897,0.006502865763162058,-0.009583298262753948
2023-04-10,10872.5958,10872.5958,10608.7661,10764.6553,2941822.0,5171150567.0,600519.SH,4104.8118,-0.009984130820407167,-0.0044789828602225246,-0.005505147960184642
2023-04-11,10884.5267,10884.5267,10608.7661,10617.2078,2920919.0,5138854627.0,600519.SH,4100.1479,-0.013697373105853172,-0.0011362031262920347,-0.012561169979561138
2023-04-12,10627.1127,10642.5327,10320.7371,10327.9406,5110492.0,8732657376.0,600519.SH,4097.2876,-0.02724512936442669,-0.0006976089813736097,-0.02654752038305308
2023-04-13,10304.8668,10493.9034,10271.1565,10490.5831,2954268.0,5049310126.0,600519.SH,4068.9786,0.015747815203352333,-0.0069092050067462996,0.022657020210098633
2023-04-14,10507.4664,10546.8607,10388.1577,10436.6691,2123162.0,3646526766.0,600519.SH,4091.9988,-0.005139275813944133,0.005657488589396742,-0.010796764403340875
2023-04-17,10586.2551,10659.416,10518.7219,10659.416,3046723.0,5303401395.0,600519.SH,4149.3836,0.021342719393105947,0.014023660026488916,0.007319059366617031
2023-04-18,10659.416,10749.4603,10620.1342,10687.5549,1831389.0,3220107647.0,600519.SH,4162.032,0.0026398162901231093,0.0030482599873389304,-0.0004084436972158212
2023-04-19,10710.0659,10729.7631,10642.5327,10693.1826,1460056.0,2568632845.0,600519.SH,4124.5589,0.0005265657161677151,-0.009003558838567405,0.00953012455473512
2023-04-20,10699.4295,10726.9492,10524.3497,10596.8353,1988537.0,3468366835.0,600519.SH,4113.0192,-0.009010161296600261,-0.002797802208619249,-0.006212359087981012
2023-04-21,10620.0217,10631.7274,10480.9033,10504.4836,1851787.0,3210937222.0,600519.SH,4032.5672,-0.008715026457002839,-0.019560326876178924,0.010845300419176085
2023-04-24,10479.3275,10484.9553,10366.7722,10389.2833,2023091.0,3456728718.0,600519.SH,3982.6429,-0.010966774225817266,-0.01238027725861579,0.0014135030327985243
2023-04-25,10394.911,10563.6315,10372.4,10532.116,2058251.0,3534989917.0,600519.SH,3962.6658,0.013748080197216295,-0.005016040981228764,0.01876412117844506
2023-04-26,10608.7661,10704.4382,10473.6998,10608.2596,2789160.0,4861477657.0,600519.SH,3959.2323,0.007229658313675946,-0.0008664621679678186,0.008096120481643765
2023-04-27,10631.2772,10755.0881,10529.9774,10687.1046,2560504.0,4489906864.0,600519.SH,3988.4185,0.007432416152410193,0.007371681626258786,6.0734526151406953e-05
2023-04-28,10715.75,10826.9546,10664.875,10701.7368,2622464.0,4636084177.0,600519.SH,4029.0858,0.0013691453904174367,0.010196347248915716,-0.00882720185849828
2023-05-04,10749.4603,10798.253,10563.744,10641.97,2746642.0,4818999650.0,600519.SH,4030.2471,-0.00558477573472016,0.00028822915610282607,-0.005873004890822986
2023-05-05,10732.577,10732.577,10565.9388,10642.5327,2071421.0,3621305973.0,600519.SH,4016.8774,5.287554841815201e-05,-0.0033173400211615744,0.0033702155695797265
2023-05-08,10745.6334,10749.4603,10457.7732,10476.6262,3317126.0,5742915994.0,600519.SH,4062.6624,-0.015589005425372005,0.01139815718547954,-0.026987162610851545
2023-05-09,10445.5609,10586.1425,10400.9327,10484.9553,2937796.0,5057346564.0,600519.SH,4027.8754,0.0007950173883266576,-0.00856261155246374,0.009357628940790397
2023-05-10,10446.6302,10563.744,10445.5609,10501.8386,2077260.0,3588550877.0,600519.SH,3996.8695,0.0016102405319744495,-0.007697829977560855,0.009308070509535304
2023-05-11,10535.6052,10558.1162,10445.5609,10457.2104,1524612.0,2623835905.0,600519.SH,3990.6637,-0.004249560643599937,-0.0015526651545665349,-0.002696895489033402
2023-05-12,10445.5609,10529.3021,10389.3395,10397.1621,1946045.0,3335038590.0,600519.SH,3937.7622,-0.0057422866809679896,-0.013256316236319288,0.007514029555351298
2023-05-15,10372.4,10456.8165,10311.6201,10452.877,2574018.0,4384647977.0,600519.SH,3998.8872,0.0053586641685619,0.015522775854773574,-0.010164111686211674
2023-05-16,10439.8769,10473.6435,10344.2611,10379.6598,2222377.0,3785811907.0,600519.SH,3978.2054,-0.007004502205469443,-0.005171888819469617,-0.0018326133859998261
2023-05-17,10406.1666,10434.3054,10355.5729,10366.7722,1677691.0,2858697942.0,600519.SH,3960.165,-0.0012416206550430742,-0.004534808584795491,0.003293187929752417
2023-05-18,10389.227,10391.5344,10304.8668,10310.4945,1921928.0,3260170684.0,600519.SH,3956.0701,-0.005428661777674537,-0.0010340225722917928,-0.004394639205382744
2023-05-19,10197.9392,10385.5127,10110.9902,10358.3305,2674116.0,4504022549.0,600519.SH,3944.5403,0.004639544689151398,-0.0029144579617028654,0.0075540026508542635
2023-05-22,10304.923,10653.7883,10304.8668,10620.0217,4128432.0,7165754129.0,600519.SH,3969.3277,0.025263839573375302,0.006283976867976104,0.018979862705399198
2023-05-23,10664.9875,10665.0438,10499.3061,10499.3061,1689421.0,2934118394.0,600519.SH,3913.1882,-0.011366794099865074,-0.014143327092897784,0.00277653299303271
2023-05-24,10543.0901,10549.956,10418.0411,10422.4871,1847927.0,3182416491.0,600519.SH,3859.0935,-0.007316578759428594,-0.0138236898496219,0.006507111090193307
2023-05-25,10394.8548,10417.4221,10304.8668,10366.7722,2246560.0,3814504093.0,600519.SH,3850.4996,-0.005345643459707561,-0.002226921944233795,-0.0031187215154737657
2023-05-26,10372.4,10389.2833,10220.5066,10308.0183,1829110.0,3090691546.0,600519.SH,3850.9511,-0.00566752108240598,0.00011725751120716943,-0.005784778593613149
2023-05-29,10344.2611,10351.8586,10237.3336,10299.239,1777141.0,2998147159.0,600519.SH,3833.9416,-0.0008516961984826876,-0.004416960786648327,0.0035652645881656397
2023-05-30,10299.239,10354.8976,10127.9298,10182.688,2645340.0,4424706688.0,600519.SH,3837.7531,-0.01131646716810819,0.0009941465983727138,-0.012310613766480905
2023-05-31,10141.7178,10168.2246,9948.4603,9961.0103,3695697.0,6053737281.0,600519.SH,3798.5434,-0.021770057179400948,-0.01021683755528724,-0.011553219624113709
2023-06-01,9899.6676,10220.394,9899.6676,10000.5172,2864525.0,4708722933.0,600519.SH,3806.8679,0.003966153915130555,0.0021914979304962223,0.0017746559846343324
2023-06-02,10051.6173,10210.0389,10001.5865,10195.6881,2505802.0,4163116244.0,600519.SH,3861.8337,0.019516080628309895,0.01443858874115378,0.005077491887156116
2023-06-05,10170.7008,10264.7971,10152.9171,10164.1726,1620050.0,2704294313.0,600519.SH,3844.2492,-0.0030910616027964855,-0.004553406844007846,0.0014623452412113602
2023-06-06,10192.3114,10271.1002,10088.4792,10175.3719,1991392.0,3326778183.0,600519.SH,3808.1629,0.0011018407932190666,-0.009387086560361468,0.010488927353580535
2023-06-07,10209.1385,10241.8358,10079.7561,10084.8211,1788964.0,2971782064.0,600519.SH,3789.3418,-0.008899016261017523,-0.004942304332621772,-0.003956711928395751
2023-06-08,10112.566,10220.4503,10079.8124,10181.0559,1470272.0,2441569677.0,600519.SH,3820.1867,0.009542539133391204,0.008139909680356716,0.0014026294530344874
2023-06-09,10203.5107,10237.1647,10169.8004,10169.8004,1758041.0,2938014322.0,600519.SH,3836.7026,-0.001105533660806124,0.004323322731844437,-0.005428856392650561
2023-06-12,10169.9129,10406.1666,10144.588,10338.6334,2702944.0,4562308599.0,600519.SH,3844.4324,0.01660140743765237,0.002014698767634604,0.014586708670017767
2023-06-13,10326.7025,10387.0884,10276.7279,10355.5167,1466254.0,2485398902.0,600519.SH,3864.9074,0.0016330301449705154,0.005325883737739678,-0.003692853592769163
2023-06-14,10468.072,10553.8391,10396.0929,10512.4188,3150580.0,5438040356.0,600519.SH,3864.0247,0.015151547194163673,-0.0002283883955408461,0.015379935589704519
2023-06-15,10531.8909,10674.3296,10490.5831,10670.6716,2522257.0,4395900802.0,600519.SH,3925.4994,0.015053890356803601,0.015909499750351053,-0.0008556093935474518
2023-06-16,10681.9271,10923.921,10643.0955,10910.9209,3791789.0,6742301361.0,600519.SH,3963.3509,0.022514918367462444,0.00964246740172725,0.012872450965735194
2023-06-19,10867.6434,10912.3841,10574.9995,10608.7661,3169992.0,5584248725.0,600519.SH,3930.9079,-0.027692877876146826,-0.00818575009343725,-0.019507127782709577
2023-06-20,10586.2551,10726.9492,10558.1162,10605.7271,2094674.0,3659824529.0,600519.SH,3924.2377,-0.00028646121248732115,-0.0016968599035352971,0.001410398691047976
2023-06-21,10586.2551,10679.676,10558.1162,10562.7873,1772061.0,3088635934.0,600519.SH,3864.0323,-0.004048737026243088,-0.01534193507187398,0.011293198045630892
2023-06-26,10474.3188,10529.9774,10333.0056,10411.7943,2399268.0,4098619510.0,600519.SH,3809.6962,-0.01429480644753689,-0.014062020133734365,-0.00023278631380252435
2023-06-27,10417.3658,10472.0114,10361.6509,10423.3312,1517446.0,2598138744.0,600519.SH,3845.4334,0.0011080606922864167,0.00938059050482809,-0.008272529812541674
2023-06-28,10435.3184,10552.4885,10423.0499,10520.8604,1857356.0,3199294221.0,600519.SH,3840.7986,0.009356816753553598,-0.0012052737670609215,0.01056209052061452
2023-06-29,10535.6052,10558.06,10434.3617,10438.3011,1423116.0,2446524134.0,600519.SH,3821.8435,-0.007847200405776578,-0.004935197591459217,-0.0029120028143173604
2023-06-30,10506.9655,10557.5591,10430.8781,10456.3156,2045869.0,3472586730.0,600519.SH,3842.4516,0.0017258076604054207,0.005392188350988203,-0.0036663806905827823
2023-07-03,10501.3377,10649.2354,10461.9434,10642.5946,1913909.0,3286737792.0,600519.SH,3892.8821,0.0178149749037797,0.013124563494827157,0.004690411408952544
2023-07-04,10643.1574,10700.7857,10608.7155,10679.1751,1247238.0,2155553635.0,600519.SH,3899.0133,0.00343717874962568,0.0015749770587709655,0.0018622016908547145
2023-07-05,10675.7985,10686.8852,10506.9655,10593.5205,1474539.0,2523960725.0,600519.SH,3868.8054,-0.008020713135418078,-0.007747575521222183,-0.0002731376141958952
2023-07-06,10558.5158,10692.6818,10506.9655,10523.7362,1514062.0,2589459002.0,600519.SH,3842.7547,-0.0065874512632511095,-0.0067335255477053435,0.00014607428445423398
2023-07-07,10512.5932,10557.5591,10450.6878,10450.8567,1516742.0,2571458553.0,600519.SH,3825.6988,-0.006925249608594197,-0.004438456610306063,-0.0024867929982881343
2023-07-10,10535.1043,10591.1569,10506.9655,10512.0305,1347741.0,2298241728.0,600519.SH,3844.3269,0.0058534722804113315,0.0048692019350817795,0.000984270345329552
2023-07-11,10563.2431,10592.3387,10518.7838,10563.2431,1258270.0,2151079270.0,600519.SH,3869.4861,0.004871808543553957,0.0065445006770885605,-0.0016726921335346034
2023-07-12,10580.3516,10636.4041,10570.7281,10584.6287,1328467.0,2280785351.0,600519.SH,3843.4369,0.002024529758289928,-0.006731953372309585,0.008756483130599513
2023-07-13,10630.7201,10762.5223,10613.9493,10723.0717,2580654.0,4479772500.0,600519.SH,3898.4229,0.013079627441253683,0.014306466173543697,-0.0012268387322900143
2023-07-14,10822.1204,10836.1898,10738.8294,10805.2371,1855030.0,3245530255.0,600519.SH,3899.1027,0.007662487233019322,0.00017437820817223226,0.007488109024847089
2023-07-17,10793.9816,10793.9816,10656.6641,10675.6296,1433648.0,2482069846.0,600519.SH,3867.1749,-0.011994877928222403,-0.00818849936935484,-0.0038063785588675625
2023-07-18,10695.9459,10701.1797,10625.1486,10635.2785,1473765.0,2544005063.0,600519.SH,3854.9393,-0.003779739604304,-0.0031639634400812966,-0.0006157761642227033
2023-07-19,10591.4383,10664.5429,10584.6287,10636.4041,1248322.0,2147704435.0,600519.SH,3850.8663,0.0001058364386037347,-0.0010565665716188999,0.0011624030102226346
2023-07-20,10664.4867,10782.6135,10630.7763,10642.0319,1669265.0,2897176490.0,600519.SH,3823.6946,0.0005291073888402664,-0.007055996724685154,0.0075851041135254205
2023-07-21,10686.3787,10914.9785,10653.2874,10908.2252,3937740.0,6931535726.0,600519.SH,3821.91,0.025013390534941005,-0.0004667213746620824,0.025480111909603087
2023-07-24,10791.2802,10907.381,10791.2802,10907.381,1971337.0,3476648177.0,600519.SH,3805.221,-7.739114150318027e-05,-0.004366664835121714,0.004289273693618534
2023-07-25,11069.7421,11232.272,11069.6858,11230.4148,4308646.0,7837450019.0,600519.SH,3915.1153,0.029616073739424875,0.028879873205787554,0.0007362005336373212
2023-07-26,11230.4148,11272.2854,11154.6088,11230.4148,1961145.0,3580171484.0,600519.SH,3907.0128,0.0,-0.002069543137082075,0.002069543137082075
2023-07-27,11272.3417,11378.0874,11231.259,11283.766,2034043.0,3749635290.0,600519.SH,3902.3458,0.004750599238774189,-0.0011945187382031985,0.005945117976977388
2023-07-28,11249.8306,11632.5187,11227.3758,11615.6354,3901792.0,7330314112.0,600519.SH,3992.7376,0.02941122671278351,0.023163452095916304,0.006247774616867208
2023-07-31,11677.5408,11829.4905,11486.1968,11523.2275,4537861.0,8615279839.0,600519.SH,4014.6301,-0.007955475255361222,0.005483080080193492,-0.013438555335554714
2023-08-01,11508.7641,11671.6317,11508.0888,11570.6133,1923062.0,3635857283.0,600519.SH,3998.001,0.004112198600609185,-0.0041421250739887006,0.008254323674597885
2023-08-02,11539.0978,11576.241,11445.6769,11519.9634,1850872.0,3478674239.0,600519.SH,3969.895,-0.004377460268247035,-0.007030013249121336,0.002652552980874301
2023-08-03,11463.6857,11576.241,11353.9443,11511.3529,2154347.0,4031087705.0,600519.SH,4004.9839,-0.0007474416107954296,0.008838747624307475,-0.009586189235102904
2023-08-04,11563.9725,11669.2117,11531.2189,11595.7694,2457364.0,4655813751.0,600519.SH,4020.5792,0.007333325694497628,0.0038939732067337918,0.003439352487763836
2023-08-07,11525.3098,11621.2632,11469.4823,11564.5916,2389245.0,4491893140.0,600519.SH,3990.1531,-0.0026887219747574465,-0.007567591256503525,0.004878869281746079
2023-08-08,11520.1322,11597.1201,11430.3693,11576.241,1773618.0,3333559505.0,600519.SH,3979.7322,0.0010073334539544287,-0.0026116541743724797,0.0036189876283269085
2023-08-09,11576.241,11660.6575,11536.6216,11577.8168,1852346.0,3506306394.0,600519.SH,3967.5652,0.00013612363460646648,-0.003057240886710888,0.0031933645213173545
2023-08-10,11531.2189,11570.6133,11420.3519,11491.8246,1843619.0,3454219140.0,600519.SH,3975.7166,-0.007427324294853266,0.002054509400374771,-0.009481833695228037
2023-08-11,11548.1022,11550.3533,11260.4108,11261.0861,2678649.0,4959166751.0,600519.SH,3884.2538,-0.020078491278051613,-0.023005362102520133,0.0029268708244685193
2023-08-14,11126.0198,11210.3237,11047.231,11086.6254,2373119.0,4285362053.0,600519.SH,3855.9061,-0.015492351132987081,-0.007298107039246493,-0.008194244093740588
2023-08-15,11120.392,11171.0419,11075.4261,11142.7905,1481799.0,2682125119.0,600519.SH,3846.5357,0.005066023065954717,-0.0024301421655470445,0.007496165231501761
2023-08-16,11112.4006,11201.1504,11103.5087,11182.2974,1318431.0,2396261791.0,600519.SH,3818.3338,0.0035455122305314557,-0.007331766087599334,0.01087727831813079
2023-08-17,11103.9589,11261.0861,11078.4651,11227.6009,1729037.0,3141408018.0,600519.SH,3831.1008,0.004051358891599577,0.0033436050038371246,0.0007077538877624523
2023-08-18,11249.7743,11266.6576,11084.318,11084.318,1702334.0,3084761577.0,600519.SH,3784.0038,-0.012761666653113735,-0.012293333550503327,-0.0004683331026104076
2023-08-21,11030.3477,11148.4745,11013.8584,11019.0922,1891181.0,3405415645.0,600519.SH,3729.555,-0.005884511794049918,-0.014389203308939669,0.00850469151488975
2023-08-22,11075.3136,11084.1492,10906.6494,11002.2089,2665036.0,4763131152.0,600519.SH,3758.2271,-0.0015321861087612687,0.007687807258506707,-0.009219993367267976
2023-08-23,11052.8588,11069.7421,10901.3593,10923.4202,1991222.0,3556178584.0,600519.SH,3696.6339,-0.007161171062658123,-0.016388897839622385,0.009227726776964262
2023-08-24,10955.0482,11227.3195,10929.0479,11161.4747,2605509.0,4703417600.0,600519.SH,3723.4293,0.021793036946431865,0.007248594457784918,0.014544442488646947
2023-08-25,11119.2102,11282.3028,11103.565,11210.3237,1883086.0,3433296756.0,600519.SH,3709.1517,0.004376572210480489,-0.0038345296364294956,0.008211101846909985
2023-08-28,11624.5273,11624.5273,11249.1553,11266.5451,4105213.0,7633221012.0,600519.SH,3752.6194,0.005015145102366558,0.011719040771505762,-0.006703895669139204
2023-08-29,11227.3195,11458.5082,11227.3195,11358.6153,2895028.0,5371260173.0,600519.SH,3790.1067,0.008171999417993625,0.009989635506334471,-0.001817636088340846
2023-08-30,11451.8674,11452.4302,11315.4504,11384.897,1981181.0,3672570260.0,600519.SH,3788.5097,0.0023138119661469947,-0.0004213601690948865,0.002735172135241881
2023-08-31,11407.4081,11407.4081,11300.5368,11334.2471,1482022.0,2738445519.0,600519.SH,3765.2678,-0.004448867653348176,-0.006134839776179013,0.0016859721228308366
2023-09-01,11367.057,11438.1919,11328.7882,11357.0396,1314519.0,2438622738.0,600519.SH,3791.4912,0.0020109408061166345,0.006964551100455463,-0.004953610294338828
2023-09-04,11422.0403,11519.6257,11370.9964,11441.1747,2387100.0,4453823216.0,600519.SH,3848.9517,0.007408189366531648,0.015155118914689902,-0.0077469295481582545
2023-09-05,11452.4302,11452.4302,11389.3992,11400.092,1565874.0,2915625961.0,600519.SH,3820.3174,-0.003590776391168893,-0.0074395061907376325,0.0038487297995687397
2023-09-06,11396.1525,11444.889,11345.5589,11413.0358,1112143.0,2067605990.0,600519.SH,3812.0283,0.0011354118896582666,-0.002169741184331997,0.0033051530739902635
2023-09-07,11365.7626,11389.9057,11245.2721,11283.5972,1698157.0,3128587116.0,600519.SH,3758.4748,-0.011341294487133724,-0.014048557824190344,0.00270726333705662
2023-09-08,11266.3762,11266.3762,11153.8772,11173.8558,1221178.0,2224338144.0,600519.SH,3739.9927,-0.009725745970442845,-0.004917446832422567,-0.004808299138020278
2023-09-11,11114.7642,11294.8527,11114.7642,11194.5097,1592600.0,2902617736.0,600519.SH,3767.537,0.0018484129712861286,0.007364800471401978,-0.005516387500115849
2023-09-12,11219.4407,11221.5792,11159.8989,11182.0723,1216801.0,2214514112.0,600519.SH,3760.6048,-0.001111026774133772,-0.0018399819298390296,0.0007289551557052576
2023-09-13,11238.1249,11238.1249,11070.0235,11181.7909,1950143.0,3540583633.0,600519.SH,3736.6513,-2.5165281751893254e-05,-0.006369587147258882,0.006344421865506988
2023-09-14,11196.5357,11221.5792,11103.5087,11174.925,1750459.0,3180447848.0,600519.SH,3733.5077,-0.0006140250753571275,-0.0008412880270631806,0.00022726295170605315
2023-09-15,11176.6697,11181.0593,10964.5029,10968.386,2843146.0,5105749077.0,600519.SH,3708.7766,-0.01848236117915769,-0.006624092405112747,-0.011858268774044944
2023-09-18,10936.4203,11235.7612,10917.7924,11234.0729,3255892.0,5905121000.0,600519.SH,3727.711,0.02422297136515783,0.005105295368828644,0.019117675996329186
2023-09-19,11194.6785,11232.9473,11114.7642,11221.3541,1498950.0,2727858953.0,600519.SH,3720.5021,-0.0011321628507501291,-0.0019338677274068905,0.0008017048766567614
2023-09-20,11193.553,11238.5751,11171.3233,11204.8085,1250178.0,2281583949.0,600519.SH,3705.6898,-0.001474474457588082,-0.003981263711690941,0.002506789254102859
2023-09-21,11171.0982,11193.553,11060.6814,11060.6814,1948919.0,3521486755.0,600519.SH,3672.4448,-0.012862968608521985,-0.00897133915526327,-0.003891629453258716
2023-09-22,11101.4264,11350.9053,11027.0274,11345.5026,3439046.0,6287832575.0,600519.SH,3738.9327,0.025750782406588568,0.018104533524915034,0.007646248881673534
2023-09-25,11337.061,11339.8749,11219.3844,11251.9692,1397913.0,2565773541.0,600519.SH,3714.6037,-0.008244094889194309,-0.006506937126736667,-0.0017371577624576418
2023-09-26,11227.3195,11266.0386,11143.4658,11159.7864,1576196.0,2870852363.0,600519.SH,3692.8928,-0.008192592635251628,-0.005844741930343789,-0.002347850704907839
2023-09-27,11154.1586,11258.2723,11085.4998,11148.5308,2087994.0,3791876119.0,600519.SH,3700.495,-0.001008585612355506,0.0020586029467195566,-0.0030671885590750625
2023-09-28,11210.3237,11210.3237,11057.361,11061.5818,2053784.0,3704812960.0,600519.SH,3689.5172,-0.007799144260336122,-0.002966576093198392,-0.00483256816713773
2023-10-09,11052.5211,11052.5211,10872.2075,10940.3035,2976268.0,5279950406.0,600519.SH,3684.7272,-0.010963920187255671,-0.001298272847189863,-0.009665647340065808
2023-10-10,10973.451,11064.0018,10889.6536,10900.9091,2028392.0,3615557182.0,600519.SH,3657.1259,-0.0036008507442228943,-0.007490730928465972,0.0038898801842430775
2023-10-11,10983.3559,10983.3559,10889.6536,10948.7451,2194486.0,3896568648.0,600519.SH,3667.5483,0.004388257856402067,0.002849888214130125,0.0015383696422719417
2023-10-12,11057.9238,11059.7809,10941.429,10990.9534,1486507.0,2657095942.0,600519.SH,3702.3824,0.00385508107225907,0.00949792535792926,-0.00564284428567019
2023-10-13,10905.8615,10945.9875,10721.8899,10793.9816,2502788.0,4387687934.0,600519.SH,3663.4104,-0.017921266047766227,-0.010526195241204572,-0.007395070806561654
2023-10-16,10793.869,10822.1204,10633.3088,10675.2357,2078965.0,3603604610.0,600519.SH,3626.5972,-0.011001121217401377,-0.01004888777954005,-0.0009522334378613273
2023-10-17,10726.4484,10728.9246,10597.0097,10653.2874,1494523.0,2577312288.0,600519.SH,3639.4018,-0.0020560014426660445,0.0035307477764554562,-0.005586749219121501
2023-10-18,10612.7675,10743.3317,10603.6505,10664.5429,2031750.0,3511987514.0,600519.SH,3610.5767,0.0010565283350940646,-0.00792028514136578,0.008976813476459844
2023-10-19,10506.9655,10507.1343,10090.6796,10113.0219,7349237.0,12146921769.0,600519.SH,3533.5445,-0.051715390445848386,-0.021335151251599238,-0.030380239194249148
2023-10-20,10113.0219,10253.716,10035.6401,10197.4383,4537601.0,7421390806.0,600519.SH,3510.5889,0.00834729726037664,-0.006496479667936761,0.014843776928313401
2023-10-23,10112.853,10281.8548,10065.7486,10191.698,2523423.0,4138279588.0,600519.SH,3474.2438,-0.0005629158844726589,-0.010352992342680722,0.009790076458208063
2023-10-24,10214.3216,10244.4865,10063.5538,10185.9014,2986146.0,4894807617.0,600519.SH,3487.1302,-0.0005687570412702403,0.0037091236947734973,-0.004277880736043738
2023-10-25,10338.7516,10495.7099,10321.3618,10380.3407,3617898.0,6075417064.0,600519.SH,3504.4576,0.019089061671066165,0.004968956995067275,0.01412010467599889
2023-10-26,10321.2492,10439.4323,10293.1666,10350.6824,2238635.0,3741418874.0,600519.SH,3514.1448,-0.0028571605554335022,0.0027642508786522857,-0.005621411434085788
2023-10-27,10304.3659,10461.268,10285.2315,10375.8948,3426239.0,5754795486.0,600519.SH,3562.3851,0.0024358200769449834,0.013727465072014056,-0.011291644995069072
2023-10-30,10332.5047,10444.3847,10332.5047,10400.0379,2408642.0,4050573178.0,600519.SH,3583.7718,0.0023268451025544312,0.006003477838485205,-0.0036766327359307738
2023-10-31,10394.4102,10450.6878,10326.0328,10420.1853,1985877.0,3335804699.0,600519.SH,3572.5056,0.0019372429402395586,-0.003143671145579119,0.005080914085818677
2023-11-01,11351.1304,11351.1304,10922.2383,10962.7583,9314308.0,16747292689.0,600519.SH,3571.0268,0.052069419533259165,-0.0004139391691926342,0.0524833587024518
2023-11-02,11041.6033,11041.6033,10935.0134,10954.3729,2790764.0,4982090753.0,600519.SH,3554.1889,-0.0007648987390335149,-0.004715142434663311,0.003950243695629796
2023-11-03,10957.1868,11153.5395,10923.4202,11132.9982,3017600.0,5433116881.0,600519.SH,3584.1364,0.01630630083808815,0.008425973082072158,0.007880327756015992
2023-11-06,11182.2974,11203.6267,11076.0452,11137.2753,2552392.0,4624102375.0,600519.SH,3632.6084,0.00038418222325753426,0.013524038873074185,-0.01313985664981665
2023-11-07,11097.8809,11126.0198,10980.1481,11020.0489,1958159.0,3511590028.0,600519.SH,3619.7593,-0.010525590581387467,-0.0035371552848911803,-0.006988435296496287
2023-11-08,10979.9792,11091.1276,10973.3385,11060.4,1454567.0,2610041959.0,600519.SH,3611.0723,0.003661608071448663,-0.0023998833292590005,0.006061491400707664
2023-11-09,11014.0835,11064.1143,10974.0701,11036.5946,1280048.0,2291996819.0,600519.SH,3612.8263,-0.002152309138909958,0.00048572829738136036,-0.0026380374362913184
2023-11-10,10960.282,11002.2089,10918.3552,10933.7753,1646557.0,2928380668.0,600519.SH,3586.4893,-0.009316216072664418,-0.007289860572593843,-0.0020263555000705757
2023-11-13,10913.7404,10984.6503,10827.6356,10867.1425,1836995.0,3244573621.0,600519.SH,3579.4141,-0.006094217063341234,-0.0019727369603472766,-0.004121480102993957
2023-11-14,10867.1425,10928.9917,10844.6877,10874.2898,1281675.0,2263963957.0,600519.SH,3582.0584,0.0006576981943506865,0.0007387521885215964,-8.105399417090986e-05
2023-11-15,10951.559,10973.451,10884.0258,10917.3985,1843486.0,3271230275.0,600519.SH,3607.2454,0.003964277280894102,0.007031431983353542,-0.0030671547024594403
2023-11-16,10923.4202,10934.6757,10844.9128,10844.9128,1255757.0,2215937273.0,600519.SH,3572.3641,-0.006639466352721279,-0.009669788476270536,0.003030322123549256
2023-11-17,10799.6093,10839.0037,10720.2578,10807.6007,2171363.0,3793781119.0,600519.SH,3568.0685,-0.003440516368190538,-0.001202453019836347,-0.002238063348354191
2023-11-20,10816.4926,10898.0952,10713.2794,10858.7009,1860804.0,3265514010.0,600519.SH,3576.3233,0.004728172461071711,0.0023135206064570646,0.0024146518546146467
2023-11-21,10976.4337,11058.4866,10901.4719,11013.4644,3009845.0,5383107810.0,600519.SH,3581.0674,0.014252487606505548,0.0013265299588547386,0.01292595764765081
2023-11-22,10975.7584,11037.9452,10960.2258,10965.6847,1266457.0,2263460167.0,600519.SH,3544.4162,-0.0043382988553538615,-0.010234713817450003,0.0058964149620961415
2023-11-23,10947.6196,11002.2089,10906.5369,10990.9534,1154964.0,2055272193.0,600519.SH,3561.5204,0.00230434311137917,0.004825674817759751,-0.0025213317063805807
2023-11-24,11007.8367,11007.8367,10929.0479,10940.3035,1308540.0,2329345658.0,600519.SH,3538.0087,-0.0046083263350020776,-0.006601590713898431,0.0019932643788963533
2023-11-27,10919.4807,10919.4807,10816.4926,10861.5147,1626074.0,2865075217.0,600519.SH,3511.9424,-0.0072017014884459,-0.0073675059080550165,0.00016580441960911685
2023-11-28,10850.2592,10922.7448,10833.3759,10895.5065,1451976.0,2562905659.0,600519.SH,3518.5232,0.003129563503698085,0.0018738348328264376,0.0012557286708716475
2023-11-29,10889.6536,10934.6757,10833.3759,10927.4159,1714933.0,3034175614.0,600519.SH,3488.3073,0.0029286752295545337,-0.008587665415990431,0.011516340645544965
2023-11-30,10938.7277,11040.2526,10906.9871,11021.9061,2135342.0,3817513545.0,600519.SH,3496.2028,0.008647076387016561,0.002263418707405762,0.006383657679610799
2023-12-01,11009.5813,11011.7761,10777.0983,10846.2072,3305131.0,5830850111.0,600519.SH,3482.8813,-0.015940881586715694,-0.003810276680746294,-0.0121306049059694
2023-12-04,10846.2072,10854.9303,10761.7907,10792.3495,1844047.0,3233102118.0,600519.SH,3460.138,-0.0049655791196761,-0.006530024436951165,0.001564445317275065
2023-12-05,10781.4879,10782.0507,10552.1002,10557.6154,2990301.0,5168983317.0,600519.SH,3394.2571,-0.021750046178545257,-0.019039963145978556,-0.0027100830325667014
2023-12-06,10521.7665,10616.5381,10513.3249,10523.8488,2385129.0,4078003022.0,600519.SH,3399.598,-0.003198316922967348,0.0015735107396550596,-0.004771827662622408
2023-12-07,10529.4765,10558.0656,10435.4929,10506.9655,2504150.0,4249170906.0,600519.SH,3391.2823,-0.0016042894877014158,-0.0024460833310291363,0.0008417938433277206
2023-12-08,10506.9655,10556.7149,10463.1815,10534.6541,2628801.0,4474160126.0,600519.SH,3399.4618,0.0026352613416309456,0.0024119195267229276,0.00022334181490801797
2023-12-11,10450.6878,10529.4765,10264.9715,10495.7099,3683098.0,6172810248.0,600519.SH,3419.4548,-0.003696770641952063,0.005881225080981878,-0.00957799572293394
2023-12-12,10437.1812,10563.1869,10416.9212,10563.1869,2101066.0,3564305866.0,600519.SH,3426.803,0.006429007722479119,0.0021489390647888573,0.004280068657690261
2023-12-13,10536.3424,10539.1563,10265.4218,10281.8548,3878870.0,6480807500.0,600519.SH,3369.605,-0.02663325970309216,-0.01669135926401366,-0.0099419004390785
2023-12-14,10315.3963,10337.4009,10141.2732,10146.2257,4067215.0,6703240107.0,600519.SH,3351.9639,-0.013191112171706432,-0.005235361414765216,-0.007955750756941216
2023-12-15,10215.616,10381.8602,10191.8669,10197.4383,3709251.0,6140791726.0,600519.SH,3341.5517,0.005047453261363799,-0.0031062983703374902,0.00815375163170129
2023-12-18,10169.2995,10300.5953,10141.1607,10293.1104,1989734.0,3292194757.0,600519.SH,3329.3657,0.009381973902210294,-0.0036468087565426632,0.013028782658752958
2023-12-19,10309.9937,10393.6785,10197.9448,10366.2713,2220676.0,3706057587.0,600519.SH,3334.0412,0.007107754328565363,0.0014043215498977801,0.005703432778667583
2023-12-20,10378.1234,10389.3789,10293.7069,10331.9194,2309203.0,3816133219.0,600519.SH,3297.5022,-0.0033138144860244134,-0.01095937266762037,0.007645558181595957
2023-12-21,10276.8799,10458.713,10276.8799,10445.6566,2901168.0,4827827888.0,600519.SH,3330.8698,0.011008332101390517,0.010119053142709111,0.0008892789586814054
2023-12-22,10443.9683,10496.8693,10378.1797,10449.3146,2166684.0,3613238325.0,600519.SH,3337.2281,0.0003501934000011975,0.0019089007922195034,-0.001558707392218306
2023-12-25,10451.2844,10494.0554,10434.4011,10456.9121,1247106.0,2086014390.0,600519.SH,3347.4508,0.0007270811809991784,0.0030632308292022348,-0.0023361496482030564
2023-12-26,10459.726,10473.2327,10375.3095,10445.6566,1477126.0,2457177339.0,600519.SH,3324.7902,-0.0010763693805936336,-0.006769509502574378,0.005693140121980744
2023-12-27,10434.4011,10485.8951,10395.0067,10429.111,1605550.0,2679221365.0,600519.SH,3336.3572,-0.0015839693600495641,0.0034790165105755833,-0.005062985870625147
2023-12-28,10451.2281,10772.0108,10429.111,10755.1275,3833806.0,6537401380.0,600519.SH,3414.5403,0.03126023876819417,0.023433671910189968,0.007826566858004202
2023-12-29,10727.0449,10893.5142,10727.0449,10760.8115,2753868.0,4768857531.0,600519.SH,3431.1099,0.0005284921076016413,0.004852659082688282,-0.004324166975086641
2024-01-02,10698.9061,10716.8586,10491.2415,10530.1294,3215644.0,5440082548.0,600519.SH,3386.3522,-0.021437240118926004,-0.013044671055275736,-0.008392569063650268
2024-01-03,10508.1811,10587.5889,10481.2804,10580.723,2022929.0,3411400667.0,600519.SH,3378.2971,0.004804651308463415,-0.0023786952816071683,0.007183346590070583
2024-01-04,10575.0952,10575.0952,10405.8683,10440.0288,2155107.0,3603970147.0,600519.SH,3347.0519,-0.013297219859172205,-0.00924880171137099,-0.004048418147801214
2024-01-05,10396.8639,10494.3931,10344.9759,10408.2882,2024286.0,3373155627.0,600519.SH,3329.1114,-0.0030402789693453336,-0.005360090173683885,0.002319811204338551
2024-01-08,10395.0067,10400.6345,10276.8799,10299.2784,2558620.0,4211918629.0,600519.SH,3286.0564,-0.010473364870892232,-0.012932880527818824,0.002459515656926592
2024-01-09,10282.5077,10346.1577,10249.0787,10282.4514,2441204.0,4009826496.0,600519.SH,3292.4994,-0.001633803781826093,0.0019607088910587045,-0.0035945126728847976
2024-01-10,10283.0142,10386.3399,10265.5681,10285.2653,1735067.0,2856120718.0,600519.SH,3277.129,0.00027366042303866855,-0.004668307608499567,0.004941968031538235
2024-01-11,10277.3864,10377.7857,10265.9057,10313.798,1644055.0,2708764500.0,600519.SH,3295.6717,0.0027741335947846224,0.005658214858188293,-0.0028840812634036705
2024-01-12,10276.6548,10340.1923,10273.447,10294.0446,1160324.0,1908084612.0,600519.SH,3284.1667,-0.0019152401472281033,-0.0034909423775431048,0.0015757022303150015
2024-01-15,10248.6848,10361.0713,10245.5895,10276.8236,1785403.0,2931202343.0,600519.SH,3280.9195,-0.0016729090138194458,-0.0009887439635754003,-0.0006841650502440455
2024-01-16,10268.382,10316.218,10192.0695,10273.6158,2590314.0,4236042960.0,600519.SH,3300.8762,-0.00031213924894069045,0.006082654572902468,-0.006394793821843159
2024-01-17,10220.546,10251.3861,9922.2743,9922.2743,5163276.0,8251735591.0,600519.SH,3229.082,-0.034198427003665155,-0.02175004321579832,-0.012448383787866835
2024-01-18,9905.391,10123.7484,9801.5588,10112.8868,6043981.0,9566349514.0,600519.SH,3274.7286,0.01921056546481492,0.014136091929533023,0.005074473535281898
2024-01-19,10101.6313,10265.6244,10056.6654,10248.6848,4637843.0,7550144389.0,600519.SH,3269.7763,0.013428213198233507,-0.0015122779945794251,0.014940491192812932
2024-01-22,10214.9182,10293.7069,10157.9652,10288.0791,4694589.0,7678297836.0,600519.SH,3218.9016,0.003843839552954087,-0.015559076625517143,0.01940291617847123
2024-01-23,10231.8578,10276.5422,10102.3629,10158.6405,3483490.0,5659457115.0,600519.SH,3231.9329,-0.01258141570859439,0.004048368549072645,-0.016629784257667035
2024-01-24,10214.9182,10242.1566,10071.7478,10198.0349,3321635.0,5373603703.0,600519.SH,3277.1089,0.0038779204756780317,0.01397801297174217,-0.01010009249606414
2024-01-25,10202.6497,10282.4514,10175.5238,10265.5681,3120580.0,5094508165.0,600519.SH,3342.9189,0.006622177768777826,0.020081725083960444,-0.013459547315182618
2024-01-26,10222.5719,10299.8975,10181.1516,10261.7412,2695475.0,4402111882.0,600519.SH,3333.8213,-0.0003727898897285531,-0.002721453996386236,0.002348664106657683
2024-01-29,10278.5119,10392.643,10278.4557,10333.1013,3142068.0,5189014946.0,600519.SH,3303.9604,0.006953995292728665,-0.008956958790802605,0.01591095408353127
2024-01-30,10332.9887,10332.9887,10107.9906,10124.8739,3086633.0,5010784454.0,600519.SH,3245.0387,-0.020151491208162287,-0.017833658054739354,-0.0023178331534229324
2024-01-31,10124.8739,10164.0995,10041.189,10079.3453,2964912.0,4770104891.0,600519.SH,3215.3518,-0.004496707855294879,-0.00914839628877162,0.004651688433476742
2024-02-01,10082.6657,10186.1603,10057.3407,10108.1595,2648515.0,4272298576.0,600519.SH,3217.7109,0.0028587372634212294,0.0007336988755008989,0.0021250383879203305
2024-02-02,10136.1295,10208.0523,9944.7854,10029.2019,3938202.0,6336691194.0,600519.SH,3179.6276,-0.007811273654714235,-0.011835525683802195,0.00402425202908796
2024-02-05,10029.2019,10262.4165,10024.9811,10220.6022,5313036.0,8590683071.0,600519.SH,3200.4218,0.019084300217348193,0.006539822462227951,0.012544477755120242
2024-02-06,10220.6022,10532.7744,10198.5977,10479.4232,5247204.0,8740646588.0,600519.SH,3311.6922,0.025323458924954467,0.034767417219817576,-0.009443958294863108
2024-02-07,10507.7309,10696.5987,10398.4396,10676.3387,5260107.0,8899606867.0,600519.SH,3343.6303,0.01879068115122995,0.009644042402249697,0.009146638748980251
2024-02-08,10727.1012,10755.1837,10530.0731,10648.2562,4675654.0,7953438044.0,600519.SH,3364.9297,-0.0026303492975546794,0.006370142057870565,-0.009000491355425244
2024-02-19,10827.6131,10827.9508,10546.9564,10588.7707,3697744.0,6288277980.0,600519.SH,3403.8078,-0.005586407659875836,0.011553911512623749,-0.017140319172499585
2024-02-20,10599.6323,10599.6323,10370.0194,10445.6566,3447007.0,5755266893.0,600519.SH,3410.8542,-0.013515648232896305,0.002070152139612702,-0.015585800372509007
2024-02-21,10423.2581,10788.9503,10400.6345,10713.8759,4615407.0,7868784082.0,600519.SH,3456.8713,0.025677591200920613,0.0134913711644431,0.012186220036477513
2024-02-22,10656.6978,10743.9845,10617.4723,10717.9279,2279361.0,3905984695.0,600519.SH,3486.6747,0.00037820113260789157,0.00862149539671897,-0.008243294264111078
2024-02-23,10677.0141,10751.6945,10614.6021,10693.7848,2730589.0,4670706950.0,600519.SH,3489.7416,-0.0022525902604738635,0.0008796060039670817,-0.003132196264440945
2024-02-26,10659.5117,10663.6763,10530.1856,10586.2382,2731832.0,4625594409.0,600519.SH,3453.3585,-0.010056925776176007,-0.010425728942223156,0.00036880316604714913
2024-02-27,10518.8176,10574.645,10490.6787,10555.398,2207985.0,3718478358.0,600519.SH,3494.7874,-0.002913235033763062,0.011996698286609986,-0.014909933320373048
2024-02-28,10552.1339,10595.1863,10468.2239,10510.6573,3186731.0,5371312847.0,600519.SH,3450.2598,-0.004238655899095223,-0.012741147000816189,0.008502491101720966
2024-02-29,10510.6573,10594.7924,10497.432,10586.3508,2475833.0,4184917973.0,600519.SH,3516.0826,0.007201595279868966,0.019077635834843676,-0.01187604055497471
2024-03-01,10558.2119,10586.1819,10483.2501,10530.4108,2686796.0,4526845398.0,600519.SH,3537.8038,-0.005284162697499206,0.006177670570082672,-0.011461833267581878
2024-03-04,10496.3065,10507.5057,10445.938,10481.1115,2648477.0,4434401015.0,600519.SH,3540.8686,-0.004681612231120069,0.000866300160568434,-0.005547912391688503
2024-03-05,10450.2151,10597.6063,10426.9724,10586.9135,3623837.0,6102136582.0,600519.SH,3565.5143,0.01009454006857946,0.006960354304025973,0.0031341857645534876
2024-03-06,10563.8397,10586.3508,10490.7913,10505.0295,2214248.0,3725582802.0,600519.SH,3551.0481,-0.007734454428101278,-0.0040572547977159035,-0.003677199630385375
2024-03-07,10501.9343,10557.0864,10490.6787,10522.363,2159912.0,3633934774.0,600519.SH,3529.7195,0.0016500191646295903,-0.00600628304640527,0.00765630221103486
2024-03-08,10505.0858,10539.5277,10445.938,10453.7043,2215623.0,3710678522.0,600519.SH,3544.9099,-0.0065250267454183275,0.00430357143110105,-0.010828598176519377
2024-03-11,10473.7954,10608.1865,10463.5529,10583.4806,2989509.0,5048394347.0,600519.SH,3589.2635,0.012414384057142458,0.012511911797814745,-9.752774067228742e-05
2024-03-12,10580.3853,10890.8129,10561.0258,10867.7391,5422654.0,9393309052.0,600519.SH,3597.4939,0.026858697128428588,0.0022930609580489314,0.024565636170379657
2024-03-13,10839.4314,10884.6224,10727.6077,10768.9718,2649954.0,4588879420.0,600519.SH,3572.361,-0.009088118429342984,-0.006986224493667703,-0.002101893935675281
2024-03-14,10721.4171,10810.561,10679.2089,10708.0793,1940479.0,3338768308.0,600519.SH,3562.2229,-0.005654439544544032,-0.0028379270739994356,-0.0028165124705445965
2024-03-15,10684.8367,10796.8292,10682.0228,10712.9192,1783358.0,3066692399.0,600519.SH,3569.993,0.000451985819716505,0.0021812503647651305,-0.0017292645450486255
2024-03-18,10698.9061,10726.2007,10608.8618,10660.9749,2605501.0,4446059130.0,600519.SH,3603.528,-0.004848753083099955,0.009393575841745383,-0.014242328924845338
2024-03-19,10631.3729,10726.7072,10575.7143,10659.6243,2394753.0,4093701261.0,600519.SH,3577.6303,-0.00012668635023238561,-0.007186762528277879,0.0070600761780454935
2024-03-20,10633.3989,10691.4774,10615.784,10668.5161,1524925.0,2604543856.0,600519.SH,3585.3838,0.0008341569786847192,0.0021672166629402856,-0.0013330596842555664
2024-03-21,10660.0745,10721.4171,10639.8145,10665.1395,1659597.0,2839332631.0,600519.SH,3581.0902,-0.0003165013736072808,-0.0011975286997168988,0.000881027326109618
2024-03-22,10642.7972,10665.0832,10546.9564,10622.0871,2545614.0,4318592818.0,600519.SH,3545.0023,-0.004036740447698639,-0.010077350187939982,0.006040609740241343
2024-03-25,10606.273,10607.5674,10505.1984,10552.6404,2447285.0,4131446237.0,600519.SH,3525.7634,-0.006537952414267134,-0.005427048665102463,-0.0011109037491646712
2024-03-26,10543.9174,10686.525,10543.9174,10666.7715,2806907.0,4782899074.0,600519.SH,3543.7467,0.010815406919390647,0.005100540779338747,0.0057148661400519
2024-03-27,10642.6284,10682.0228,10608.8618,10620.1173,1811258.0,3087792980.0,600519.SH,3502.7866,-0.004373788263862255,-0.011558416407132066,0.007184628143269811
2024-03-28,10586.3508,10715.7894,10576.2208,10623.7191,2464218.0,4201857059.0,600519.SH,3520.9648,0.00033914879640750684,0.0051896395858086475,-0.004850490789401141
2024-03-29,10623.7191,10676.3387,10603.7968,10630.8101,1345655.0,2290584417.0,600519.SH,3537.4843,0.0006674687021799297,0.004691753805661447,-0.0040242851034815175
2024-04-01,10670.711,10805.8336,10663.4511,10734.5298,2713137.0,4679371035.0,600519.SH,3595.6466,0.009756518931703928,0.01644171254696447,-0.006685193615260543
2024-04-02,10738.3004,10755.1275,10642.9098,10693.222,2544925.0,4360973684.0,600519.SH,3580.6759,-0.003848123836779571,-0.004163562681605004,0.00031543884482543305
2024-04-03,10805.8336,10836.4487,10670.8798,10699.5251,2904580.0,5002390042.0,600519.SH,3567.8031,0.000589448156972816,-0.0035950754437171772,0.004184523600689993
2024-04-08,10586.3508,10591.9785,10404.0111,10426.8599,5916659.0,9907355766.0,600519.SH,3536.4077,-0.025483860026647487,-0.00879964480102613,-0.016684215225621357
2024-04-09,10393.1495,10462.5399,10380.6559,10401.8726,2558982.0,4256226333.0,600519.SH,3533.4871,-0.002396435766821692,-0.000825866316262247,-0.0015705694505594447
2024-04-10,10402.154,10417.4615,10304.9624,10321.7332,2763050.0,4562853880.0,600519.SH,3504.7086,-0.007704324315604527,-0.008144504050969892,0.0004401797353653647
2024-04-11,10277.4427,10333.1013,10246.9402,10321.8457,2276624.0,3736417595.0,600519.SH,3504.2447,1.0899332294256325e-05,-0.00013236478490674664,0.00014326411720100296
2024-04-12,10338.729,10411.89,10243.2258,10243.2258,2674433.0,4403968129.0,600519.SH,3475.8389,-0.0076168451152103245,-0.008106111996117216,0.0004892668809068912
2024-04-15,10248.7411,10477.2284,10248.5722,10462.4273,3581771.0,5960815532.0,600519.SH,3549.0759,0.02139965517503284,0.021070309098617734,0.0003293460764151046
2024-04-16,10420.2754,10499.458,10383.7512,10445.6566,2626623.0,4382796962.0,600519.SH,3511.1146,-0.0016029454273961408,-0.010696108246093017,0.009093162818696876
2024-04-17,10434.4011,10474.921,10378.1234,10428.7733,2481911.0,4130322018.0,600519.SH,3565.403,-0.0016162985867255175,0.015461870711938497,-0.017078169298664014
2024-04-18,10383.8074,10518.705,10379.1364,10450.0463,2656841.0,4445487745.0,600519.SH,3569.8018,0.0020398372261096753,0.0012337455261020036,0.0008060917000076717
2024-04-19,10393.7686,10437.2149,10284.0272,10314.192,2349992.0,3879233242.0,600519.SH,3541.6619,-0.013000353883599658,-0.007882762566818191,-0.005117591316781467
2024-04-22,10355.6123,10495.6312,10304.9624,10474.1331,2995139.0,5001684635.0,600519.SH,3530.9045,0.015506895741324245,-0.003037387617378151,0.018544283358702396
2024-04-23,10473.7954,10586.3508,10473.7954,10571.0432,2497995.0,4217855279.0,600519.SH,3506.2249,0.009252326572019687,-0.006989597141468962,0.01624192371348865
2024-04-24,10597.4937,10613.9831,10520.6747,10578.4719,1708643.0,2893555635.0,600519.SH,3521.6219,0.0007027404826045469,0.004391332683764793,-0.0036885922011602457
2024-04-25,10560.0691,10589.7274,10514.5967,10575.3203,1447648.0,2447183879.0,600519.SH,3530.2813,-0.00029792582802068424,0.0024589238271151004,-0.0027568496551357846
2024-04-26,10580.723,10693.2783,10580.6104,10667.5594,3099592.0,5290248521.0,600519.SH,3584.2686,0.008722109343581863,0.01529263404590453,-0.0065705247023226665
2024-04-29,10597.3249,10772.067,10579.71,10637.0006,4133223.0,7072096590.0,600519.SH,3623.9124,-0.0028646477468876608,0.011060499204775143,-0.013925146951662803
2024-04-30,10642.6847,10782.6472,10642.6284,10642.6284,3075989.0,5273902374.0,600519.SH,3604.3943,0.0005290777176416572,-0.00538591937266486,0.0059149970903065174
2024-05-06,10805.6648,10980.2944,10766.4393,10953.2811,5990949.0,10504351712.0,600519.SH,3657.8767,0.02918947165344976,0.014838110247816116,0.014351361405633645
2024-05-07,10984.7403,11052.3298,10933.4714,11008.4332,2492452.0,4413196426.0,600519.SH,3659.0076,0.0050352126907433625,0.0003091684309644016,0.004726044259778961
2024-05-08,11006.6886,11008.2644,10927.7873,10974.4978,1476909.0,2603293863.0,600519.SH,3630.2233,-0.0030826730183547424,-0.007866695876772689,0.004784022858417947
2024-05-09,10940.9,10980.1818,10895.8779,10929.6445,2238734.0,3929804849.0,600519.SH,3664.561,-0.0040870480651969965,0.009458839625650528,-0.013545887690847525
2024-05-10,10958.3461,10996.5023,10805.7774,10833.8599,2620661.0,4571398242.0,600519.SH,3666.2771,-0.008763743413612524,0.0004682962024644688,-0.009232039616076992
2024-05-13,10794.6907,10798.2924,10621.3555,10648.2562,3766212.0,6435415674.0,600519.SH,3664.6907,-0.017131816519059817,-0.0004327005179176613,-0.016699116001142156
2024-05-14,10648.1999,10689.17,10614.5459,10625.6326,2127417.0,3623282672.0,600519.SH,3657.0454,-0.0021246295708022833,-0.0020862060746354993,-3.842349616678398e-05
2024-05-15,10629.0092,10659.5117,10606.5544,10614.4896,1573876.0,2677203002.0,600519.SH,3626.0559,-0.0010486905033776361,-0.008473917222903582,0.007425226719525946
2024-05-16,10642.6284,10670.0919,10558.2119,10639.8145,2967954.0,5048754769.0,600519.SH,3640.3592,0.0023858801463236823,0.003944588940286264,-0.001558708793962582
2024-05-17,10614.5459,10707.7979,10614.4896,10698.9061,2892388.0,4936920634.0,600519.SH,3677.9696,0.005553818630954499,0.01033150794569937,-0.004777689314744871
2024-05-20,10715.7331,10800.1496,10660.1308,10665.1395,3142572.0,5401389335.0,600519.SH,3690.9623,-0.0031560796668737012,0.0035325740593397104,-0.006688653726213412
2024-05-21,10659.5117,10669.2477,10604.1345,10642.6284,1629339.0,2776847499.0,600519.SH,3676.1611,-0.002110717820427932,-0.004010119528991218,0.0018994017085632864
2024-05-22,10631.3729,10670.5421,10563.8397,10601.602,2028568.0,3443977767.0,600519.SH,3684.451,-0.0038549123823583553,0.0022550426312928362,-0.0061099550136511915
2024-05-23,10614.4896,10650.3947,10558.6621,10569.5237,1888497.0,3199923320.0,600519.SH,3641.7917,-0.003025797421936871,-0.011578197131675738,0.008552399709738867
2024-05-24,10575.0952,10586.3508,10485.051,10485.5012,2021663.0,3401323915.0,600519.SH,3601.4754,-0.00794950675024264,-0.011070457434454672,0.0031209506842120316
2024-05-27,10490.6787,10543.8611,10434.4573,10446.3319,2509791.0,4199001866.0,600519.SH,3635.7079,-0.0037355677380497276,0.009505132257740856,-0.013240699995790584
2024-05-28,10447.9077,10474.7521,10406.2622,10415.4918,2352087.0,3923020375.0,600519.SH,3609.1724,-0.002952242020952789,-0.007298578634438724,0.004346336613485935
2024-05-29,10423.1455,10501.9343,10417.5178,10468.1677,1965128.0,3289173345.0,600519.SH,3613.5223,0.0050574568163934686,0.00120523475132428,0.0038522220650691885
2024-05-30,10473.7954,10475.934,10327.4735,10327.4735,3220792.0,5333306808.0,600519.SH,3594.3121,-0.01344019354982251,-0.0053161979932986325,-0.008123995556523878
2024-05-31,10335.9152,10409.0761,10324.3782,10324.3782,2185665.0,3617654788.0,600519.SH,3579.9247,-0.00029971512393622834,-0.004002824351285517,0.0037031092273492883
2024-06-03,10333.1013,10338.2788,10249.3038,10273.3907,3026105.0,4966041477.0,600519.SH,3588.7483,-0.004938554071953649,0.0024647445796834866,-0.007403298651637136
2024-06-04,10279.6375,10366.8679,10257.4078,10351.1101,2084108.0,3432497303.0,600519.SH,3615.6714,0.007565116743783573,0.007502086451702361,6.303029208121202e-05
2024-06-05,10344.3568,10381.9503,10293.8757,10299.3347,1905557.0,3140824328.0,600519.SH,3594.7936,-0.005001917620410579,-0.005774252604924257,0.0007723349845136784
2024-06-06,10297.4212,10344.3005,10253.806,10275.7543,2561005.0,4205700983.0,600519.SH,3592.2454,-0.002289507107677391,-0.0007088585002488212,-0.0015806486074285697
2024-06-07,10311.3218,10311.6032,10158.6968,10159.6535,3352455.0,5453120695.0,600519.SH,3574.1143,-0.011298518494160636,-0.005047288807162098,-0.006251229686998538
2024-06-11,10068.54,10079.8518,9865.9967,9877.2522,7024676.0,11090577610.0,600519.SH,3542.8771,-0.027796351519271734,-0.008739843602651454,-0.01905650791662028
2024-06-12,9882.88,9995.4353,9882.88,9892.3346,3317050.0,5230086503.0,600519.SH,3544.1225,0.001526983385115921,0.0003515222134009566,0.0011754611717149643
2024-06-13,9920.98,9921.6553,9788.0521,9798.5198,3618597.0,5654938942.0,600519.SH,3526.1306,-0.009483585401569461,-0.005076545745808736,-0.004407039655760725
2024-06-14,9798.4635,9848.8883,9604.0804,9798.4635,5951416.0,9177637168.0,600519.SH,3541.5331,-5.74576580436581e-06,0.004368102531426388,-0.0043738482972307535
2024-06-17,9670.6569,9763.4025,9550.8981,9722.4886,4831816.0,7400883243.0,600519.SH,3536.1986,-0.00775375649457688,-0.0015062685705238277,-0.006247487924053052
2024-06-18,9662.778,9795.8747,9582.8075,9609.9333,4125825.0,6317590943.0,600519.SH,3545.5902,-0.011576799380356162,0.002655846309084442,-0.014232645689440604
2024-06-19,9651.3874,9685.2103,9561.9622,9668.327,4126153.0,6167728416.0,600519.SH,3528.749,0.006076389728948417,-0.004749900312788657,0.010826290041737074
2024-06-20,9662.6993,9752.7998,9651.4437,9663.262,2471068.0,3715924984.0,600519.SH,3503.2817,-0.0005238755371015369,-0.007217090249263869,0.006693214712162332
2024-06-21,9665.5131,9690.7255,9495.1044,9499.494,4331997.0,6418543742.0,600519.SH,3495.6198,-0.016947486262920308,-0.002187063632365094,-0.014760422630555214
2024-06-24,9229.3613,9600.7376,9178.7676,9530.7281,6383993.0,9319362390.0,600519.SH,3476.8102,0.003287975127938436,-0.005380905555003479,0.008668880682941915
2024-06-25,9533.2606,9679.5263,9533.2606,9587.5686,4209795.0,6273919386.0,600519.SH,3457.9023,0.005963920007328705,-0.005438289383757455,0.01140220939108616
2024-06-26,9550.1439,9668.721,9537.7629,9602.0319,2956977.0,4414601922.0,600519.SH,3480.2648,0.001508547224371215,0.006467071091048382,-0.004958523866677167
2024-06-27,9617.6771,9628.7638,9482.6107,9609.1792,3282178.0,4857959457.0,600519.SH,3454.1175,0.0007443528697297364,-0.007513020273629767,0.008257373143359503
2024-06-28,9550.1439,9631.6903,9460.0997,9479.1778,3858202.0,5699649047.0,600519.SH,3461.657,-0.01352887663912028,0.0021827572455193067,-0.015711633884639586
2024-07-01,9487.5632,9510.6933,9257.5001,9327.1718,3216138.0,4636689118.0,600519.SH,3478.1827,-0.016035778968087278,0.004773927630611574,-0.02080970659869885
2024-07-02,9285.6389,9651.4437,9285.6389,9610.361,5185298.0,7659166816.0,600519.SH,3471.7857,0.030361743738868574,-0.0018391788332452474,0.03220092257211382
2024-07-03,9657.0715,9735.9165,9595.2786,9662.6993,3157326.0,4740808130.0,600519.SH,3463.4141,0.005446028510271317,-0.002411323947788535,0.007857352458059852
2024-07-04,9690.8381,9730.2325,9556.5033,9582.4473,2437973.0,3637968895.0,600519.SH,3445.8128,-0.008305339689086755,-0.005082066276741126,-0.0032232734123456286
2024-07-05,9544.5162,9624.3179,9381.311,9398.1943,3882938.0,5664477336.0,600519.SH,3431.0605,-0.019228177753714437,-0.004281225027662594,-0.014946952726051843
2024-07-08,9341.9166,9425.0387,9207.6381,9212.478,3952705.0,5657951348.0,600519.SH,3401.7604,-0.01976084916652554,-0.00853966288265684,-0.0112211862838687
2024-07-09,9212.478,9408.8307,9156.7631,9313.9466,3362071.0,4807957927.0,600519.SH,3439.8111,0.011014256967560865,0.011185590848785232,-0.000171333881224367
2024-07-10,9320.8125,9470.6799,9296.8945,9311.4704,2376322.0,3436693365.0,600519.SH,3428.9657,-0.00026585937265299897,-0.0031529056929898713,0.0028870463203368724
2024-07-11,9381.1421,9488.2385,9326.2151,9449.3506,2902014.0,4236960596.0,600519.SH,3468.169,0.014807564657027594,0.0114329810881455,0.0033745835688820947
2024-07-12,9510.8059,9586.1616,9468.2599,9543.5032,2338634.0,3451132648.0,600519.SH,3472.4014,0.009963922811796033,0.0012203557554433253,0.008743567056352708
2024-07-15,9493.8663,9595.1661,9493.8663,9521.4423,1917626.0,2835374730.0,600519.SH,3476.2467,-0.002311614460400513,0.001107389255170732,-0.003419003715571245
2024-07-16,9527.6329,9561.3995,9466.0088,9527.6329,2031644.0,2998367128.0,600519.SH,3498.2827,0.0006501746064249136,0.006339020760523173,-0.005688846154098259
2024-07-17,9528.1956,9679.5826,9493.9788,9670.5781,3431101.0,5115680654.0,600519.SH,3501.5836,0.015003222888656964,0.0009435772586359192,0.014059645630021045
2024-07-18,9659.8854,9747.1158,9620.6598,9648.6861,2887039.0,4337214601.0,600519.SH,3520.931,-0.0022637736620936266,0.005525328597038248,-0.007789102259131875
2024-07-19,9610.9801,9826.9175,9572.7113,9806.8826,3894291.0,5888615145.0,600519.SH,3539.0156,0.01639565204634441,0.005136311958399586,0.011259340087944825
2024-07-22,9803.5622,9831.4197,9615.7074,9657.0715,2854321.0,4300813310.0,600519.SH,3514.9249,-0.01527611842727683,-0.00680717541906295,-0.00846894300821388
2024-07-23,9657.0715,9668.327,9409.4498,9409.4498,3094396.0,4555460198.0,600519.SH,3439.8779,-0.025641489762191383,-0.021350954041720827,-0.004290535720470556
2024-07-24,9382.4365,9458.4113,9296.8945,9325.1458,2412255.0,3490200973.0,600519.SH,3418.1663,-0.008959503668322877,-0.0063117356578267225,-0.0026477680104961543
2024-07-25,9325.1458,9370.0554,9212.5342,9271.5132,2834656.0,4054086714.0,600519.SH,3399.2716,-0.005751395329389952,-0.005527729882539578,-0.00022366544685037404
2024-07-26,9271.5132,9312.202,9161.2653,9224.8028,3235379.0,4594928574.0,600519.SH,3409.2931,-0.005038055708101674,0.0029481315938391095,-0.007986187301940784
2024-07-29,9184.3391,9223.6772,9088.6671,9088.7797,3086907.0,4342610100.0,600519.SH,3390.742,-0.014745366697703322,-0.005441333278150773,-0.009304033419552549
2024-07-30,9021.0214,9045.1645,8882.1281,8987.311,5177904.0,7103491566.0,600519.SH,3369.3821,-0.011164172017504082,-0.006299476633728096,-0.004864695383775985
2024-07-31,8948.5357,9253.3918,8948.5357,9219.6815,4327232.0,6098149721.0,600519.SH,3442.0844,0.025855397682354786,0.021577339061663592,0.004278058620691194
2024-08-01,9201.2224,9212.478,9013.8178,9022.0344,3203810.0,4470988088.0,600519.SH,3419.2666,-0.02143751928957638,-0.006629064644667171,-0.014808454644909208
2024-08-02,8951.3496,9082.8705,8951.3496,9018.0386,2192769.0,3041726372.0,600519.SH,3384.3919,-0.0004428934564914,-0.01019946792098625,0.00975657446449485
2024-08-05,9037.3419,9246.2446,9018.4326,9156.2566,3773607.0,5327127147.0,600519.SH,3343.3205,0.015326836148161993,-0.01213553312191784,0.027462369270079834
2024-08-06,9223.7335,9234.989,9066.2123,9126.3731,2744433.0,3860735014.0,600519.SH,3342.9789,-0.0032637246099022077,-0.00010217387175404102,-0.0031615507381481667
2024-08-07,9130.8754,9223.6772,9090.3554,9187.153,2062221.0,2910580747.0,600519.SH,3341.489,0.006659808812769175,-0.00044568034814695956,0.007105489160916134
2024-08-08,9161.8281,9371.0684,9150.5725,9272.6388,2513082.0,3592705430.0,600519.SH,3342.9369,0.009304928305863713,0.0004333098208613162,0.008871618485002397
2024-08-09,9437.7574,9488.2385,9307.0244,9307.0244,3013849.0,4368705515.0,600519.SH,3331.6274,0.0037082863618067563,-0.0033831030433151277,0.007091389405121884
2024-08-12,9268.7556,9341.9166,9249.5087,9303.085,1363203.0,1956573438.0,600519.SH,3325.8645,-0.00042327169573130874,-0.001729755254143872,0.0013064835584125634
2024-08-13,9285.6389,9296.8945,9167.5121,9229.4175,1630843.0,2317037756.0,600519.SH,3334.3903,-0.007918609794492881,0.0025634838701336093,-0.01048209366462649
2024-08-14,9229.4175,9240.054,9167.5684,9174.7719,1341431.0,1898377426.0,600519.SH,3309.2389,-0.005920807028179209,-0.0075430281811941224,0.0016222211530149133
2024-08-15,9128.2303,9302.4659,9122.1523,9251.2533,2303897.0,3275699572.0,600519.SH,3341.953,0.008336054654394243,0.009885687007970434,-0.0015496323535761913
2024-08-16,9250.6905,9302.072,9195.6509,9275.5089,1645470.0,2349825846.0,600519.SH,3345.634,0.002621871784658669,0.0011014517559044812,0.001520420028754188
2024-08-19,9280.0112,9431.2855,9240.6168,9243.093,2043279.0,2942106435.0,600519.SH,3356.9677,-0.0034947839896957156,0.003387609045101714,-0.006882393034797429
2024-08-20,9268.1929,9268.3617,9178.7114,9227.7855,1859138.0,2644814344.0,600519.SH,3332.7034,-0.0016561014803162522,-0.007228040948979109,0.0055719394686628565
2024-08-21,9212.478,9257.3875,9188.2223,9198.8588,1509165.0,2144746551.0,600519.SH,3321.635,-0.0031347390985626555,-0.003321147630479082,0.0001864085319164266
2024-08-22,9189.9669,9212.478,9099.9789,9156.4817,1952729.0,2750868073.0,600519.SH,3313.1357,-0.004606777962501196,-0.002558770003326827,-0.0020480079591743694
2024-08-23,9144.9448,9232.1751,9134.3646,9184.2829,1532046.0,2166499202.0,600519.SH,3327.1905,0.0030362317002172734,0.004242144383038715,-0.0012059126828214417
2024-08-26,9195.5947,9234.2011,9117.6501,9167.4558,1562841.0,2207595461.0,600519.SH,3324.2231,-0.001832162639502366,-0.0008918635707814149,-0.0009402990687209511
2024-08-27,9167.4558,9173.0836,9106.1695,9122.8277,1365740.0,1920770570.0,600519.SH,3305.3338,-0.004868100918468565,-0.0056823201788112065,0.0008142192603426412
2024-08-28,9122.8277,9133.6892,8959.2285,9038.0172,3166351.0,4388025875.0,600519.SH,3286.4956,-0.009296514500651942,-0.005699333604369916,-0.003597180896282026
2024-08-29,8987.3673,9201.2224,8987.3673,9174.7719,2747161.0,3864270621.0,600519.SH,3277.6812,0.015131051089391612,-0.0026820057206223824,0.017813056810013994
2024-08-30,9173.0836,9426.727,9128.0615,9342.9859,3873923.0,5576118649.0,600519.SH,3321.4323,0.0183344067660145,0.013348186516736193,0.004986220249278306
2024-09-02,9268.7556,9313.7778,9071.7838,9071.7838,3413459.0,4801049927.0,600519.SH,3265.011,-0.02902734767051296,-0.016987038995194936,-0.012040308675318023
2024-09-03,9088.6671,9184.2266,9060.6408,9156.2003,1788760.0,2516125842.0,600519.SH,3273.4282,0.009305391515172623,0.0025780005029079067,0.006727391012264716
2024-09-04,9111.1782,9207.9195,9098.4594,9099.9226,1421109.0,1995221417.0,600519.SH,3252.1649,-0.006146403328463723,-0.006495728239892196,0.00034932491142847244
2024-09-05,9102.7365,9139.317,9083.0393,9127.3861,1450295.0,2033680839.0,600519.SH,3257.7578,0.003017992702487371,0.0017197467446989911,0.0012982459577883798
2024-09-06,9128.0615,9133.6892,9088.6671,9088.6671,1032104.0,1445537257.0,600519.SH,3231.3457,-0.004242068821872169,-0.008107447398330248,0.0038653785764580784
2024-09-09,8987.4236,9064.524,8931.5399,8959.2285,2863755.0,3950086825.0,600519.SH,3192.9516,-0.014241758288187412,-0.01188176802005425,-0.002359990268133161
2024-09-10,8931.2022,9060.5283,8931.2022,8976.1118,1980284.0,2737295644.0,600519.SH,3195.7552,0.0018844591361857344,0.0008780590347814421,0.0010064001014042923
2024-09-11,8962.6052,9020.4586,8902.9508,8987.3673,2099577.0,2892932794.0,600519.SH,3186.1299,0.0012539393727246662,-0.0030119015373893943,0.00426584091011406
2024-09-12,8987.3673,9015.5062,8733.6113,8734.4555,4794831.0,6482445000.0,600519.SH,3172.4747,-0.028140810490742907,-0.004285826513225288,-0.02385498397751762
2024-09-13,8711.6068,8717.2345,8521.9511,8560.3887,5600511.0,7329376917.0,600519.SH,3159.247,-0.019928752284558593,-0.004169521036684776,-0.015759231247873817
2024-09-18,8537.146,8537.2023,8349.5163,8350.867,4618531.0,5895948011.0,600519.SH,3171.0102,-0.024475722697031244,0.003723418903301967,-0.02819914160033321
2024-09-19,8323.2909,8497.0763,8232.2899,8317.6632,5998821.0,7623739997.0,600519.SH,3196.0357,-0.003976090147286393,0.007891964522851236,-0.011868054670137629
2024-09-20,8320.477,8390.2613,8255.9266,8334.0962,3998184.0,5038507835.0,600519.SH,3201.0497,0.0019756750910520093,0.0015688185210196437,0.00040685657003236564
2024-09-23,8357.0575,8500.5656,8315.7497,8320.7021,4554969.0,5809791682.0,600519.SH,3212.7639,-0.001607144875529487,0.0036594870738808627,-0.00526663194941035
2024-09-24,8453.236,8947.973,8340.6807,8945.7219,10041281.0,13297277523.0,600519.SH,3351.909,0.07511623328036232,0.04331009197407876,0.031806141306283564
2024-09-25,9100.204,9251.8723,9081.4073,9094.2949,7395380.0,10420109655.0,600519.SH,3401.533,0.016608273950479147,0.014804697860234306,0.0018035760902448406
2024-09-26,9099.6975,9830.8006,9077.4116,9825.9045,9727806.0,14269262657.0,600519.SH,3545.3204,0.08044709436462183,0.04227135235789281,0.03817574200672902
2024-09-27,10225.4759,10389.8066,10030.5301,10389.8066,8792167.0,14050260569.0,600519.SH,3703.6849,0.05738933245280364,0.044668600332991026,0.012720732119812617
2024-09-30,10743.2304,11125.2431,10518.1197,11058.3853,15729341.0,26982747037.0,600519.SH,4017.8545,0.06434948461889567,0.08482622266273232,-0.02047673804383665
2024-10-08,11970.0834,11970.0834,10676.7102,10917.6911,19470947.0,35114075007.0,600519.SH,4256.0962,-0.012722852042422517,0.05929575100342732,-0.07201860304584984
2024-10-09,10788.2525,10788.2525,10169.1982,10198.1812,12019684.0,19708432734.0,600519.SH,3955.9839,-0.06590311938757809,-0.07051351423870533,0.004610394851127242
2024-10-10,10350.7499,10608.6142,10174.826,10450.5865,7460342.0,12198964035.0,600519.SH,3997.7879,0.024750030917277455,0.010567282642378606,0.014182748274898849
2024-10-11,10312.1435,10450.3614,10169.1982,10253.5584,4191471.0,6764982707.0,600519.SH,3887.167,-0.018853305505867946,-0.0276705274934671,0.008817221987599155
2024-10-14,10298.6368,10341.5767,10119.505,10236.6751,4481202.0,7181350822.0,600519.SH,3961.3424,-0.0016465795913348513,0.01908212330471004,-0.020728702896044893
2024-10-15,10219.8481,10231.0474,9961.0271,9968.0056,4357143.0,6884141869.0,600519.SH,3855.9949,-0.026245777791658154,-0.026593888980664726,0.00034811118900657245
2024-10-16,9892.7623,9942.962,9718.9769,9789.324,4666440.0,7140169692.0,600519.SH,3831.589,-0.017925511598829713,-0.0063293392841365925,-0.01159617231469312
2024-10-17,9870.9266,9874.6409,9625.6123,9632.3093,3945955.0,5964778958.0,600519.SH,3788.2217,-0.016039381268818986,-0.011318359041118442,-0.004721022227700544
2024-10-18,9623.3049,10044.4869,9544.2911,9893.4377,6861930.0,10418043492.0,600519.SH,3925.234,0.027109636107719215,0.036167972956809846,-0.009058336849090631
2024-10-21,9894.6195,9943.9187,9782.0642,9824.7789,4200790.0,6433918335.0,600519.SH,3935.1974,-0.0069398324507568,0.0025382945322496298,-0.00947812698300643
2024-10-22,9812.1727,10001.3782,9798.8912,9904.6932,3626913.0,5607826492.0,600519.SH,3957.7755,0.008133954037377933,0.005737475837933825,0.0023964781994441076
2024-10-23,9910.94,10095.7559,9842.7878,10042.5735,4008846.0,6259600035.0,600519.SH,3973.2089,0.013920703773035559,0.003899513754633155,0.010021190018402404
2024-10-24,10005.993,10084.7817,9916.005,9956.4687,2392280.0,3723973209.0,600519.SH,3928.8334,-0.008573977576564529,-0.011168680307748202,0.0025947027311836734
2024-10-25,9927.2043,10083.5999,9921.6328,9993.8933,2774508.0,4328271351.0,600519.SH,3956.421,0.003758822643614712,0.007021829940663693,-0.003263007297048981
2024-10-28,10000.3652,10028.5041,9787.8045,10028.5041,3912140.0,6064453668.0,600519.SH,3964.1569,0.0034631948692107617,0.001955277256894483,0.0015079176123162785
2024-10-29,10000.3652,10112.9206,9831.5322,9840.6492,4116578.0,6368105233.0,600519.SH,3924.649,-0.018732095846677677,-0.009966280598025845,-0.008765815248651831
2024-10-30,9803.3934,9950.7846,9794.4453,9842.7878,3200574.0,4913175983.0,600519.SH,3889.4487,0.0002173230603526033,-0.008969031370703484,0.009186354431056087
2024-10-31,9843.6319,9887.8099,9775.2546,9819.0949,2995735.0,4575545180.0,600519.SH,3891.0396,-0.0024071330685397907,0.0004090296910201907,-0.0028161627595599814
2024-11-01,9780.8823,9916.6803,9779.7568,9852.6364,3228392.0,4954302212.0,600519.SH,3890.0203,0.003415946209054388,-0.00026196083946306015,0.003677907048517448
2024-11-04,9915.5548,9944.0876,9820.6144,9933.9576,2909292.0,4481761764.0,600519.SH,3944.7619,0.008253750234810342,0.014072317308986726,-0.005818567074176384
2024-11-05,9887.8099,10099.9767,9865.3551,10095.981,4564047.0,7134443464.0,600519.SH,4044.5725,0.01631005552107445,0.025302059422141587,-0.008992003901067136
2024-11-06,10084.7817,10163.5142,10007.2311,10062.2707,3763143.0,5916917616.0,600519.SH,4024.2831,-0.003338982115754785,-0.005016451058795446,0.0016774689430406609
2024-11-07,10014.2095,10526.5614,10013.3091,10502.0243,7473872.0,12074951757.0,600519.SH,4145.6952,0.043703217008463024,0.030169870504388685,0.01353334650407434
2024-11-08,10568.1506,10603.1553,10231.1599,10281.5847,6077120.0,9885645907.0,600519.SH,4104.047,-0.020990200908219125,-0.010046131707898032,-0.010944069200321094
2024-11-11,10169.1982,10281.4721,10040.8289,10214.2766,4385365.0,6957095385.0,600519.SH,4131.1312,-0.006546471381984498,0.006599388359831204,-0.013145859741815702
2024-11-12,10163.5704,10354.9145,10078.8726,10097.1628,4922266.0,7844798676.0,600519.SH,4085.743,-0.011465696944216175,-0.010986869649649456,-0.00047882729456671935
2024-11-13,10045.3874,10150.4015,10007.5688,10104.4789,2912526.0,4594445032.0,600519.SH,4110.8901,0.0007245698762032848,0.006154841359331531,-0.005430271483128246
2024-11-14,10056.6429,10194.2418,10032.1621,10078.0284,2924814.0,4617144097.0,600519.SH,4039.6191,-0.0026177005525738206,-0.017337121223454655,0.014719420670880834
2024-11-15,10051.0151,10134.3061,9960.9709,9994.7375,3376112.0,5295326892.0,600519.SH,3968.8308,-0.00826460262802986,-0.01752350859020335,0.009258905962173491
2024-11-18,10011.6208,10090.3532,9972.2264,9994.7375,2709219.0,4237197499.0,600519.SH,3950.3806,0.0,-0.004648774646679343,0.004648774646679343
2024-11-19,10028.5041,10053.0974,9803.3934,9898.6152,3326643.0,5138831155.0,600519.SH,3976.8912,-0.009617291099440983,0.006710897679074179,-0.016328188778515162
2024-11-20,9904.6932,9966.4298,9838.8483,9914.8795,2134455.0,3292675257.0,600519.SH,3985.7727,0.0016430884190750117,0.002233277088395047,-0.0005901886693200353
2024-11-21,9909.5894,9938.4035,9842.7878,9916.6803,1826179.0,2810933515.0,600519.SH,3989.2979,0.00018162600967563947,0.000884445819000268,-0.0007028198093246285
2024-11-22,9894.2818,9931.5376,9706.7084,9706.7084,3343611.0,5107288992.0,600519.SH,3865.6989,-0.021173607865527355,-0.030982644840837792,0.009809036975310437
2024-11-25,9724.6047,9842.7878,9643.9588,9654.6516,3318556.0,5011136234.0,600519.SH,3848.0909,-0.005362971447663956,-0.0045549331325313025,-0.0008080383151326531
2024-11-26,9654.6516,9768.9515,9600.1185,9713.3492,2574479.0,3876885984.0,600519.SH,3840.1847,0.006079722234617169,-0.002054577245043876,0.008134299479661045
2024-11-27,9713.3492,9787.3543,9690.8381,9769.9082,2593417.0,3927607772.0,600519.SH,3907.0447,0.005822811353266122,0.01741062090060419,-0.011587809547338068
2024-11-28,9786.5101,9803.3371,9673.9548,9763.999,2395203.0,3627662382.0,600519.SH,3872.5505,-0.0006048367987736558,-0.008828719057143108,0.008223882258369453
2024-11-29,9758.3713,9972.2264,9737.0421,9807.558,3608810.0,5534035503.0,600519.SH,3916.5832,0.0044611843979092125,0.011370465020404508,-0.006909280622495295
2024-12-02,9809.0212,9831.476,9747.6785,9803.3934,2681954.0,4086609952.0,600519.SH,3947.632,-0.00042463169730933004,0.007927522132046061,-0.008352153829355391
2024-12-03,9797.7656,9825.3417,9753.1937,9813.1857,2480662.0,3777197199.0,600519.SH,3951.8912,0.00099886841223773,0.0010789252898952828,-8.005687765755276e-05
2024-12-04,9775.6485,9795.8522,9718.9769,9775.2546,2392389.0,3626565544.0,600519.SH,3930.5568,-0.003865319699391745,-0.00539852919027739,0.0015332094908856453
2024-12-05,9723.8168,9763.2112,9718.9769,9724.6047,1614147.0,2441318387.0,600519.SH,3921.5881,-0.005181440491585754,-0.0022817886768612405,-0.002899651814724513
2024-12-06,9735.8602,9881.6194,9708.1153,9780.9386,3203969.0,4883148600.0,600519.SH,3973.1405,0.005792924415734868,0.0131457967245463,-0.007352872308811431
2024-12-09,9786.6227,9829.9565,9736.9858,9768.5013,1979986.0,3008173586.0,600519.SH,3966.5708,-0.0012715855306565382,-0.0016535282354097625,0.0003819427047532242
2024-12-10,10056.6429,10111.4011,9916.9617,9924.8969,6031210.0,9421340719.0,600519.SH,3995.6369,0.016010193907636472,0.007327765333219327,0.008682428574417145
2024-12-11,9887.8099,9972.2264,9837.0475,9863.0477,2967112.0,4569662604.0,600519.SH,3988.8308,-0.006231722165295328,-0.00170338300760009,-0.004528339157695238
2024-12-12,9842.9003,10034.1318,9825.9045,10033.0063,4193652.0,6510547810.0,600519.SH,4028.5048,0.017231854206686936,0.00994627297803663,0.007285581228650306
2024-12-13,9944.1438,9972.1701,9768.9515,9769.6268,4951197.0,7580908315.0,600519.SH,3933.1808,-0.026251304157957067,-0.023662377167826598,-0.002588926990130469
2024-12-16,9780.8823,9825.9045,9722.9726,9815.7745,3253710.0,4945298799.0,600519.SH,3911.8416,0.0047235888273644555,-0.005425430735347847,0.010149019562712303
2024-12-17,9808.9649,10051.0151,9780.9386,9989.1097,5417163.0,8398945449.0,600519.SH,3922.0334,0.01765884087903613,0.002605371342234264,0.015053469536801867
2024-12-18,9988.9409,10096.0373,9927.767,10065.0845,4116226.0,6440801971.0,600519.SH,3941.89,0.0076057629039754104,0.005062832968225184,0.0025429299357502266
2024-12-19,10029.2919,10044.9934,9945.9447,9949.7716,2480932.0,3862602665.0,600519.SH,3945.4635,-0.011456724481548108,0.0009065448300180634,-0.012363269311566172
2024-12-20,9972.2939,10032.3422,9909.7694,9920.9124,2815774.0,4307425535.0,600519.SH,3927.7441,-0.0029004886906148775,-0.004491081973005184,0.0015905932823903068
2024-12-23,9926.5402,10010.9567,9892.7736,9945.956,2160269.0,3300971424.0,600519.SH,3933.5718,0.0025243242748520522,0.0014837270075716003,0.001040597267280452
2024-12-24,9937.7957,10044.7233,9918.605,10015.5715,2210492.0,3394160299.0,600519.SH,3983.6882,0.006999377435412013,0.012740685196085622,-0.0057413077606736085
2024-12-25,10015.4589,10015.4589,9943.9863,9965.9346,1712339.0,2621061878.0,600519.SH,3985.6291,-0.004955972806943598,0.0004872118254637403,-0.0054431846324073385
2024-12-26,9988.4456,10015.3463,9926.5402,9953.4972,1828651.0,2798840003.0,600519.SH,3987.4801,-0.0012479913323935055,0.00046441852805623185,-0.0017124098604497373
2024-12-27,9959.744,9999.7012,9906.843,9960.138,2075932.0,3170191445.0,600519.SH,3981.0307,0.0006671825858353131,-0.0016174124605663476,0.0022845950464016607
2024-12-30,9988.2768,10044.4982,9937.7957,9937.7957,2512982.0,3849542646.0,600519.SH,3999.0549,-0.002243171731154736,0.004527520975912136,-0.006770692707066872
2024-12-31,9940.0468,10050.351,9920.9687,9932.168,3935445.0,6033540366.0,600519.SH,3934.9109,-0.0005662925833744836,-0.016039789801335358,0.015473497217960874
2025-01-02,9932.168,9934.9256,9684.5462,9729.5684,5002870.0,7490883773.0,600519.SH,3820.3952,-0.020398325924410377,-0.029102488699299323,0.008704162774888946
2025-01-03,9766.1489,9768.9065,9611.4416,9656.4074,3262836.0,4836610288.0,600519.SH,3775.1648,-0.0075194496808306255,-0.011839194018461785,0.0043197443376311595
2025-01-06,9532.5966,9586.9608,9418.9157,9459.4356,4425512.0,6392479712.0,600519.SH,3768.9697,-0.020398041615352636,-0.0016410144531968651,-0.01875702716215577
2025-01-07,9485.661,9526.3497,9453.8078,9460.5612,2422118.0,3494634227.0,600519.SH,3796.1055,0.0001189923001325699,0.0071997925586930744,-0.0070808002585605045
2025-01-08,9459.4356,9525.9558,9384.3612,9473.505,3525821.0,5071821246.0,600519.SH,3789.2153,0.0013681852192868327,-0.0018150707349940953,0.003183255954280928
2025-01-09,9510.0292,9597.7661,9419.9287,9481.9467,2970565.0,4295852736.0,600519.SH,3779.8773,0.0008910851896950511,-0.0024643624763153182,0.0033554476660103694
2025-01-10,9499.3927,9526.6874,9436.9245,9436.9245,2187195.0,3154677598.0,600519.SH,3732.4806,-0.004748202180887784,-0.012539216550759513,0.007791014369871729
2025-01-13,9375.0191,9484.4229,9358.1921,9481.8341,2108251.0,3030806870.0,600519.SH,3722.513,0.004758923312356833,-0.0026705028286013732,0.007429426140958206
2025-01-14,9487.293,9677.1176,9470.6911,9642.338,3095657.0,4535651504.0,600519.SH,3820.5395,0.016927516164831458,0.026333420460855406,-0.009405904296023948
2025-01-15,9611.3853,9654.1563,9572.0472,9635.4158,1839934.0,2701518712.0,600519.SH,3796.026,-0.0007178964271942201,-0.006416240428871345,0.005698344001677125
2025-01-16,9650.7797,9699.5161,9470.6911,9495.3407,2634213.0,3840411437.0,600519.SH,3800.3836,-0.01453752519948337,0.001147937342895089,-0.01568546254237846
2025-01-17,9495.397,9577.6187,9495.3407,9542.4452,1830894.0,2663227309.0,600519.SH,3812.3429,0.004960801459182873,0.003146866542629967,0.0018139349165529062
2025-01-20,9577.6187,9739.6421,9571.9909,9655.2819,3140975.0,4647626351.0,600519.SH,3829.6764,0.01182471553517539,0.004546679156274047,0.0072780363789013425
2025-01-21,9690.174,9695.8018,9600.1298,9617.8572,1685604.0,2481821229.0,600519.SH,3832.6145,-0.0038760856894296536,0.0007671927581140991,-0.004643278447543753
2025-01-22,9590.3937,9616.7317,9448.1801,9465.0634,2829384.0,4088101682.0,600519.SH,3797.0166,-0.015886470013300014,-0.009288150425773356,-0.006598319587526658
2025-01-23,9515.5444,9617.0131,9448.1801,9476.3189,2712504.0,3932700850.0,600519.SH,3803.7439,0.0011891626631894692,0.0017717331022466531,-0.000582570439057184
2025-01-24,9470.6911,9503.2759,9404.9025,9436.9245,3136034.0,4515322685.0,600519.SH,3832.8637,-0.004157141651279894,0.007655562720718434,-0.011812704371998328
2025-01-27,9442.5523,9481.7778,9386.3872,9431.2405,2935646.0,4213534543.0,600519.SH,3817.0802,-0.0006023148749361162,-0.004117939283883265,0.003515624408947149
2025-02-05,9459.4356,9476.3189,9246.7623,9255.7105,4075652.0,5753730034.0,600519.SH,3795.0848,-0.018611549562329688,-0.005762362551355316,-0.012849187010974372
2025-02-06,9234.3812,9358.0795,9234.3812,9306.5855,2735582.0,3859568163.0,600519.SH,3842.8314,0.0054966066624491106,0.012581168146756472,-0.007084561484307361
2025-02-07,9311.3128,9474.518,9253.5156,9436.9245,3724207.0,5310850624.0,600519.SH,3892.7028,0.014005029019504622,0.012977774668958997,0.0010272543505456255
2025-02-10,9448.1801,9459.4356,9386.7811,9411.6559,2083979.0,2988101756.0,600519.SH,3901.0618,-0.002677630831951605,0.00214735119259557,-0.004824982024547175
2025-02-11,9431.0154,9436.6994,9323.8064,9335.6247,2357283.0,3348668867.0,600519.SH,3883.1352,-0.00807840839144991,-0.004595312999142842,-0.0034830953923070673
2025-02-12,9335.6247,9487.5744,9329.3216,9476.3189,2547579.0,3644170477.0,600519.SH,3919.8617,0.01507067866599221,0.009457950369587964,0.005612728296404246
2025-02-13,9476.4315,9657.8144,9428.5392,9600.4674,4338536.0,6335985851.0,600519.SH,3905.1398,0.013100920442852493,-0.0037557192387680516,0.016856639681620544
2025-02-14,9600.4674,9667.6629,9561.9735,9656.4074,2709992.0,3978694098.0,600519.SH,3939.0085,0.005826799641025948,0.008672852121708985,-0.0028460524806830367
2025-02-17,9690.174,9768.8502,9611.9481,9637.3856,3247059.0,4804663813.0,600519.SH,3947.3983,-0.0019698630362261493,0.002129926858497555,-0.004099789894723704
2025-02-18,9628.2686,9757.6509,9583.6967,9656.4074,2779992.0,4113845397.0,600519.SH,3912.7829,0.0019737510554729276,-0.008769168289908702,0.01074291934538163
2025-02-19,9656.6888,9765.8112,9599.567,9746.4517,3239331.0,4803378441.0,600519.SH,3940.1602,0.009324824054130154,0.006996887049368183,0.0023279370047619707
2025-02-20,9701.4295,9751.9106,9647.3467,9650.7797,2374973.0,3513552984.0,600519.SH,3928.8959,-0.009816085170770483,-0.0028588431505905954,-0.006957242020179888
2025-02-21,9684.5462,9778.6988,9645.2082,9730.7502,3641783.0,5418169587.0,600519.SH,3978.444,0.008286428919313193,0.012611202042792646,-0.004324773123479453
2025-02-24,9729.5684,9794.4002,9650.7797,9679.3124,3474373.0,5157907322.0,600519.SH,3969.7169,-0.005286108361922559,-0.00219359629040905,-0.003092512071513509
2025-02-25,9628.3249,9647.3467,9526.9688,9538.2243,2838743.0,4142814459.0,600519.SH,3925.6505,-0.014576252337924367,-0.011100640451211952,-0.0034756118867124153
2025-02-26,9546.3846,9599.9046,9487.5744,9572.0472,2636609.0,3835949041.0,600519.SH,3959.9413,0.003546037389789758,0.008735061870637661,-0.005189024480847904
2025-02-27,9572.1035,9740.2611,9538.2243,9715.8366,4976217.0,7368002361.0,600519.SH,3968.1159,0.015021802232650927,0.0020643235292401307,0.012957478703410796
2025-02-28,9715.499,9956.8176,9695.8018,9801.5475,5612895.0,8475738166.0,600519.SH,3890.0487,0.008821772486375501,-0.01967361890815733,0.028495391394532832
2025-03-03,9811.7338,9915.2284,9692.9879,9724.0532,3159566.0,4736679903.0,600519.SH,3888.4738,-0.00790633315810596,-0.000404853543350181,-0.007501479614755779
2025-03-04,9712.6851,9718.3128,9601.3116,9628.8876,2521121.0,3710675863.0,600519.SH,3885.2208,-0.009786618608791708,-0.0008365750079118994,-0.008950043600879809
2025-03-05,9639.5241,9650.7797,9572.5537,9607.8398,2460522.0,3606932152.0,600519.SH,3902.5706,-0.0021859015157680295,0.004465589188650476,-0.006651490704418506
2025-03-06,9650.7797,9854.5048,9639.9743,9830.7556,4216764.0,6297117400.0,600519.SH,3956.2369,0.02320144846711547,0.013751525725120839,0.009449922741994632
2025-03-07,9813.9849,9956.705,9813.9849,9915.2847,3799135.0,5760608729.0,600519.SH,3944.0143,0.008598433674823491,-0.0030894509881347343,0.011687884662958226
2025-03-10,9908.5876,9948.3759,9831.6561,9925.9774,3136907.0,4758789260.0,600519.SH,3928.8018,0.0010784057466346475,-0.003857110761489757,0.004935516508124405
2025-03-11,9892.7736,10071.0612,9864.6348,10071.0612,3977560.0,6094007854.0,600519.SH,3941.4157,0.014616575693593648,0.0032106226381793945,0.011405953055414253
2025-03-12,10061.3815,10076.689,9945.3932,10036.7319,2960396.0,4552923644.0,600519.SH,3927.2315,-0.0034087073167621273,-0.003598757674812214,0.00019005035805008674
2025-03-13,10044.7233,10109.4426,9970.887,10009.6623,2572439.0,3966369271.0,600519.SH,3911.5793,-0.0026970532111155743,-0.003985555727998191,0.001288502516882617
2025-03-14,10065.3209,10517.5119,10027.84,10517.5119,9291315.0,14882842708.0,600519.SH,4006.5567,0.05073593741519122,0.02428108769263604,0.026454849722555185
2025-03-17,10680.6609,10686.2323,10511.1525,10572.9454,5468913.0,8985138902.0,600519.SH,3996.7876,0.00527059066127622,-0.00243827823527365,0.00770886889654987
2025-03-18,10613.3528,10652.522,10482.0007,10494.9446,3161345.0,5153210436.0,600519.SH,4007.7229,-0.007377395517430774,0.0027360222995087558,-0.01011341781693953
2025-03-19,10496.5766,10630.011,10489.3168,10560.8457,2738955.0,4477128770.0,600519.SH,4010.168,0.006279318520652222,0.0006100970703337705,0.005669221450318451
2025-03-20,10560.8457,10571.4822,10332.1333,10382.3892,3673677.0,5903879207.0,600519.SH,3974.9918,-0.016897936497642485,-0.008771752205892658,-0.008126184291749827
2025-03-21,10354.2504,10428.5369,10184.4607,10212.1493,3361430.0,5324973190.0,600519.SH,3914.6956,-0.01639698692859637,-0.015168886637703216,-0.0012281002908931526
2025-03-24,10191.0452,10301.6871,10148.1616,10264.2062,2556585.0,4032223482.0,600519.SH,3934.8486,0.005097545920132784,0.005148037563891261,-5.049164375847681e-05
2025-03-25,10292.345,10319.3583,10172.2485,10221.9979,1767438.0,2783286813.0,600519.SH,3932.2951,-0.004112183560770699,-0.0006489449174740258,-0.0034632386432966733
2025-03-26,10206.6341,10261.8425,10196.673,10224.8118,1432356.0,2257639750.0,600519.SH,3919.3566,0.0002752788669619921,-0.00329031765698351,0.0035655965239455023
2025-03-27,10224.8118,10350.0296,10210.0671,10297.9728,1795563.0,2848889210.0,600519.SH,3932.4117,0.007155241722884398,0.003330929367335367,0.003824312355549031
2025-03-28,10308.8343,10320.4838,10224.8118,10276.6435,1622789.0,2569470015.0,600519.SH,3915.1662,-0.0020712134722281617,-0.004385476729204085,0.0023142632569759236
2025-03-31,10252.8381,10286.4921,10135.1052,10140.3953,2108494.0,3311857714.0,600519.SH,3887.3056,-0.013258044808112657,-0.007116070832446364,-0.006141973975666293
2025-04-01,10157.2786,10190.4261,10090.9272,10112.369,1855644.0,2893739955.0,600519.SH,3887.6841,-0.0027638271655937574,9.736821308825583e-05,-0.0028611953786820132
2025-04-02,10123.512,10178.6641,10053.1649,10072.9747,2167401.0,3371883024.0,600519.SH,3884.3858,-0.0038956549152824316,-0.0008483971215664798,-0.0030472577937159517
2025-04-03,9965.9346,10281.0895,9960.3631,10184.7421,3548050.0,5557442052.0,600519.SH,3861.5034,0.011095768958895302,-0.005890866967951491,0.016986635926846794
2025-04-07,9909.7132,10004.4848,9583.2465,9797.1016,10195267.0,15314738235.0,600519.SH,3589.4406,-0.03806090485099267,-0.07045514967046262,0.03239424481946995
2025-04-08,9870.2625,10050.351,9768.9627,10050.351,7387649.0,11226977557.0,600519.SH,3650.759,0.02584942060823381,0.017082996163803488,0.00876642444443032
2025-04-09,9937.9083,10116.7587,9912.7522,10028.0651,5563004.0,8562928225.0,600519.SH,3686.7943,-0.0022174250431652442,0.009870632380828193,-0.012088057423993437
2025-04-10,10084.0614,10106.6287,9954.679,10072.8621,3862021.0,5963650791.0,600519.SH,3735.1151,0.00446716286275417,0.013106454027012049,-0.008639291164257878
2025-04-11,10247.154,10247.154,10050.351,10185.3049,3263423.0,5087359924.0,600519.SH,3750.5167,0.01116294444257293,0.00412346061303448,0.007039483829538451
2025-04-14,10140.2265,10168.5341,10087.1004,10089.6891,2171144.0,3379425640.0,600519.SH,3759.1422,-0.009387622750498092,0.0022998164492906703,-0.011687439199788763
2025-04-15,10089.7454,10162.9064,10050.351,10123.512,2148928.0,3339942729.0,600519.SH,3761.2348,0.003352224202825216,0.0005566695508354425,0.0027955546519897734
2025-04-16,10089.7454,10224.8118,10005.3289,10130.0965,3115605.0,4834880596.0,600519.SH,3772.8204,0.0006504165748011381,0.003080265023603479,-0.002429848448802341
2025-04-17,10101.0009,10227.6257,10078.4336,10191.0452,2384605.0,3733924973.0,600519.SH,3772.2221,0.006016596189384771,-0.00015858162768633832,0.006175177817071109
2025-04-18,10168.5341,10219.184,10112.2565,10168.1965,2029848.0,3179974340.0,600519.SH,3772.523,-0.002242036960055871,7.976730744463367e-05,-0.0023218042675005046
2025-04-21,10165.7203,10165.7203,10084.1176,10084.1176,1805703.0,2808158177.0,600519.SH,3784.8806,-0.008268811484907879,0.003275685794360994,-0.011544497279268873
2025-04-22,10078.4899,10113.9448,10040.2773,10071.7366,1843214.0,2857525967.0,600519.SH,3783.9522,-0.0012277722742939368,-0.00024529175372134393,-0.0009824805205725928
2025-04-23,10129.1398,10130.3779,10050.351,10089.7454,1866876.0,2895468892.0,600519.SH,3786.8824,0.001788053114891719,0.0007743755325448909,0.001013677582346828
2025-04-24,10089.7454,10138.5944,10072.7496,10091.1524,1487181.0,2313372072.0,600519.SH,3784.3574,0.00013944851373559608,-0.0006667753928667475,0.0008062239066023436
2025-04-25,10118.447,10141.5209,10078.4899,10078.4899,1476490.0,2295029705.0,600519.SH,3786.9937,-0.0012548120866751056,0.0006966308203342209,-0.0019514429070093264
2025-04-28,10089.7454,10106.6287,10059.3555,10078.4899,1465972.0,2274252465.0,600519.SH,3781.6188,0.0,-0.001419305239403923,0.001419305239403923
2025-04-29,10078.4899,10092.7844,9977.3026,10044.7233,1892180.0,2917422938.0,600519.SH,3775.0767,-0.003350363034049453,-0.0017299734177331771,-0.0016203896163162756
2025-04-30,10078.4336,10172.2485,10057.6671,10061.6066,2575425.0,4005439429.0,600519.SH,3770.5705,0.001680812850265223,-0.0011936711113711418,0.002874483961636365
2025-05-06,10129.1398,10129.1398,10046.5804,10079.6154,1830026.0,2838614215.0,600519.SH,3808.5424,0.0017898533222320268,0.01007059806997379,-0.008280744747741764
2025-05-07,10191.0452,10191.0452,10079.6154,10106.6287,2746221.0,4275142569.0,600519.SH,3831.627,0.0026799931275154343,0.006061269004120851,-0.0033812758766054163
2025-05-08,10095.3732,10319.2457,10077.5332,10237.1366,3348106.0,5265446444.0,600519.SH,3852.8963,0.012913099300857933,0.005550983955379785,0.0073621153454781485
2025-05-09,10241.6388,10345.5274,10219.4654,10310.2413,2367190.0,3757574546.0,600519.SH,3846.1566,0.007141127725110108,-0.0017492554886566758,0.008890383213766784
2025-05-12,10348.6227,10466.4118,10340.8001,10385.2031,2473533.0,3967785800.0,600519.SH,3890.6096,0.007270615480163389,0.011557771724635346,-0.004287156244471957
2025-05-13,10410.0779,10410.0779,10276.0807,10305.2889,2125829.0,3386617848.0,600519.SH,3896.2583,-0.007695005984042935,0.0014518804456762346,-0.00914688642971917
2025-05-14,10303.6005,10613.1277,10293.358,10556.7937,3946012.0,6394735058.0,600519.SH,3943.2108,0.02440540992499507,0.012050664094831687,0.012354745830163383
2025-05-15,10555.7244,10605.1925,10495.6762,10540.023,2473285.0,4043402636.0,600519.SH,3907.1992,-0.0015886168164866987,-0.009132557660878726,0.0075439408443920275
2025-05-16,10551.166,10568.0493,10439.3985,10439.3985,2293522.0,3714508659.0,600519.SH,3889.0854,-0.009546895675654588,-0.004636006272728532,-0.004910889402926055
2025-05-19,10337.3671,10359.8782,10212.8809,10241.5825,3806283.0,6021950010.0,600519.SH,3877.1453,-0.018948984464957297,-0.003070156289188164,-0.015878828175769133
2025-05-20,10247.3229,10330.6138,10219.7468,10281.0895,1952153.0,3095742637.0,600519.SH,3898.1705,0.003857509325341013,0.005422855831583195,-0.0015653465062421823
2025-05-21,10275.4617,10337.0295,10252.7818,10252.7818,1979464.0,3143941416.0,600519.SH,3916.3807,-0.0027533755055823006,0.004671473451456354,-0.0074248489570386544
2025-05-22,10252.8944,10275.4054,10191.608,10247.3229,1509024.0,2381236586.0,600519.SH,3913.8651,-0.0005324311105500135,-0.0006423277491894863,0.00010989663863947285
2025-05-23,10220.3096,10291.7822,10200.3873,10205.6774,2153700.0,3399424961.0,600519.SH,3882.2741,-0.00406403705693692,-0.008071560769940644,0.0040075237130037245
2025-05-26,10191.0452,10217.1018,10050.351,10081.3038,2708653.0,4212944430.0,600519.SH,3860.1067,-0.012186706979391726,-0.005709900802728041,-0.006476806176663685
2025-05-27,10084.1176,10126.8887,10041.9657,10044.1605,1775213.0,2748945675.0,600519.SH,3839.3969,-0.0036843746341618244,-0.0053650848563330245,0.0016807102221712
2025-05-28,10044.667,10058.5676,9982.8179,10005.3289,1626568.0,2504624605.0,600519.SH,3836.2366,-0.0038660871657715257,-0.0008231240693037378,-0.003042963096467788
2025-05-29,10022.2122,10106.6287,9977.1901,10022.2122,2185958.0,3375465796.0,600519.SH,3858.6998,0.001687430785008992,0.005855530391425834,-0.004168099606416842
2025-05-30,10023.0564,10050.351,9882.8687,9920.9124,3123918.0,4764875947.0,600519.SH,3840.2323,-0.010107528954535705,-0.004785938517424926,-0.005321590437110779
2025-06-03,9842.18,9904.0291,9825.353,9847.7515,2897918.0,4377892799.0,600519.SH,3852.0127,-0.007374412458273416,0.0030676269245482057,-0.010442039382821622
2025-06-04,9856.1931,9926.5402,9848.9896,9853.1541,2300809.0,3480363797.0,600519.SH,3868.7429,0.000548612543685767,0.004343235940006185,-0.003794623396320418
2025-06-05,9875.8903,9887.1458,9809.4827,9875.8903,2321366.0,3504925524.0,600519.SH,3877.5557,0.0023075047613432265,0.002277949253231437,2.9555508111789308e-05
2025-06-06,9874.7647,9903.8603,9813.9849,9833.063,2502307.0,3777727616.0,600519.SH,3873.9841,-0.00433655080190587,-0.0009210957304880418,-0.0034154550714178278
2025-06-09,9825.353,9846.0631,9716.512,9718.9319,4495867.0,6723839138.0,600519.SH,3885.2459,-0.011606871632979576,0.0029070330980449643,-0.01451390473102454
2025-06-10,9718.3128,9752.0794,9655.2819,9656.4637,3049220.0,4511934584.0,600519.SH,3865.4652,-0.0064274758422784295,-0.005091235023245155,-0.0013362408190332742
2025-06-11,9666.5374,9763.335,9662.598,9684.5462,3089282.0,4585522755.0,600519.SH,3894.6252,0.002908155705074522,0.007543723327272378,-0.004635567622197856
2025-06-12,9684.5462,9706.3257,9538.7871,9566.3632,4990361.0,7306800800.0,600519.SH,3892.1992,-0.012203256359084813,-0.0006229097475155543,-0.011580346611569259
2025-06-13,9484.2541,9515.5444,9375.3568,9385.9933,5911325.0,8466515559.0,600519.SH,3864.1822,-0.01885459460707073,-0.007198244118646335,-0.011656350488424394
2025-06-16,9241.0783,9375.2442,9240.9657,9359.7679,4288787.0,6060448438.0,600519.SH,3873.7951,-0.0027940995866680973,0.002487693256285839,-0.005281792842953936
2025-06-17,9346.8803,9386.2746,9302.8711,9386.2746,2723151.0,3868364671.0,600519.SH,3870.3786,0.002831982617859552,-0.0008819516551094031,0.003713934272968955
2025-06-18,9459.4356,9478.7951,9352.5643,9375.0191,3076099.0,4404131364.0,600519.SH,3874.9708,-0.001199144546655484,0.0011864989125354164,-0.0023856434591909004
2025-06-19,9380.6469,9423.8118,9331.01,9380.6469,2450072.0,3490268568.0,600519.SH,3843.0912,0.0006002974436607467,-0.008227055543231554,0.0088273529868923
2025-06-20,9367.0277,9465.8513,9348.0058,9395.6167,3481581.0,4990683314.0,600519.SH,3846.6443,0.0015958174483681198,0.0009245422018608895,0.0006712752465072302
2025-06-23,9346.8803,9420.0412,9263.4768,9346.8803,2672331.0,3794012343.0,600519.SH,3857.9016,-0.005187142212815021,0.002926524815408671,-0.008113667028223692
2025-06-24,9365.7333,9525.1679,9365.7333,9443.6779,3631151.0,5229183514.0,600519.SH,3904.0342,0.010356139898357375,0.011957951441788905,-0.0016018115434315305
2025-06-25,9454.4269,9511.2111,9349.7504,9436.1366,4105007.0,5869292227.0,600519.SH,3960.0662,-0.0007985554018101748,0.014352333286424601,-0.015150888688234776
2025-06-26,9474.4786,9547.6396,9446.79,9502.6175,3486025.0,4955829982.0,600519.SH,3946.0195,0.007045351590183602,-0.00354708716738128,0.010592438757564882
2025-06-27,9502.6737,9519.5007,9407.4519,9407.4519,3824973.0,5404312675.0,600519.SH,3921.7578,-0.010014672273192082,-0.006148398405025679,-0.0038662738681664033
2025-06-30,9409.7593,9464.5175,9401.3177,9443.6385,3045730.0,4287373691.0,600519.SH,3936.0791,0.003846588894065972,0.003651755342974017,0.00019483355109195521
2025-07-01,9440.712,9457.2577,9408.69,9418.7637,1987819.0,2794423203.0,600519.SH,3942.762,-0.0026340271284208683,0.0016978571391006447,-0.004331884267521513
2025-07-02,9443.5259,9473.3531,9390.0621,9444.0887,2621825.0,3689246316.0,600519.SH,3943.6849,0.0026887817559326788,0.00023407448889889437,0.0024547072670337844
2025-07-03,9457.5953,9517.7561,9435.0843,9477.8553,2441267.0,3456733002.0,600519.SH,3968.0676,0.0035754217344441397,0.006182720125535335,-0.002607298391091195
2025-07-04,9478.4181,9569.5316,9446.3961,9515.1111,2876691.0,4086547268.0,600519.SH,3982.2034,0.0039308259960457725,0.003562388906882541,0.0003684370891632316
2025-07-07,9515.4488,9522.3146,9446.3961,9450.2792,2385467.0,3370562659.0,600519.SH,3965.1746,-0.006813572570897208,-0.004276225568990322,-0.0025373470019068867
2025-07-08,9450.3355,9502.6175,9450.2792,9480.7254,1867370.0,2643302691.0,600519.SH,3998.4527,0.003221724920042357,0.008392593859549047,-0.00517086893950669
2025-07-09,9474.4786,9558.7263,9469.8076,9496.3144,2774532.0,3950810723.0,600519.SH,3991.4006,0.00164428346379486,-0.001763707246055457,0.003407990709850317
2025-07-10,9496.8209,9593.6747,9448.5909,9539.1979,3872503.0,5503329754.0,600519.SH,4010.0243,0.004515804573614446,0.004665956105733837,-0.00015015153211939136
2025-07-11,9520.4012,9716.4726,9520.4012,9542.0118,5724335.0,8239010390.0,600519.SH,4014.807,0.00029498287272144985,0.0011926860393338679,-0.000897703166612418
2025-07-14,9558.8951,9586.9214,9511.6219,9522.8774,2778094.0,3961736006.0,600519.SH,4017.6678,-0.0020052794317442224,0.0007125622726074088,-0.002717841704351631
2025-07-15,9508.1327,9519.1068,9436.8851,9451.9676,3540578.0,5005150165.0,600519.SH,4019.0644,-0.0074462577875883396,0.00034761460367627173,-0.007793872391264611
2025-07-16,9446.3961,9488.4918,9446.0584,9452.1364,2128605.0,3006882579.0,600519.SH,4007.2019,1.7858715469998288e-05,-0.0029515575814113015,0.0029694162968813
2025-07-17,9468.7383,9519.557,9462.5478,9482.0761,2310554.0,3273100406.0,600519.SH,4034.491,0.0031675061312066433,0.00681001374051049,-0.0036425076093038466
2025-07-18,9502.6175,9602.848,9482.2449,9598.2895,4182341.0,5984949774.0,600519.SH,4058.5486,0.01225611340537558,0.005962982691001262,0.006293130714374318
2025-07-21,9598.2332,9653.4416,9587.0339,9632.0561,2620331.0,3779891829.0,600519.SH,4085.6072,0.0035179809902585735,0.006667063195941569,-0.003149082205682996
2025-07-22,9637.6838,9764.8714,9618.9997,9755.7544,4211898.0,6127636851.0,600519.SH,4118.9582,0.01284235668021072,0.008163046119558537,0.004679310560652183
2025-07-23,9778.378,9924.6999,9778.0966,9814.9585,4504484.0,6676301462.0,600519.SH,4119.7685,0.006068633708122162,0.00019672450184127221,0.00587190920628089
2025-07-24,9817.7724,9947.211,9812.1446,9905.0027,3880364.0,5786337377.0,600519.SH,4149.0368,0.009174180410441712,0.0071043554995868785,0.002069824910854834
2025-07-25,9904.44,9904.44,9688.3337,9699.5893,4191126.0,6140078741.0,600519.SH,4127.1634,-0.020738348713423282,-0.005271922389312067,-0.015466426324111215
2025-07-28,9688.3337,9699.533,9594.35,9607.6316,3858632.0,5560966386.0,600519.SH,4135.8242,-0.009480576667302731,0.0020984873048641717,-0.011579063972166903
2025-07-29,9612.9217,9664.6408,9587.0902,9609.545,2630408.0,3785848102.0,600519.SH,4152.0247,0.00019915418072424806,0.003917115239085778,-0.0037179610583615297
2025-07-30,9637.6838,9711.7452,9598.2895,9668.2989,3186771.0,4612883040.0,600519.SH,4151.2379,0.006114118826645809,-0.00018949790929712051,0.00630361673594293
2025-07-31,9632.0561,9642.58,9491.3619,9512.0158,5179751.0,7386302758.0,600519.SH,4075.5912,-0.016164487839737784,-0.018222684852631565,0.002058197012893781
2025-08-01,9513.1414,9536.1589,9468.8509,9485.7342,2963559.0,4200850790.0,600519.SH,4054.9286,-0.0027629895232089696,-0.0050698411558057765,0.002306851632596807
2025-08-04,9474.4786,9501.4919,9468.8509,9496.9897,1868795.0,2647105740.0,600519.SH,4070.7023,0.0011865713040957182,0.0038900068425371526,-0.0027034355384414344
2025-08-05,9508.2452,9558.5574,9486.3532,9546.1764,2534227.0,3607931488.0,600519.SH,4103.45,0.005179188516967637,0.008044729775498416,-0.0028655412585307793
2025-08-06,9553.2673,9553.2673,9498.678,9524.4532,2369928.0,3372334940.0,600519.SH,4113.4852,-0.002275591722776027,0.0024455519136337145,-0.0047211436364097414
2025-08-07,9524.4532,9545.9513,9502.9551,9515.8427,2800134.0,3988765795.0,600519.SH,4114.666,-0.0009040413994580998,0.00028705585229782393,-0.0011910972517559237
2025-08-08,9519.7821,9539.1979,9491.3619,9508.0764,1865528.0,2651478118.0,600519.SH,4104.9669,-0.0008161442181047196,-0.0023572022613742583,0.0015410580432695387
2025-08-11,9522.3146,9682.6497,9519.5007,9643.3116,4715907.0,6794034090.0,600519.SH,4122.5106,0.014223192400936169,0.004273773803145531,0.009949418597790638
2025-08-12,9665.8227,9756.2609,9592.6617,9598.5146,4201923.0,6095342036.0,600519.SH,4143.8252,-0.004645395882468484,0.005170295984199713,-0.009815691866668197
2025-08-13,9530.7563,9579.6053,9502.6175,9502.8988,6552754.0,9325460101.0,600519.SH,4176.5776,-0.009961520504432997,0.00790390482687342,-0.017865425331306417
2025-08-14,9507.9076,9657.4373,9507.9076,9541.9555,4812930.0,6897535330.0,600519.SH,4173.3131,0.004109977473399917,-0.0007816208179632911,0.004891598291363208
2025-08-15,9536.4403,9551.3539,9503.8556,9514.3232,4758165.0,6772436997.0,600519.SH,4202.3533,-0.0028958739117992405,0.006958548113727536,-0.009854422025526777
2025-08-18,9541.9555,9596.2635,9520.0635,9550.4535,4737798.0,6773477871.0,600519.SH,4239.4125,0.003797464017198715,0.008818677858427604,-0.005021213841228889
2025-08-19,9578.5923,9652.6537,9570.1506,9603.9172,4637186.0,6678541001.0,600519.SH,4223.3741,0.005598027360690372,-0.003783165709871472,0.009381193070561844
2025-08-20,9603.9172,9687.2082,9559.0077,9671.4504,4580466.0,6623095725.0,600519.SH,4271.3958,0.007031839050007704,0.011370458515621573,-0.004338619465613869
2025-08-21,9690.8662,9699.533,9635.7141,9661.6018,3089057.0,4470441662.0,600519.SH,4288.0707,-0.0010183167562953788,0.0039038526937729134,-0.004922169450068292
2025-08-22,9665.1473,9750.2392,9642.0172,9749.9578,4497058.0,6544867368.0,600519.SH,4377.9977,0.009145067435919252,0.020971435942042538,-0.011826368506123286
2025-08-25,9784.062,9930.3277,9761.4947,9898.4182,6532455.0,9676719498.0,600519.SH,4469.2217,0.015226773596907162,0.02083692277864846,-0.005610149181741297
2025-08-26,9898.362,9920.3665,9840.3397,9849.3441,3960213.0,5883917000.0,600519.SH,4452.5905,-0.004957771939762989,-0.0037212743328440823,-0.001236497606918907
2025-08-27,9850.8636,9868.0283,9660.1949,9660.1949,5600609.0,8184169113.0,600519.SH,4386.1266,-0.01920424325514225,-0.014927018327870134,-0.004277224927272116
2025-08-28,9660.0261,9705.7798,9608.2506,9649.5021,3928177.0,5683673273.0,600519.SH,4463.782,-0.0011068927812213358,0.017704778516881126,-0.01881167129810246
2025-08-29,9688.3337,9854.8031,9682.706,9840.2834,6225648.0,9159701454.0,600519.SH,4496.7591,0.019771103008517033,0.00738770396941435,0.012383399039102683
2025-09-01,9852.6645,9885.3055,9759.8064,9818.3351,4512338.0,6658918555.0,600519.SH,4523.7111,-0.002230454053792852,0.005993649960034597,-0.008224104013827449
2025-09-02,9832.7422,10003.4886,9829.0279,9903.8772,5668837.0,8470012816.0,600519.SH,4490.4528,0.008712485276653581,-0.00735199469302994,0.01606447996968352
2025-09-03,9902.1888,9972.5359,9761.4947,9843.3787,4504503.0,6656011145.0,600519.SH,4459.8296,-0.0061085672588914175,-0.006819624069982377,0.0007110568110909599
2025-09-04,9795.2613,9836.344,9730.3731,9798.9756,4774676.0,7017084750.0,600519.SH,4365.2085,-0.004510961261705804,-0.021216303869546982,0.016705342607841178
2025-09-05,9789.6335,9879.509,9750.2392,9857.1667,3738848.0,5519312163.0,600519.SH,4460.3249,0.005938488100735828,0.021789657928137807,-0.01585116982740198
2025-09-08,9857.1667,9989.0816,9826.214,9959.7609,5138298.0,7682065696.0,600519.SH,4467.5733,0.010408082070885394,0.0016250834104036826,0.008782998660481711
2025-09-09,9980.9776,10008.835,9915.808,9980.9776,3574277.0,5366650005.0,600519.SH,4436.2584,0.0021302419016906438,-0.007009375761109604,0.009139617662800248
2025-09-10,9990.3197,10121.3903,9930.3277,10076.7059,4966331.0,7541460049.0,600519.SH,4445.3649,0.009591074525605592,0.0020527433658958927,0.007538331159709699
2025-09-11,10076.7059,10099.2732,10000.6748,10085.0912,3723896.0,5642778456.0,600519.SH,4548.0345,0.0008321469419882987,0.02309587678617797,-0.022263729844189672
2025-09-12,10099.1607,10166.8064,10012.0991,10042.883,3372209.0,5132184935.0,600519.SH,4521.998,-0.0041852075665910204,-0.0057247806717385386,0.001539573105147518
2025-09-15,10042.1514,10051.2121,9961.2804,10037.818,2582703.0,3901929718.0,600519.SH,4533.0557,-0.0005043372505684207,0.002445312890452467,-0.0029496501410208875
2025-09-16,10037.818,10070.9656,9931.5095,9952.7262,3271789.0,4928374478.0,600519.SH,4523.3367,-0.008477121222959072,-0.0021440283647959912,-0.006333092858163081
2025-09-17,9952.7825,10010.6922,9896.6174,9913.4444,3033054.0,4534770634.0,600519.SH,4551.023,-0.003946838203988667,0.006120769210039123,-0.01006760741402779
2025-09-18,9907.8166,9940.4577,9747.4253,9772.5251,4972125.0,7347477479.0,600519.SH,4498.109,-0.014214968512861081,-0.011626836427765741,-0.0025881320850953404
2025-09-19,9772.6939,9814.9585,9710.9011,9772.5814,3263662.0,4784528851.0,600519.SH,4501.9195,5.7610494137438906e-06,0.0008471337622097952,-0.0008413727127960513
2025-09-22,9756.3734,9772.5814,9671.5067,9690.3035,3494708.0,5085057536.0,600519.SH,4522.608,-0.008419259623664965,0.004595484215122125,-0.01301474383878709
2025-09-23,9674.2643,9713.6587,9615.1728,9656.9308,3866300.0,5588384388.0,600519.SH,4519.7781,-0.0034439272206490124,-0.0006257230341430997,-0.0028182041865059126
2025-09-24,9581.8001,9709.6067,9581.8001,9626.4283,3074350.0,4443052872.0,600519.SH,4566.0708,-0.0031586122580479215,0.010242250609604042,-0.013400862867651964
2025-09-25,9631.0994,9644.4934,9592.6617,9609.545,3386973.0,4873274661.0,600519.SH,4593.4875,-0.0017538488288537657,0.006004440404209221,-0.007758289233062987
2025-09-26,9621.8135,9655.1862,9547.6959,9587.0339,4512071.0,6480889597.0,600519.SH,4550.0487,-0.002342577093920606,-0.00945660568359008,0.007114028589669474
2025-09-29,9611.6836,9783.9495,9587.0339,9732.568,5368403.0,7798434586.0,600519.SH,4620.0528,0.015180305141092587,0.015385351809531267,-0.0002050466684386798
2025-09-30,9727.7281,9732.0052,9615.1728,9637.6276,3936362.0,5687474876.0,600519.SH,4640.6935,-0.009754917715447675,0.00446763292402208,-0.014222550639469755
2025-10-09,9592.6617,9611.6836,9502.6175,9597.0514,5491812.0,7845448947.0,600519.SH,4709.482,-0.00421018550249852,0.014822892311246116,-0.019033077813744637
2025-10-10,9601.6661,9614.8351,9544.8257,9558.8951,3600144.0,5157459262.0,600519.SH,4616.8341,-0.003975835744716383,-0.019672630662990076,0.015696794918273693
2025-10-13,9478.4181,9518.6566,9475.154,9498.1152,4606880.0,6533147458.0,600519.SH,4593.9785,-0.006358465007111458,-0.004950491939920476,-0.0014079730671909818
2025-10-14,9558.8388,9750.2392,9558.8388,9677.1908,6667233.0,9639484605.0,600519.SH,4539.0644,0.018853803752559184,-0.011953495211176945,0.03080729896373613
2025-10-15,9676.9656,9744.6114,9643.7618,9738.9836,4278540.0,6233407482.0,600519.SH,4606.2879,0.006385406806280969,0.014809990358365388,-0.00842458355208442
2025-10-16,9738.5334,9868.1409,9721.425,9867.9158,4573015.0,6749162949.0,600519.SH,4618.4218,0.013238773705297247,0.0026342035633508676,0.010604570141946379
2025-10-17,9857.7295,9885.3055,9694.1303,9699.5893,3808589.0,5594724900.0,600519.SH,4514.2345,-0.01705795868262283,-0.02255906985368905,0.00550111117106622
2025-10-20,9699.5893,9781.1919,9698.9139,9716.0786,2594988.0,3793283759.0,600519.SH,4538.2201,0.001699999813394193,0.005313326102133198,-0.003613326288739005
2025-10-21,9722.1003,9783.6681,9702.4031,9740.4468,2544267.0,3727984130.0,600519.SH,4607.8715,0.002508028290343356,0.015347735117563044,-0.012839706827219688
2025-10-22,9739.4339,9759.9752,9705.217,9720.412,1819492.0,2657486636.0,600519.SH,4592.57,-0.0020568666316209683,-0.003320730623673107,0.0012638639920521388
2025-10-23,9699.5893,9777.2524,9655.6927,9772.6377,2932235.0,4274652090.0,600519.SH,4606.3447,0.005372786667890095,0.002999344593550113,0.002373442074339982
2025-10-24,9772.4688,9833.9803,9667.7361,9671.4504,3822583.0,5578603148.0,600519.SH,4660.6835,-0.010354144204076987,0.011796511885009409,-0.022150656089086396
2025-10-27,9615.1728,9685.4636,9592.6054,9617.4802,3710239.0,5352667152.0,600519.SH,4716.0186,-0.005580362589669097,0.011872743557892473,-0.01745310614756157
2025-10-28,9626.4283,9678.2038,9621.3633,9643.3116,2712433.0,3923817140.0,600519.SH,4691.973,0.002685880237112581,-0.005098707625962318,0.007784587863074899
2025-10-29,9615.2853,9652.0346,9559.1202,9569.5879,3393711.0,4868780319.0,600519.SH,4747.8378,-0.007645060437536877,0.011906462377341054,-0.01955152281487793
2025-10-30,9512.8037,9596.2072,9512.8037,9540.5486,4745610.0,6768821311.0,600519.SH,4709.911,-0.003034540285689835,-0.00798822571402924,0.004953685428339405
2025-10-31,9513.873,9592.5492,9503.2365,9558.9514,3569377.0,5109623861.0,600519.SH,4640.6676,0.0019289037529770514,-0.014701636612666436,0.016630540365643487
2025-11-03,9564.5229,9660.1949,9503.1802,9587.0339,3454766.0,4945310830.0,600519.SH,4653.4028,0.002937822238535448,0.0027442603301301993,0.00019356190840524867
2025-11-04,9587.5967,9591.4236,9523.8904,9553.2673,2656572.0,3793892903.0,600519.SH,4618.699,-0.0035221112548690092,-0.0074577253445586855,0.003935614089689676
2025-11-05,9535.765,9564.4666,9502.6737,9503.0677,3447527.0,4908475373.0,600519.SH,4627.257,-0.0052547048484657966,0.0018529027329989844,-0.007107607581464781
2025-11-06,9558.8951,9623.333,9558.8388,9587.7656,3834782.0,5505960415.0,600519.SH,4693.4032,0.00891269037260467,0.01429490516735954,-0.005382214794754869
2025-11-07,9587.653,9613.9347,9565.1419,9577.6356,1886139.0,2704995856.0,600519.SH,4678.7944,-0.0010565548244109157,-0.0031126241188909054,0.0020560692944799897
2025-11-10,9587.0339,9748.4946,9586.9214,9740.672,4945154.0,7181246441.0,600519.SH,4695.0507,0.017022614641968747,0.003474463421602847,0.0135481512203659
2025-11-11,9738.9836,9739.9966,9654.5671,9722.0441,2669156.0,3882776772.0,600519.SH,4652.1655,-0.0019123834577328136,-0.009134129265100266,0.007221745807367452
2025-11-12,9727.6155,9831.0539,9723.2822,9756.7111,3299210.0,4849073051.0,600519.SH,4645.9079,0.0035658139012146872,-0.001345094021268145,0.004910907922482832
2025-11-13,9739.659,9804.1532,9716.4726,9786.1443,3117923.0,4569178269.0,600519.SH,4702.0738,0.0030167132856890877,0.012089327039823683,-0.009072613754134595
2025-11-14,9784.0058,9834.3743,9706.9054,9708.5937,2747306.0,4031007106.0,600519.SH,4628.1398,-0.007924530603947932,-0.01572370046595184,0.007799169862003907
2025-11-17,9693.9615,9800.8891,9647.7575,9789.6335,3446221.0,5035780027.0,600519.SH,4598.0525,0.008347223347084709,-0.006500948826135278,0.014848172173219987
2025-11-18,9787.9452,9874.444,9778.378,9817.7724,3420478.0,5055675474.0,600519.SH,4568.1928,0.00287435683879278,-0.006493988487517255,0.009368345326310035
2025-11-19,9806.5168,9837.6384,9783.7806,9789.6898,2204537.0,3249449214.0,600519.SH,4588.2922,-0.002860384092831514,0.004399858079545238,-0.007260242172376752
2025-11-20,9795.2613,9839.7206,9756.0358,9767.7415,2400232.0,3531653943.0,600519.SH,4564.9483,-0.002241981150413963,-0.005087709976273946,0.0028457288258599833
2025-11-21,9786.8196,9840.2834,9705.217,9764.8714,4260720.0,6259873433.0,600519.SH,4453.6076,-0.0002938345573538781,-0.024390352898410628,0.02409651834105675
2025-11-24,9767.1225,9789.6335,9677.8098,9682.706,3360744.0,4901903705.0,600519.SH,4448.0478,-0.008414386286746178,-0.0012483811999961514,-0.007166005086750027
2025-11-25,9716.4726,9716.4726,9640.4977,9641.3419,2844069.0,4119930011.0,600519.SH,4490.4047,-0.0042719566203911485,0.009522582019015013,-0.013794538639406162
2025-11-26,9665.1473,9691.0913,9635.3202,9666.6668,2030616.0,2938818095.0,600519.SH,4517.6255,0.0026266986756273702,0.006061992586102516,-0.0034352939104751457
2025-11-27,9668.6366,9671.4504,9609.7701,9656.2555,2228689.0,3216797187.0,600519.SH,4515.4027,-0.0010770310196273059,-0.0004920283896928668,-0.0005850026299344391
2025-11-28,9651.7533,9702.4031,9632.0561,9674.2643,2321121.0,3366696622.0,600519.SH,4526.6616,0.0018649879345054021,0.0024934431651024713,-0.0006284552305970692
2025-12-01,9677.0782,9740.5031,9626.4283,9660.1949,2733342.0,3961994999.0,600519.SH,4576.4856,-0.0014543121382367685,0.0110067869884507,-0.01246109912668747
2025-12-02,9660.1949,9682.2557,9587.1465,9592.8305,2504726.0,3607543825.0,600519.SH,4554.3347,-0.006973399677474457,-0.004840155074452679,-0.0021332446030217778
2025-12-03,9591.5924,9592.4929,9547.6396,9553.8301,2357279.0,3370080066.0,600519.SH,4531.0486,-0.004065577933436981,-0.005112953160864575,0.0010473752274275938
2025-12-04,9553.8301,9572.9645,9493.5005,9525.016,2907539.0,4134921902.0,600519.SH,4546.5664,-0.0030159736669379544,0.0034247701514389384,-0.006440743818376893
2025-12-05,9525.016,9576.2849,9499.8036,9558.9514,2540166.0,3622681597.0,600519.SH,4584.5368,0.003562765668845058,0.00835144516969999,-0.004788679500854931
2025-12-08,9554.3929,9596.4323,9491.3619,9492.6,3360280.0,4789155770.0,600519.SH,4621.7545,-0.00694128437560626,0.008118093849742936,-0.015059378225349196
2025-12-09,9492.6563,9508.2452,9390.3435,9395.7462,4263443.0,5995722121.0,600519.SH,4598.2232,-0.010203084507932614,-0.005091421450446942,-0.005111663057485671
2025-12-10,9390.0621,9405.8199,9295.4031,9405.8199,3313347.0,4625906139.0,600519.SH,4591.8273,0.001072155397300989,-0.0013909503131558365,0.0024631057104568255
2025-12-11,9427.5431,9457.539,9398.7852,9457.539,2238501.0,3149974074.0,600519.SH,4552.1848,0.005498627504020082,-0.008633273294054389,0.01413190079807447
2025-12-12,9491.3619,9530.7563,9466.4309,9506.2755,3715919.0,5273563274.0,600519.SH,4580.95,0.0051531904864468014,0.006318987752869765,-0.0011657972664229632
2025-12-15,9612.8654,9615.1165,9533.9641,9536.384,3335879.0,4774362060.0,600519.SH,4552.0596,0.0031672235882496125,-0.006306639452515306,0.009473863040764918
2025-12-16,9537.5096,9552.0292,9474.4786,9513.873,2396367.0,3403139194.0,600519.SH,4497.5545,-0.0023605383340268293,-0.01197372283965692,0.00961318450563009
2025-12-17,9530.7563,9614.8351,9489.561,9576.3412,3138249.0,4489482138.0,600519.SH,4579.875,0.006566011549660189,0.01830339132077219,-0.011737379771112
2025-12-18,9578.5923,9608.8697,9537.0031,9564.5229,1782995.0,2551177659.0,600519.SH,4552.7926,-0.0012341143400362853,-0.005913349163459758,0.004679234823423473
2025-12-19,9581.1642,9594.9522,9530.5706,9581.1642,2650868.0,3733028357.0,600519.SH,4568.1781,0.0017398985996468497,0.003379354464773998,-0.0016394558651271485
2025-12-22,9581.1642,9604.4631,9561.9172,9571.3719,2042565.0,2881636856.0,600519.SH,4611.6235,-0.001022036549587435,0.009510443561734139,-0.010532480111321574
2025-12-23,9571.3719,9597.6535,9509.0725,9569.1208,2450681.0,3445377032.0,600519.SH,4620.7341,-0.00023519094477975067,0.001975573244433315,-0.002210764189213066
2025-12-24,9552.9691,9560.6791,9524.8865,9529.9515,2518669.0,3533253565.0,600519.SH,4634.0586,-0.004093301863218324,0.0028836327110881577,-0.0069769345743064815
2025-12-25,9553.0254,9634.5154,9532.6528,9604.632,2338621.0,3299572096.0,600519.SH,4642.5357,0.007836398747674611,0.0018293035828247373,0.006007095164849874
2025-12-26,9604.632,9632.602,9581.1642,9604.4069,1780299.0,2520605635.0,600519.SH,4657.24,-2.3436608503013545e-05,0.0031672992843112535,-0.003190735892814267
2025-12-29,9604.4069,9604.4069,9530.5143,9536.1421,2630810.0,3694660107.0,600519.SH,4639.3721,-0.007107653883344001,-0.0038365856172325463,-0.0032710682661114543
2025-12-30,9530.5143,9535.5793,9446.0978,9467.0331,3379194.0,4702489813.0,600519.SH,4651.2818,-0.007247060632621927,0.0025670930770997913,-0.009814153709721718
2025-12-31,9468.6089,9491.1199,9396.4046,9396.4609,3476563.0,4799456452.0,600519.SH,4629.9395,-0.0074545213114339814,-0.0045884770946363895,-0.002866044216797592
2026-01-05,9440.47,9704.2997,9440.47,9671.2084,7094942.0,10018086372.0,600519.SH,4717.7457,0.029239466105797307,0.018964869843331567,0.01027459626246574
2026-01-06,9708.0703,9732.945,9617.9135,9682.5203,3958618.0,5649710153.0,600519.SH,4790.6938,0.001169647011225683,0.0154624909095884,-0.014292843898362717
2026-01-07,9709.9275,9721.8583,9638.5674,9656.3511,2968380.0,4234255286.0,600519.SH,4776.6658,-0.0027027260660635877,-0.0029281771254092703,0.00022545105934568266
2026-01-08,9656.1823,9656.3511,9570.6965,9594.108,2913454.0,4117925041.0,600519.SH,4737.6536,-0.006445819891532256,-0.008167245026855396,0.0017214251353231402
2026-01-09,9620.5585,9685.8406,9614.9871,9632.3769,2984774.0,4243865418.0,600519.SH,4758.9221,0.003988791871010644,0.004489247588721934,-0.00050045571771129
2026-01-12,9632.3769,9699.3473,9621.1213,9655.6195,3608266.0,5135636033.0,600519.SH,4789.9155,0.0024129662119016793,0.006512693284052684,-0.004099727072151005
2026-01-13,9675.6544,9691.0182,9575.4801,9586.7919,3916866.0,5555633779.0,600519.SH,4761.0324,-0.007128242781315075,-0.006029981113445548,-0.0010982616678695267
2026-01-14,9586.7919,9650.1043,9503.3885,9513.6873,5175797.0,7285041159.0,600519.SH,4741.9306,-0.007625554070908813,-0.004012113003053819,-0.0036134410678549944
2026-01-15,9502.488,9540.8131,9460.6174,9462.362,4090714.0,5698739671.0,600519.SH,4751.4293,-0.005394890370214345,0.0020031292739712825,-0.007398019644185627
2026-01-16,9496.7477,9510.8171,9412.3312,9423.5867,5512068.0,7643061998.0,600519.SH,4731.8728,-0.0040978457598641604,-0.0041159193929286575,1.8073633064497052e-05
2026-01-19,9423.024,9454.4832,9384.1924,9389.8201,4228640.0,5833745442.0,600519.SH,4734.4556,-0.0035832004389579897,0.0005458303951026977,-0.004129030834060687
2026-01-20,9409.5173,9421.2231,9367.5905,9376.0321,3648443.0,5021900765.0,600519.SH,4718.8782,-0.0014683987396095777,-0.003290219893497426,0.0018218211538878482
2026-01-21,9376.0884,9380.8157,9243.4982,9249.4636,6451625.0,8775880803.0,600519.SH,4723.0692,-0.013499153869151237,0.0008881348113625176,-0.014387288680513755
2026-01-22,9254.81,9309.6807,9173.0386,9187.5582,5901089.0,7962441434.0,600519.SH,4723.7091,-0.006692863789420134,0.00013548393489548616,-0.00682834772431562
2026-01-23,9187.7833,9232.2427,9144.8435,9170.3373,6194890.0,8301311489.0,600519.SH,4702.4966,-0.0018743717998978005,-0.004490644862106263,0.002616273062208463
2026-01-26,9190.0907,9271.637,9103.4794,9198.4761,8016606.0,10751225525.0,600519.SH,4706.964,0.003068458561497067,0.0009500060031939483,0.002118452558303119
2026-01-27,9215.2468,9264.3209,9175.965,9204.1601,4841596.0,6514513216.0,600519.SH,4705.6918,0.0006179284414293829,-0.0002702803760555872,0.00088820881748497
