time,open,high,low,close_stock,volume,amount,thscode,close_index,ret_stock,ret_index,ret_excess,vol_20,vol_regime,ret_excess_fwd_5
2015-02-02,1003.1777,1007.7311,992.8943,999.6476,3398336.0,593379653.0,600519.SH,3353.96,-0.0119342107617144,-0.0234190059952421,0.0114847952335277,0.2523493100026242,mid,0.0395864031411423
2015-02-03,1013.2565,1019.2424,1006.7079,1017.8099,2779280.0,493512567.0,600519.SH,3437.445,0.0181687026508141,0.0248914715739008,-0.0067227689230866,0.26061454698207936,mid,-0.0251689018936592
2015-02-04,1021.8005,1036.7908,1010.8008,1012.0798,3529371.0,634135328.0,600519.SH,3401.768,-0.0056298332331017,-0.0103789296992388,0.004749096466137,0.2520258072247287,mid,-0.0066510746308348
2015-02-05,1020.8796,1030.7538,995.4523,995.7081,4123962.0,735861121.0,600519.SH,3366.946,-0.0161762936084685,-0.0102364417561692,-0.0059398518522992,0.2558624252912977,mid,-0.0004862933345877
2015-02-06,998.7267,1008.2427,993.4059,998.522,3710238.0,648205629.0,600519.SH,3312.42,0.0028260290340111,-0.0161944979218555,0.0190205269558667,0.2568500680369208,mid,-0.0131193556358291
2015-02-09,1004.5079,1052.2416,1000.5685,1048.1487,8729358.0,1584342294.0,600519.SH,3345.921,0.0497001568317974,0.010113753690655,0.0395864031411423,0.31292029973313357,high,-0.0045083712028581
2015-02-10,1050.7068,1052.7532,1033.5677,1040.8838,5363887.0,984795852.0,600519.SH,3406.943,-0.0069311730291702,0.018237728864489,-0.0251689018936592,0.3127576564603458,high,-0.0118726558130145
2015-02-11,1038.428,1047.8929,1036.7908,1042.2651,2289479.0,420358857.0,600519.SH,3434.124,0.001327045343582,0.0079781199744168,-0.0066510746308348,0.3113663707606126,high,0.020956489551302
2015-02-12,1046.5627,1049.1208,1036.4327,1044.4139,2505098.0,458818631.0,600519.SH,3442.874,0.0020616635825183,0.002547956917106,-0.0004862933345877,0.30707659710342505,high,-0.012068645814339
2015-02-13,1047.1766,1049.1719,1033.3119,1038.8885,4012705.0,734977407.0,600519.SH,3469.828,-0.00529043131272,0.0078289243231091,-0.0131193556358291,0.3075454250270639,high,0.0194465957609841
2015-02-16,1039.1443,1044.7209,1032.391,1043.0837,3952108.0,722512103.0,600519.SH,3499.483,0.0040381619394187,0.0085465331422769,-0.0045083712028581,0.24230652279068662,mid,-0.0094671792223725
2015-02-17,1044.3116,1046.0511,1035.9211,1037.5071,3417255.0,624854087.0,600519.SH,3522.322,-0.0053462632001629,0.0065263926128515,-0.0118726558130145,0.2398966380383986,mid,0.0033038077099979
2015-02-25,1041.4977,1055.3113,1031.8282,1046.4092,5993512.0,1104113268.0,600519.SH,3478.729,0.0085802786313462,-0.0123762109199557,0.020956489551302,0.22945598187504054,mid,-0.000530079731132
2015-02-26,1045.5906,1069.0738,1044.3116,1060.1205,6229772.0,1163369598.0,600519.SH,3566.295,0.0131031913710237,0.0251718371853628,-0.012068645814339,0.23246941695908002,mid,0.0017267395513499
2015-02-27,1061.4507,1100.3334,1060.9391,1082.6827,6337094.0,1217723178.0,600519.SH,3572.843,0.0212826749411978,0.0018360791802136,0.0194465957609841,0.2426143206316572,mid,-0.0041213641759966
2015-03-02,1081.4037,1096.7521,1072.1946,1081.0455,3109870.0,592027084.0,600519.SH,3601.265,-0.0015121697243339,0.0079550094980385,-0.0094671792223725,0.2418342694203576,mid,0.0218579486253964
2015-03-03,1073.7295,1087.5431,1052.5486,1056.5903,4299960.0,812905777.0,600519.SH,3507.9,-0.0226218045401418,-0.0259256122501397,0.0033038077099979,0.25178613498223873,mid,-0.0127389581430937
2015-03-04,1061.9111,1067.1296,1049.6835,1062.9344,4066223.0,757815044.0,600519.SH,3530.822,0.0060043140657264,0.0065343937968584,-0.000530079731132,0.2460616985531026,mid,0.0187654535895946
2015-03-05,1051.7812,1062.1158,1046.8697,1054.3904,3620624.0,670609773.0,600519.SH,3496.344,-0.0080381254007774,-0.0097648649521273,0.0017267395513499,0.24678791613123605,mid,-0.0157241427609911
2015-03-06,1053.5207,1059.3019,1042.8791,1044.6697,2547066.0,471454744.0,600519.SH,3478.52,-0.0092192607216454,-0.0050978965456488,-0.0041213641759966,0.24993183759635454,mid,-0.0202195536869616
2015-03-09,1055.8229,1092.608,1045.5906,1085.292,4348603.0,815432195.0,600519.SH,3537.75,0.0388853050873401,0.0170273564619436,0.0218579486253964,0.2767685861111368,mid,-0.0060375130595728
2015-03-10,1082.1199,1084.985,1063.3948,1066.2087,2963706.0,561292473.0,600519.SH,3520.611,-0.0175835627646753,-0.0048446046215815,-0.0127389581430937,0.2819864847977941,mid,0.0001593194506792
2015-03-11,1066.2087,1092.6592,1066.0552,1087.4407,4058339.0,778418696.0,600519.SH,3524.653,0.019913549758129,0.0011480961685343,0.0187654535895946,0.2867876930022581,mid,-0.0113396192710799
2015-03-12,1092.6592,1107.9565,1084.4734,1091.3802,3849640.0,747203168.0,600519.SH,3592.844,0.0036227262783157,0.0193468690393068,-0.0157241427609911,0.2769857734448768,mid,-0.0173106168744417
2015-03-13,1091.1244,1097.2637,1070.0458,1076.8503,2547927.0,486997365.0,600519.SH,3617.657,-0.0133133256403221,0.0069062280466394,-0.0202195536869616,0.2842931677722489,mid,-0.0236279871449744
2015-03-16,1077.6177,1100.3334,1062.0135,1096.5475,3116097.0,597313674.0,600519.SH,3705.671,0.0182914932558404,0.0243290063154133,-0.0060375130595728,0.23477966959393853,mid,-0.0113896539969384
2015-03-17,1102.8404,1121.7701,1102.3287,1111.9471,4590408.0,903712736.0,600519.SH,3757.122,0.0140437144765732,0.013884395025894,0.0001593194506792,0.23557125942955262,mid,0.0025807115869869
2015-03-18,1112.1006,1128.4211,1105.5519,1125.6584,3930446.0,778884998.0,600519.SH,3846.055,0.0123308923598972,0.0236705116309772,-0.0113396192710799,0.23751013082206435,mid,-0.0052421415830351
2015-03-19,1121.0027,1123.305,1098.0823,1104.324,3353977.0,658535489.0,600519.SH,3839.739,-0.0189528190790384,-0.0016422022045966,-0.0173106168744417,0.25106662878744007,mid,0.0246585192118364
2015-03-20,1098.7986,1102.8404,1081.813,1093.4266,5137371.0,991294900.0,600519.SH,3892.574,-0.0098679373082537,0.0137600498367207,-0.0236279871449744,0.2535632302255565,mid,-0.0237927899792843
2015-03-23,1101.2032,1111.8448,1093.6824,1103.3008,4097901.0,799009923.0,600519.SH,3972.061,0.0090305101412384,0.0204201641381769,-0.0113896539969384,0.25453474443018476,mid,-0.0190079299828902
2015-03-24,1104.4264,1115.3749,1088.0547,1106.4217,6007944.0,1172628507.0,600519.SH,3973.046,0.0028286936799104,0.0002479820929235,0.0025807115869869,0.25265571669615344,mid,0.0053172408196092
2015-03-25,1092.6592,1103.4031,1087.85,1091.5337,4224030.0,815963246.0,600519.SH,3940.412,-0.0134559906046674,-0.0082138490216322,-0.0052421415830351,0.2586320189687451,mid,-0.0208063858551599
2015-03-26,1095.4731,1127.9607,1087.5431,1121.105,6710525.0,1315872110.0,600519.SH,3949.999,0.0270915135281668,0.0024329943163303,0.0246585192118364,0.27090109327221323,mid,-0.0037336319714076
2015-03-27,1118.24,1121.105,1092.4034,1100.5892,4014459.0,784086654.0,600519.SH,3971.697,-0.0182996240316474,0.0054931659476369,-0.0237927899792843,0.2717851601763792,mid,-0.0007296005987027
2015-03-30,1101.2543,1123.1003,1093.1708,1111.9471,6345139.0,1237889229.0,600519.SH,4088.178,0.0103198359569585,0.0293277659398487,-0.0190079299828902,0.273597436385128,mid,-0.0037045695891553
2015-03-31,1111.4866,1132.4117,1097.8777,1107.803,8813097.0,1746870227.0,600519.SH,4051.204,-0.0037268859282963,-0.0090441267479056,0.0053172408196092,0.25930391014640586,mid,0.0089173769848489
2015-04-01,1108.1611,1115.9889,1100.2311,1104.631,7687523.0,1504959693.0,600519.SH,4123.895,-0.0028633249774554,0.0179430608777044,-0.0208063858551599,0.25962260479130556,mid,-0.0121569433822358
2015-04-02,1107.803,1116.1935,1092.0453,1100.7427,6298161.0,1228604478.0,600519.SH,4124.776,-0.0035199989860867,0.0002136329853208,-0.0037336319714076,0.25778252144742597,mid,-0.0183070299715222
2015-04-03,1097.7754,1113.175,1091.5337,1112.1517,5121088.0,996536046.0,600519.SH,4170.538,0.0103648200437758,0.0110944206424785,-0.0007296005987027,0.25556163475963356,mid,-0.0009775124343216
2015-04-07,1112.3564,1133.9977,1106.9844,1131.9001,5982433.0,1189027078.0,600519.SH,4260.044,0.0177569301022515,0.0214614996914068,-0.0037045695891553,0.22576163205216654,mid,0.0054850046290184
2015-04-08,1141.2626,1183.1128,1136.6069,1151.4949,13585716.0,2798381803.0,600519.SH,4295.803,0.0173114217411942,0.0083940447563453,0.0089173769848489,0.21908433389713036,mid,0.011670140729086
2015-04-09,1151.3926,1158.5552,1123.6119,1128.4723,6239973.0,1255308054.0,600519.SH,4262.138,-0.0199936621516951,-0.0078367187694593,-0.0121569433822358,0.22618727505790664,mid,0.0605396597479694
2015-04-10,1128.4211,1143.7696,1126.477,1129.5978,10201946.0,2048914304.0,600519.SH,4344.416,0.0009973660851048,0.019304396056627,-0.0183070299715222,0.22612172608055936,mid,0.0071837127774834
2015-04-13,1136.4023,1151.4438,1123.0491,1148.4253,9135609.0,1840018389.0,600519.SH,4421.073,0.0166674368523027,0.0176449492866244,-0.0009775124343216,0.22454916226309315,mid,0.0219550194585625
2015-04-14,1148.9369,1175.9501,1148.7322,1159.1692,8190313.0,1691094329.0,600519.SH,4438.184,0.0093553320359625,0.003870327406944,0.0054850046290184,0.21881285193574213,mid,0.0704033992373263
2015-04-15,1175.0292,1178.5082,1149.7555,1157.6343,5500520.0,1135635917.0,600519.SH,4380.513,-0.0013241380119486,-0.0129942787410346,0.011670140729086,0.21517480360845523,mid,-0.0028820356469174
2015-04-16,1172.2154,1262.8736,1168.5317,1262.8736,8601417.0,1877332299.0,600519.SH,4513.546,0.090908933848971,0.0303692741010015,0.0605396597479694,0.3813382790391435,high,-0.0278235375026344
2015-04-17,1327.4905,1377.6288,1273.157,1295.0541,19209491.0,4577503916.0,600519.SH,4596.136,0.0254819643074335,0.0182982515299501,0.0071837127774834,0.37529755106002516,high,0.0169254812996052
2015-04-20,1281.9568,1362.2804,1276.8406,1302.5749,13058871.0,3118764548.0,600519.SH,4521.919,0.0058073249604013,-0.0161476944981612,0.0219550194585625,0.36933638874753794,high,-0.0319927737425745
2015-04-21,1333.1183,1422.2928,1333.1183,1422.2928,12240188.0,3039243960.0,600519.SH,4619.164,0.0919086495525132,0.0215052503151869,0.0704033992373263,0.47216731499573816,high,-0.0149135174035293
2015-04-22,1480.4635,1481.4867,1420.6557,1455.3432,13463506.0,3543576711.0,600519.SH,4739.814,0.0232374093435614,0.0261194449904789,-0.0028820356469174,0.47178994817197595,high,0.0001937268294405
2015-04-23,1455.9059,1456.7757,1399.5259,1415.1814,8603012.0,2214737651.0,600519.SH,4740.892,-0.0275961024176291,0.0002274350850053,-0.0278235375026344,0.4852616386483727,high,0.0141813043601788
2015-04-24,1393.8982,1433.8042,1358.7502,1427.7159,10053123.0,2547399865.0,600519.SH,4702.641,0.0088571684167131,-0.0080683128828921,0.0169254812996052,0.48279539494477997,high,0.0020743362567086
2015-04-27,1423.0602,1475.3473,1399.5771,1413.9023,7897335.0,2050832438.0,600519.SH,4807.592,-0.009675314255448,0.0223174594871264,-0.0319927737425745,0.47640698563426237,high,-0.0110082734410192
2015-04-28,1404.7444,1428.2787,1369.1872,1373.4847,8729177.0,2187970737.0,600519.SH,4741.861,-0.0285858506630903,-0.013672333259561,-0.0149135174035293,0.4988144252257147,high,0.0160803317383685
2015-04-29,1364.3268,1399.6283,1364.3268,1383.1543,5930057.0,1477767688.0,600519.SH,4774.326,0.0070401949144391,0.0068464680849986,0.0001937268294405,0.496035111504633,high,0.0268276598781548
2015-04-30,1390.1634,1409.349,1372.7685,1395.6888,6406407.0,1610938043.0,600519.SH,4749.886,0.0090622571899605,-0.0051190471702182,0.0141813043601788,0.49321930621252935,high,0.0150453582562655
2015-05-04,1397.8888,1430.3252,1384.3821,1409.7071,5473902.0,1398337296.0,600519.SH,4787.741,0.0100440012128779,0.0079696649561693,0.0020743362567086,0.489822660242956,high,-0.0170834556410983
2015-05-05,1394.5121,1394.5121,1332.5044,1337.9787,7370003.0,1801146749.0,600519.SH,4596.837,-0.0508817753702171,-0.0398735019291978,-0.0110082734410192,0.539702763760911,high,-0.0229913885919795
2015-05-06,1353.4806,1368.8802,1333.1695,1346.8296,6032432.0,1472597539.0,600519.SH,4553.327,0.006615127729612,-0.0094652040087565,0.0160803317383685,0.5389778887647954,high,0.0133056824365856
2015-05-07,1358.6991,1393.8982,1346.2157,1358.3409,6810290.0,1693825898.0,600519.SH,4470.089,0.0085469609518531,-0.0182806989263016,0.0268276598781548,0.5381390306100061,high,-0.014274018187694
2015-05-08,1364.4292,1409.2466,1363.3036,1405.6142,5780559.0,1447670266.0,600519.SH,4558.404,0.0348022355801846,0.0197568773239191,0.0150453582562655,0.534358786089175,high,-0.0052206564038783
2015-05-11,1391.954,1425.1579,1384.2798,1422.344,6134570.0,1552417973.0,600519.SH,4690.532,0.0119021279096356,0.0289855835507339,-0.0170834556410983,0.5328989070367293,high,-0.005997818017758
2015-05-12,1421.1161,1421.1161,1394.5121,1406.8932,4703129.0,1193035140.0,600519.SH,4747.421,-0.0108629136130219,0.0121284749789576,-0.0229913885919795,0.5387038971605898,high,-0.0001081628563521
2015-05-13,1403.7212,1450.6363,1397.0702,1417.0232,5891341.0,1520374556.0,600519.SH,4718.436,0.0072002622516051,-0.0061054201849805,0.0133056824365856,0.5388312502798461,high,0.009440128778329
2015-05-14,1416.2558,1432.8833,1390.5215,1391.4936,4185329.0,1062504725.0,600519.SH,4700.778,-0.0180163599297457,-0.0037423417420516,-0.014274018187694,0.5469373644269689,high,-0.0011962831277361
2015-05-15,1391.4936,1402.1352,1341.3553,1359.5688,5418507.0,1333031173.0,600519.SH,4617.47,-0.0229428292016578,-0.0177221727977794,-0.0052206564038783,0.46634671892389923,high,0.0390671702017937
2015-05-18,1358.6991,1358.6991,1333.6299,1338.9507,3536324.0,856505079.0,600519.SH,4575.14,-0.0151651758998881,-0.0091673578821301,-0.005997818017758,0.46393903568524164,high,0.007083753394337
2015-05-19,1338.4903,1385.4054,1334.1415,1384.4845,4763777.0,1174434448.0,600519.SH,4731.222,0.034007077333019,0.0341152401893711,-0.0001081628563521,0.4775549876338894,high,-0.0236931568657997
2015-05-20,1394.5121,1435.4413,1380.6985,1404.4886,6377150.0,1631009463.0,600519.SH,4754.919,0.0144487713658043,0.0050086425874753,0.009440128778329,0.3492163205559092,high,-0.0248620610859845
2015-05-21,1414.9767,1442.0923,1404.7956,1428.2276,4766913.0,1230234942.0,600519.SH,4840.976,0.0169022375831318,0.0180985207108679,-0.0011962831277361,0.34421767486992144,high,0.0139714198954588
2015-05-22,1433.8042,1521.3927,1433.3437,1516.5835,6664906.0,1779754347.0,600519.SH,4951.335,0.0618640194321968,0.0227968492304031,0.0390671702017937,0.39437882283494813,high,0.0082450553951449
2015-05-25,1486.6028,1581.2005,1481.4867,1572.7077,6747362.0,1868570180.0,600519.SH,5099.495,0.0370069963177102,0.0299232429233731,0.007083753394337,0.4114931112598232,high,-0.0217893698141882
2015-05-26,1571.5309,1588.9259,1558.0243,1566.1078,6091468.0,1746031124.0,600519.SH,5198.918,-0.004196520434153,0.0194966364316466,-0.0236931568657997,0.40932619485276206,high,-0.03345463228439
2015-05-27,1566.0055,1585.4469,1501.9513,1521.9043,4693479.0,1309259999.0,600519.SH,5181.434,-0.0282250685425359,-0.0033630074565513,-0.0248620610859845,0.40893024263859235,high,-0.0097947016224587
2015-05-28,1513.4626,1542.8805,1435.9529,1441.1203,6088499.0,1650995554.0,600519.SH,4834.007,-0.0530808671741054,-0.0670522870695642,0.0139714198954588,0.45852288617204773,high,-0.0235171800500757
2015-05-29,1435.4925,1481.4867,1434.8786,1455.0362,5778309.0,1531805542.0,600519.SH,4840.829,0.0096563069717356,0.0014112515765907,0.0082450553951449,0.4586413142888608,high,-0.0251585480641867
2015-06-01,1455.599,1501.849,1434.4181,1494.0724,6581670.0,1747123649.0,600519.SH,5076.179,0.0268283359548031,0.0486177057689913,-0.0217893698141882,0.4661207960795135,high,0.0158034087930245
2015-06-02,1489.1609,1489.1609,1438.818,1469.3102,6463560.0,1708951665.0,600519.SH,5161.87,-0.016573627891125,0.016881004393265,-0.03345463228439,0.42751802806841177,high,-0.0128912483755402
2015-06-03,1461.943,1469.3102,1435.4925,1449.7154,4642403.0,1218378716.0,600519.SH,5143.59,-0.0133360538843327,-0.003541352261874,-0.0097947016224587,0.43237864097248707,high,0.0087946847889983
2015-06-04,1450.6875,1461.0221,1333.1183,1426.2834,9236273.0,2332785391.0,600519.SH,5181.416,-0.0161631724406046,0.0073540076094711,-0.0235171800500757,0.4378235289679875,high,-0.0030403432967748
2015-06-05,1425.7718,1446.1852,1363.8152,1403.9258,8573823.0,2188974566.0,600519.SH,5230.552,-0.0156754260759117,0.0094831219882749,-0.0251585480641867,0.4253790633948566,high,0.015791201328223
2015-06-08,1392.0052,1474.0171,1383.2566,1459.1803,9600797.0,2462736702.0,600519.SH,5353.751,0.0393571369655005,0.023553728172476,0.0158034087930245,0.4459931694526396,high,0.0035265763907352
2015-06-09,1461.0221,1485.5796,1417.5348,1430.4787,7785186.0,2045525401.0,600519.SH,5317.461,-0.0196696734461122,-0.006778425070572,-0.0128912483755402,0.45034507959607917,high,0.0052875418338967
2015-06-10,1413.1349,1470.6404,1403.7212,1440.8133,8046208.0,2096832880.0,600519.SH,5309.112,0.0072245745427736,-0.0015701102462246,0.0087946847889983,0.45034937607024383,high,-0.010459873955795
2015-06-11,1435.4413,1458.464,1424.0323,1435.7483,5295454.0,1378413758.0,600519.SH,5306.59,-0.0035153756562352,-0.0004750323594604,-0.0030403432967748,0.44504778201804013,high,0.0001915391117139
2015-06-12,1446.2876,1501.9513,1440.5575,1466.1382,9090952.0,2438986511.0,600519.SH,5335.115,0.0211665930581286,0.0053753917299055,0.015791201328223,0.43985340689146274,high,0.0267902791641587
2015-06-15,1471.1521,1496.8351,1435.8506,1439.9947,10001422.0,2664672586.0,600519.SH,5221.167,-0.0178315386639541,-0.0213581150546894,0.0035265763907352,0.44150452627304915,high,0.0340618687474203
2015-06-16,1430.3252,1465.115,1397.0702,1404.4886,6930384.0,1789696036.0,600519.SH,5064.821,-0.0246571046407324,-0.0299446464746292,0.0052875418338967,0.4377313932245186,high,0.0131945319561619
2015-06-17,1404.5398,1423.9812,1379.1637,1410.321,5838881.0,1478407037.0,600519.SH,5138.831,0.0041526858957772,0.0146125598515722,-0.010459873955795,0.4350773502077648,high,0.0021445920574806
2015-06-18,1399.7306,1408.8373,1336.188,1353.4294,6150650.0,1530836127.0,600519.SH,4930.549,-0.0403394688159645,-0.0405310079276785,0.0001915391117139,0.4536143704957872,high,0.0443898755547896
2015-06-19,1363.1501,1376.5544,1302.5237,1309.1236,6760866.0,1646002769.0,600519.SH,4637.052,-0.0327359520932529,-0.0595262312574117,0.0267902791641587,0.3968777762522066,high,0.0492881510567823
2015-06-23,1332.0951,1414.2093,1303.0865,1395.7912,8124734.0,1989068141.0,600519.SH,4786.091,0.0662027634365463,0.0321408946891259,0.0340618687474203,0.4498412169611345,high,-0.0259433314080872
2015-06-24,1384.2798,1462.0453,1372.2569,1441.6319,9570694.0,2463553858.0,600519.SH,4880.126,0.0328420898483958,0.0196475578922339,0.0131945319561619,0.470098439546332,high,0.0486037784376511
2015-06-25,1443.1156,1445.8271,1385.3542,1393.4377,6652166.0,1707385606.0,600519.SH,4706.516,-0.0334303090823671,-0.0355749011398477,0.0021445920574806,0.4740439638822057,high,0.0442050141718596
2015-06-26,1384.3821,1413.6977,1309.0724,1345.6529,9933201.0,2451381599.0,600519.SH,4336.195,-0.034292742330712,-0.0786826178855016,0.0443898755547896,0.4524311840425668,high,0.0167120310751204
2015-06-29,1375.9405,1417.5348,1270.7013,1367.0896,16507167.0,4057069903.0,600519.SH,4191.549,0.0159303338921945,-0.0333578171645877,0.0492881510567823,0.45530525775020486,high,-0.0133369742735935
2015-06-30,1367.0896,1434.5204,1363.8152,1423.4184,12629819.0,3205285541.0,600519.SH,4472.998,0.0412034441634256,0.0671467755715129,-0.0259433314080872,0.4702936646570953,high,-0.0182654770746926
2015-07-01,1409.8606,1478.9286,1389.2936,1422.5998,10332654.0,2696026039.0,600519.SH,4253.021,-0.0005750944346371,-0.0491788728722882,0.0486037784376511,0.46713952982955725,high,0.0398067476462236
2015-07-02,1411.3954,1551.0663,1358.7502,1436.9762,11845972.0,3011363680.0,600519.SH,4107.996,0.0101057233383556,-0.0340992908335039,0.0442050141718596,0.4664774250494488,high,0.0178442653193267
2015-07-03,1409.8606,1437.9994,1344.3738,1383.3078,10960531.0,2772183160.0,600519.SH,3885.917,-0.0373481481460862,-0.0540601792212066,0.0167120310751204,0.4819953021924107,high,-0.0261369237467279
2015-07-06,1476.1147,1476.3194,1330.5602,1404.9491,27279966.0,7012491142.0,600519.SH,3998.537,0.0156446020184373,0.0289815762920309,-0.0133369742735935,0.48225021999629186,high,-0.0530284012258863
2015-07-07,1384.2798,1417.9441,1330.5602,1354.5038,16756224.0,4121731560.0,600519.SH,3928.003,-0.0359054288870679,-0.0176399518123753,-0.0182654770746926,0.475715313801944,high,-0.0075961731160059
2015-07-08,1276.8406,1358.6479,1229.5674,1317.0536,28914054.0,6738026659.0,600519.SH,3663.038,-0.0276486489000621,-0.0674553965462857,0.0398067476462236,0.48018093916280497,high,0.0435529179586456
2015-07-09,1317.0536,1437.539,1297.3053,1424.9021,13820334.0,3409950542.0,600519.SH,3897.626,0.0818861889903341,0.0640419236710074,0.0178442653193267,0.5678270951567285,high,-0.006499379783041
2015-07-10,1420.0929,1553.1128,1394.3075,1464.0406,25614930.0,6888908351.0,600519.SH,4106.556,0.027467501100602,0.0536044248473299,-0.0261369237467279,0.5758459569762516,high,-0.0242197156742156
2015-07-13,1425.209,1463.9895,1389.396,1423.93,14892616.0,3838169457.0,600519.SH,4211.812,-0.027397191034183,0.0256312101917033,-0.0530284012258863,0.5797399539435022,high,-0.0148668332063215
2015-07-14,1409.8606,1410.7815,1369.9546,1379.4195,9676830.0,2425239239.0,600519.SH,4112.149,-0.0312589101992374,-0.0236627370832315,-0.0075961731160059,0.5868760168797039,high,-0.0152197052467566
2015-07-15,1371.4894,1398.0934,1349.8993,1390.7262,10407746.0,2585923324.0,600519.SH,3966.759,0.0081967088329548,-0.0353562091256908,0.0435529179586456,0.5812478438005204,high,-0.0164165427557172
2015-07-16,1390.7262,1405.6653,1375.3777,1392.4145,7281433.0,1826618391.0,600519.SH,3997.356,0.0012139700826805,0.0077133498657215,-0.006499379783041,0.5810720083150321,high,-0.0124764542566655
2015-07-17,1416.3786,1421.95,1392.4043,1412.3828,5641853.0,1284361191.0,600519.SH,4151.496,0.0143407728086715,0.0385604884828871,-0.0242197156742156,0.5628712834651627,high,0.0161697659094732
2015-07-20,1405.9672,1410.188,1379.7981,1394.4865,6793355.0,1531275688.0,600519.SH,4160.612,-0.0126709982591122,0.0021958349472093,-0.0148668332063215,0.5504764816652536,high,0.0124806355622175
2015-07-21,1375.5772,1389.3653,1365.7287,1375.0707,5178996.0,1148423253.0,600519.SH,4166.006,-0.0139232613582132,0.0012964438885434,-0.0152197052467566,0.5011248099376883,high,0.0212243394535234
2015-07-22,1365.7287,1376.9842,1346.4817,1349.577,7085510.0,1552554839.0,600519.SH,4157.16,-0.0185399194383241,-0.0021233766826068,-0.0164165427557172,0.4891273417856706,high,-0.0229410971808017
2015-07-23,1354.4168,1369.1053,1341.9232,1363.1399,6474810.0,1411411702.0,600519.SH,4250.805,0.0100497415115994,0.0225261957682649,-0.0124764542566655,0.47727963397230017,high,0.0215257578226939
2015-07-24,1368.5425,1386.4951,1358.6939,1361.2827,5739009.0,1271122141.0,600519.SH,4176.279,-0.0013624426957202,-0.0175322086051935,0.0161697659094732,0.4605372143094014,high,0.0034678783104762
2015-07-27,1348.8454,1373.0448,1258.8011,1261.7275,7694415.0,1628465532.0,600519.SH,3818.731,-0.0731333763368916,-0.0856140118991092,0.0124806355622175,0.5260217234774405,high,0.0086105538181679
2015-07-28,1252.3854,1306.2994,1238.9914,1285.9832,8670357.0,1766521467.0,600519.SH,3811.093,0.0192241985690253,-0.002000140884498,0.0212243394535234,0.5066877133347875,high,-0.0206784881428945
2015-07-29,1296.9574,1309.451,1265.1605,1296.7322,6650743.0,1364157580.0,600519.SH,3930.379,0.0083585850888254,0.0312996822696272,-0.0229410971808017,0.5086133391049531,high,0.0002094789149126
2015-07-30,1302.8665,1302.8665,1281.8749,1286.7148,4113400.0,853284372.0,600519.SH,3815.412,-0.0077251108594357,-0.0292508686821296,0.0215257578226939,0.505922800649427,high,-0.0006376621434081
2015-07-31,1290.8794,1292.1738,1270.0566,1291.611,4073664.0,835374146.0,600519.SH,3816.699,0.0038051944378041,0.0003373161273279,0.0034678783104762,0.49194863319651483,high,-0.010942916797447
2015-08-03,1281.3122,1309.3947,1270.0566,1306.9748,5455303.0,1117796040.0,600519.SH,3829.235,0.0118950674777467,0.0032845136595787,0.0086105538181679,0.4902441007202225,high,-0.0220236422535811
2015-08-04,1305.2864,1331.8495,1305.2864,1320.5377,5953396.0,1260302964.0,600519.SH,3948.155,0.0103773232659116,0.0310558114088062,-0.0206784881428945,0.4765745197699862,high,-0.0022638214118803
2015-08-05,1325.9403,1331.1179,1292.23,1293.637,4314385.0,907597376.0,600519.SH,3866.9,-0.0203710200776547,-0.0205804989925674,0.0002094789149126,0.4718216549412303,high,0.0069451141295052
2015-08-06,1288.2343,1295.3816,1270.0566,1281.0871,3924980.0,805358564.0,600519.SH,3831.852,-0.009701253133607,-0.0090635909901989,-0.0006376621434081,0.3580572022536532,high,-0.0146023892892639
2015-08-07,1295.3253,1301.5721,1284.6888,1292.1738,3952134.0,819022560.0,600519.SH,3906.945,0.0086541344456594,0.0195970512431065,-0.010942916797447,0.34122272702041023,high,0.002496041509804
2015-08-10,1292.624,1326.3343,1282.0438,1322.3949,5649643.0,1182083559.0,600519.SH,4084.365,0.0233877981429433,0.0454114403965244,-0.0220236422535811,0.34655828799539523,high,-0.0172245875906548
2015-08-11,1322.3949,1323.0139,1309.5073,1313.6718,5089705.0,1076261224.0,600519.SH,4066.669,-0.0065964410479804,-0.0043326196361,-0.0022638214118803,0.3310282536567421,high,0.0393668938196938
2015-08-12,1309.3947,1333.5941,1302.4163,1306.4683,4582434.0,968610598.0,600519.SH,4016.126,-0.005483485296708,-0.0124285994262133,0.0069451141295052,0.32887005590097684,high,-0.0133709445559537
2015-08-13,1317.8926,1317.8926,1286.9399,1306.6934,3518025.0,733202199.0,600519.SH,4075.463,0.0001722965647157,0.0147746858539796,-0.0146023892892639,0.3287175572533891,high,0.0028814023327494
2015-08-14,1312.2649,1317.3299,1305.2302,1309.3384,3066690.0,645849785.0,600519.SH,4073.54,0.0020241932805353,-0.0004718482292687,0.002496041509804,0.3229760733257008,high,0.0055669084457612
2015-08-17,1298.308,1302.8102,1275.6844,1288.178,5385832.0,1108212041.0,600519.SH,4077.872,-0.0161611390913151,0.0010634484993397,-0.0172245875906548,0.3245132759805574,high,0.0076232252145809
2015-08-18,1292.4551,1295.3816,1255.1431,1259.1388,5128552.0,1047896516.0,600519.SH,3825.412,-0.0225428473394205,-0.0619097411591144,0.0393668938196938,0.32950041981150024,high,0.1071516644920956
2015-08-19,1251.7664,1265.3293,1242.9308,1262.2903,5026180.0,1004394398.0,600519.SH,3886.136,0.0025029011892889,0.0158738457452427,-0.0133709445559537,0.32578548208542984,high,0.0422480469083315
2015-08-20,1257.8444,1258.8011,1224.4717,1225.4284,3964503.0,788892224.0,600519.SH,3761.454,-0.0292023950433587,-0.0320837973761082,0.0028814023327494,0.33440260952429135,high,0.0043838887791791
2015-08-21,1205.4499,1224.2466,1175.0599,1176.2418,7562061.0,1433277975.0,600519.SH,3589.536,-0.0401382895973359,-0.0457051980430971,0.0055669084457612,0.35627509920433953,high,-0.0627414266036634
2015-08-24,1146.2458,1149.0597,1074.2104,1082.3144,8981284.0,1559048775.0,600519.SH,3275.534,-0.0798538191722144,-0.0874770443867953,0.0076232252145809,0.3732086473078986,high,0.0053764249022363
2015-08-25,1070.0458,1154.7437,1062.9548,1121.4273,12308058.0,2165823577.0,600519.SH,3042.927,0.0361382053126153,-0.0710134591794803,0.1071516644920956,0.393472600700695,high,-0.0032634728949432
2015-08-26,1122.384,1188.454,1112.4792,1162.4537,9157253.0,1663612844.0,600519.SH,3025.692,0.0365840924329201,-0.0056639544754113,0.0422480469083315,0.41952469700017647,high,-9.300974509685034e-06
2015-08-27,1196.8957,1252.6106,1168.1378,1236.684,8705201.0,1663248886.0,600519.SH,3205.638,0.0638565647818918,0.0594726760027126,0.0043838887791791,0.4853867379333798,high,0.0071169538912376
2015-08-28,1225.0345,1226.6666,1180.744,1211.8093,8992583.0,1720106859.0,600519.SH,3342.286,-0.0201140307467388,0.0426273958569245,-0.0627414266036634,0.489307995431566,high,-0.0228144919097892
2015-08-31,1193.1813,1227.8484,1169.7698,1227.1168,6273019.0,1198185023.0,600519.SH,3366.536,0.0126319380450374,0.0072555131428011,0.0053764249022363,0.48960698219157334,high,-0.0075992615359758
2015-09-01,1207.1382,1225.0345,1185.6401,1221.489,8743269.0,1688392993.0,600519.SH,3362.083,-0.0045861974997001,-0.0013227246047569,-0.0032634728949432,0.4871845134598884,high,0.0185727951172087
2015-09-02,1197.5147,1225.0345,1192.3935,1222.8397,10694546.0,2052413262.0,600519.SH,3365.832,0.0011057815502226,0.0011150825247323,-9.300974509685034e-06,0.4832337885697715,high,0.001699852828966
2015-09-07,1211.5279,1219.4067,1189.2982,1189.6359,3221642.0,615819752.0,600519.SH,3250.485,-0.0271530274982076,-0.0342699813894453,0.0071169538912376,0.49066085864665826,high,0.0643571489945661
2015-09-08,1188.2289,1199.5407,1168.7568,1193.0688,3309858.0,621914336.0,600519.SH,3334.023,0.0028856728348565,0.0257001647446457,-0.0228144919097892,0.48923159394298776,high,0.0369318431719862
2015-09-09,1197.6836,1218.6751,1197.6836,1207.3633,3521516.0,676337501.0,600519.SH,3399.305,0.0119812872484805,0.0195805487844564,-0.0075992615359758,0.48253829109402224,high,-0.0384614246557279
2015-09-10,1199.0342,1215.4673,1192.0558,1214.9608,2685248.0,514766384.0,600519.SH,3357.561,0.0062926378497674,-0.0122801572674413,0.0185727951172087,0.4838202256007832,high,-0.0069933881912467
2015-09-11,1207.4759,1219.9695,1202.8048,1213.2725,1693214.0,326277629.0,600519.SH,3347.188,-0.001389592158035,-0.003089444987001,0.001699852828966,0.4838105848176525,high,0.0020704185865885
2015-09-14,1210.5711,1268.9311,1185.0774,1267.4116,8617555.0,1678995779.0,600519.SH,3281.132,0.0446223746108147,-0.0197347743837513,0.0643571489945661,0.5128363107843963,high,-0.018108893834221
2015-09-15,1241.9741,1264.5414,1225.7098,1264.4289,5188434.0,1035493477.0,600519.SH,3152.232,-0.0023533791232459,-0.0392852222952322,0.0369318431719862,0.5127264096605672,high,-0.0094400507713843
2015-09-16,1253.2296,1306.8622,1240.3983,1278.7797,3719802.0,753188784.0,600519.SH,3309.248,0.0113496298605639,0.0498110545162919,-0.0384614246557279,0.5114089828506376,high,0.0022612475556831
2015-09-17,1267.8055,1285.8144,1239.723,1241.9178,2642300.0,533638541.0,600519.SH,3236.999,-0.0288258407605314,-0.0218324525692846,-0.0069933881912467,0.5155729374973622,high,-0.0100452385925715
2015-09-18,1245.2945,1258.182,1241.9178,1249.9655,1564276.0,312040970.0,600519.SH,3251.273,0.0064800585030668,0.0044096399164783,0.0020704185865885,0.5160408391081736,high,0.0136563633594612
2015-09-21,1241.9741,1257.1128,1241.9178,1249.2339,1652767.0,329196735.0,600519.SH,3308.247,-0.0005852961541739,0.0175235976800471,-0.018108893834221,0.5044177059174151,high,-0.0129654322603633
2015-09-22,1257.5067,1259.8141,1247.433,1249.0651,1645740.0,329161941.0,600519.SH,3339.03,-0.0001351228140702,0.009304927957314,-0.0094400507713843,0.480076385425221,high,0.0140521620597722
2015-09-23,1237.1342,1247.4893,1219.9695,1223.4587,2234432.0,438412337.0,600519.SH,3263.028,-0.0205004526985824,-0.0227617002542656,0.0022612475556831,0.37909173269460905,high,-0.0069217005205071
2015-09-24,1229.5367,1232.238,1212.6534,1219.4067,1388674.0,269653188.0,600519.SH,3284.999,-0.0033119221760407,0.0067333164165308,-0.0100452385925715,0.36361376660018185,high,0.0046493847524755
2015-09-25,1219.3505,1224.4717,1194.0818,1216.3677,2445597.0,470411106.0,600519.SH,3231.951,-0.0024921955898716,-0.0161485589493329,0.0136563633594612,0.34371134103014556,high,-0.0158251566369685
2015-09-28,1205.2248,1209.8395,1192.5623,1204.662,1234110.0,235369401.0,600519.SH,3242.752,-0.0096234880291543,0.003341944231209,-0.0129654322603633,0.25797661968995517,mid,-0.0270170550317032
2015-09-29,1194.3632,1204.6057,1187.3285,1197.8524,1840982.0,348759190.0,600519.SH,3178.854,-0.0056527059042287,-0.0197048679640009,0.0140521620597722,0.2488495442710094,mid,0.0037129606130361
2015-09-30,1198.1901,1205.2248,1197.8524,1198.6403,1163463.0,222178053.0,600519.SH,3202.948,0.0006577605053845,0.0075794610258916,-0.0069217005205071,0.24407650865246408,mid,0.0071908885462035
2015-10-08,1246.3075,1262.0652,1236.29,1239.2165,3439179.0,684138047.0,600519.SH,3296.482,0.0338518569749406,0.029202472222465,0.0046493847524755,0.27312267157132364,mid,-0.0138980705872595
2015-10-09,1246.3075,1246.9828,1233.4762,1236.0086,1572174.0,310187702.0,600519.SH,3340.1159,-0.002588651781186,0.0132365048557825,-0.0158251566369685,0.27339331071270306,mid,-0.0101828940892918
2015-10-12,1247.5456,1278.442,1241.0736,1242.4243,4903000.0,982174156.0,600519.SH,3447.6934,0.0051906596766397,0.032207714708343,-0.0270170550317032,0.253079484118197,mid,0.0088293252654836
2015-10-13,1242.4243,1253.6798,1242.4243,1246.0823,1575113.0,313495454.0,600519.SH,3445.0431,0.0029442437659985,-0.0007687168470376,0.0037129606130361,0.25308138976682315,mid,-0.0156417163619674
2015-10-14,1247.433,1250.3594,1236.3463,1240.9611,1521339.0,301666756.0,600519.SH,3406.1116,-0.0041098408989519,-0.0113007294451554,0.0071908885462035,0.2513531612481224,mid,0.0218048549183177
2015-10-15,1242.8182,1255.2556,1239.4416,1253.1171,1655013.0,329836775.0,600519.SH,3486.815,0.0097956334005957,0.0236937039878553,-0.0138980705872595,0.2525454380714753,mid,-0.0048083163818155
2015-10-16,1260.0392,1266.68,1249.853,1257.3379,1923843.0,386383069.0,600519.SH,3534.0653,0.0033682406855672,0.0135511347748591,-0.0101828940892918,0.25234651004180136,mid,0.0242690171647048
2015-10-19,1280.9745,1280.9745,1263.8661,1268.4809,2612145.0,531101872.0,600519.SH,3534.1821,0.008862375022657,3.3049757173442273e-05,0.0088293252654836,0.19816556794132986,mid,0.0238426343197408
2015-10-20,1264.5414,1269.3813,1259.8141,1264.26,1478429.0,298284287.0,600519.SH,3577.7027,-0.0033275234968063,0.0123141928651611,-0.0156417163619674,0.1983566512455478,mid,-0.0113238914214939
2015-10-21,1264.8791,1267.5241,1236.3463,1254.9179,2234914.0,447195037.0,600519.SH,3473.2544,-0.0073893819309319,-0.0291942368492497,0.0218048549183177,0.19535021724790985,mid,0.0071046427042538
2015-10-22,1254.524,1268.5371,1249.9655,1267.4116,2372030.0,478632748.0,600519.SH,3524.5339,0.0099557907334018,0.0147641071152173,-0.0048083163818155,0.16838273320686134,low,2.6014646170580136e-06
2015-10-23,1285.8144,1352.222,1284.4074,1314.9662,5627734.0,1189746955.0,600519.SH,3571.2411,0.0375210389426767,0.0132520217779719,0.0242690171647048,0.21201048949321116,mid,0.0034305028928989
2015-10-26,1320.7065,1356.1615,1298.1955,1352.9536,4334626.0,932490839.0,600519.SH,3589.2611,0.0288884991872795,0.0050458648675386,0.0238426343197408,0.23105608121339696,mid,0.0109486216311759
2015-10-27,1349.4081,1352.6722,1323.9706,1338.9968,2257279.0,484597005.0,600519.SH,3592.8794,-0.0103158009262107,0.0010080904952831,-0.0113238914214939,0.23629492042412248,mid,-0.0091034974303902
2015-10-28,1337.5335,1337.5335,1320.1437,1323.1827,1655922.0,353020506.0,600519.SH,3524.9199,-0.01181040910628,-0.0189150518105338,0.0071046427042538,0.226350324401927,mid,-0.0243703865201945
2015-10-29,1320.7065,1336.408,1320.7065,1326.3343,1345435.0,287688318.0,600519.SH,3533.3065,0.0023818328338178,0.0023792313692008,2.6014646170580136e-06,0.22480095126532543,mid,-0.0146915383185421
2015-10-30,1326.0529,1342.092,1321.3819,1331.1742,1225791.0,263117287.0,600519.SH,3534.0788,0.0036490800245458,0.0002185771316469,0.0034305028928989,0.223390499890273,mid,-0.0158099419221733
2015-11-02,1335.3387,1342.4297,1323.5204,1323.8581,1529820.0,328246682.0,600519.SH,3475.9623,-0.0054959749069656,-0.0164445965381415,0.0109486216311759,0.22036177558705292,mid,-0.0023889941749712
2015-11-03,1325.8841,1341.8669,1300.4466,1307.8189,2317329.0,493565252.0,600519.SH,3465.4927,-0.0121154978770005,-0.0030120004466102,-0.0091034974303902,0.2255676481322545,mid,0.0082184583550211
2015-11-04,1312.7151,1343.2176,1310.07,1337.4773,3080972.0,659118997.0,600519.SH,3628.5377,0.0226777576008421,0.0470481441210366,-0.0243703865201945,0.23398393280268265,mid,-0.009206300732477
2015-11-05,1335.3387,1384.1877,1329.1482,1346.3691,4998258.0,1087812237.0,600519.SH,3705.9697,0.0066481875991464,0.0213397259176886,-0.0146915383185421,0.2090064243225597,mid,0.0094195727822795
2015-11-06,1350.8151,1357.8498,1340.7414,1356.8368,2169571.0,471929422.0,600519.SH,3793.3739,0.0077747625075472,0.0235847044297206,-0.0158099419221733,0.20775146274021145,mid,-0.0072583852954757
2015-11-09,1376.9842,1391.954,1360.1009,1370.3997,4052729.0,900398639.0,600519.SH,3840.3547,0.0099959700385483,0.0123849642135196,-0.0023889941749712,0.20858377118833318,mid,-0.0103670728501902
2015-11-10,1365.7287,1388.9151,1361.0013,1379.1227,2872976.0,639416128.0,600519.SH,3833.2379,0.0063652961978901,-0.0018531621571309,0.0082184583550211,0.208491145415628,mid,0.0039776116154596
2015-11-11,1377.0405,1382.612,1357.8498,1366.5728,2381550.0,524296324.0,600519.SH,3833.6457,-0.009099915475251,0.000106385257226,-0.009206300732477,0.2121559233815213,mid,0.0126554101153232
2015-11-12,1367.023,1382.612,1362.2394,1365.7849,1618085.0,357408916.0,600519.SH,3795.3241,-0.0005765517943865,-0.009996124576666,0.0094195727822795,0.2121868204445895,mid,-0.014424954230497
2015-11-13,1355.0359,1362.9148,1336.6331,1338.2089,2839718.0,614644801.0,600519.SH,3746.2422,-0.0201905878443963,-0.0129322025489205,-0.0072583852954757,0.2294775272591827,mid,-0.0053558022596039
2015-11-16,1323.5204,1346.0315,1320.7065,1330.724,2391670.0,511461320.0,600519.SH,3764.1262,-0.0055932224034679,0.0047738504467222,-0.0103670728501902,0.23049788645100405,mid,0.0009233582062634
2015-11-17,1336.0141,1351.6592,1327.1222,1333.9881,2198635.0,473813948.0,600519.SH,3758.3869,0.002452875276917,-0.0015247363385425,0.0039776116154596,0.2294714886106754,mid,-0.0040999324297233
2015-11-18,1329.6547,1343.2176,1329.6547,1335.6764,1972554.0,423815322.0,600519.SH,3715.5796,0.0012656034937643,-0.0113898066215588,0.0126554101153232,0.2264174414328741,mid,-0.0018796858458676
2015-11-19,1331.9621,1343.2176,1331.3993,1337.7587,1526276.0,327777826.0,600519.SH,3774.9692,0.0015589853949653,0.0159839396254624,-0.014424954230497,0.225061537496242,mid,0.0052706882467281
2015-11-20,1338.3777,1341.9795,1326.8971,1330.3863,2227423.0,476413651.0,600519.SH,3774.3833,-0.0055110088239382,-0.0001552065643343,-0.0053558022596039,0.18533853893897972,low,0.0321931027043617
2015-11-23,1326.3343,1331.0616,1323.5767,1324.1957,2099473.0,446996434.0,600519.SH,3753.3351,-0.0046532349288322,-0.0055765931350957,0.0009233582062634,0.1529668743405156,low,0.0258653489279383
2015-11-24,1322.9014,1327.9101,1309.451,1318.9619,2046902.0,431548236.0,600519.SH,3753.8887,-0.0039524369396456,0.0001474954900777,-0.0040999324297233,0.14947102894532452,low,-0.0092414690612068
2015-11-25,1319.0182,1326.3343,1311.7021,1326.2217,2424981.0,512351419.0,600519.SH,3781.6069,0.0055041771866193,0.0073838630324869,-0.0018796858458676,0.14498733502492442,low,-0.0033669629287846
2015-11-26,1329.0919,1330.7802,1319.7498,1325.4338,1880453.0,400523684.0,600519.SH,3759.4286,-0.0005940937325938,-0.005864781979322,0.0052706882467281,0.14476557874815718,low,-0.0129964551866776
2015-11-27,1323.4641,1323.7455,1290.4854,1296.7322,1622072.0,339061425.0,600519.SH,3556.9924,-0.0216544953056124,-0.0538475980099741,0.0321931027043617,0.16303031166333898,low,-0.0010084185929442
2015-11-30,1298.4206,1336.3517,1297.0136,1333.7067,3344003.0,702029940.0,600519.SH,3566.4122,0.0285135974875923,0.0026482485596539,0.0258653489279383,0.1932120822659661,low,-0.0060847968558717
2015-12-01,1326.3343,1331.6807,1315.0788,1330.8365,1887754.0,400895906.0,600519.SH,3591.696,-0.0021520473729343,0.0070894216882724,-0.0092414690612068,0.18778488564340706,low,0.0066793416128029
2015-12-02,1334.6634,1405.123,1320.7065,1374.6205,4789145.0,1055325951.0,600519.SH,3721.9545,0.03289960862961,0.0362665715583947,-0.0033669629287846,0.20609249562806062,mid,0.0072179679604404
2015-12-03,1360.1009,1373.6075,1347.157,1366.8542,2238683.0,489928569.0,600519.SH,3749.2985,-0.0056497775204138,0.0073466776662638,-0.0129964551866776,0.2066010958508145,mid,-0.0028320785107242
2015-12-04,1365.5035,1365.5035,1337.6461,1339.3344,2084871.0,452200743.0,600519.SH,3677.5922,-0.0201336762911509,-0.0191252576982067,-0.0010084185929442,0.2176246319586446,mid,-0.0024308077969987
2015-12-07,1337.5898,1348.7328,1327.4598,1334.8322,1925509.0,413697607.0,600519.SH,3687.6073,-0.0033615204686745,0.0027232763871971,-0.0060847968558717,0.21416879550943904,mid,-0.0171287150862851
2015-12-08,1335.0573,1335.0573,1317.6675,1320.3689,1739368.0,370510935.0,600519.SH,3623.0202,-0.0108352945036838,-0.0175146361164867,0.0066793416128029,0.21478239529147147,mid,0.0062942599246473
2015-12-09,1318.3429,1337.8712,1317.8926,1334.6071,1411977.0,302039607.0,600519.SH,3635.9382,0.0107835014896215,0.003565533529181,0.0072179679604404,0.21774905065445843,mid,-0.000107365152099
2015-12-10,1337.5898,1344.3431,1320.6502,1326.1092,1378671.0,295297553.0,600519.SH,3623.0842,-0.0063673421188901,-0.0035352636081659,-0.0028320785107242,0.21853532155545038,mid,-0.0108731209508672
2015-12-11,1323.5204,1323.5204,1312.2649,1317.3861,1303548.0,275655733.0,600519.SH,3608.0587,-0.0065779650725596,-0.0041471572755609,-0.0024308077969987,0.20808992089932152,mid,0.0010744928876149
2015-12-14,1310.5203,1336.9145,1303.8232,1332.5248,2070134.0,439584116.0,600519.SH,3711.322,0.011491467839231,0.0286201829255161,-0.0171287150862851,0.21157248719008578,mid,0.0163471112019562
2015-12-15,1330.8365,1335.2824,1321.1567,1334.8322,1508839.0,321828819.0,600519.SH,3694.3885,0.0017316000422658,-0.0045626598823815,0.0062942599246473,0.21148389465089257,mid,-0.0107947466272555
2015-12-16,1334.2694,1335.5638,1324.0269,1331.4556,2014480.0,430371563.0,600519.SH,3685.4398,-0.0025296063430295,-0.0024222411909304,-0.000107365152099,0.21163911992345416,mid,-0.0055250659181637
2015-12-17,1334.1569,1348.17,1331.9621,1342.4297,2425321.0,523818380.0,600519.SH,3755.8881,0.0082421824655662,0.0191153034164335,-0.0108731209508672,0.21364334534216406,mid,0.0168095638132024
2015-12-18,1340.4037,1360.9451,1338.2089,1348.17,2846020.0,618897538.0,600519.SH,3767.9128,0.0042760525932941,0.0032015597056791,0.0010744928876149,0.21296063908489232,mid,-0.00342922405046
2015-12-21,1354.4731,1417.3915,1354.4731,1405.2919,5939189.0,1341466585.0,600519.SH,3865.9646,0.0423699533441628,0.0260228421422066,0.0163471112019562,0.2578266337270833,mid,0.0070418066568185
2015-12-22,1403.9975,1403.9975,1384.1877,1394.0363,2840245.0,638684794.0,600519.SH,3876.7325,-0.0080094391777252,0.0027853074495303,-0.0107947466272555,0.25969394508313953,mid,-0.0062498962009249
2015-12-23,1396.4,1403.3784,1380.9236,1382.612,2237497.0,501438271.0,600519.SH,3866.3814,-0.0081951237568203,-0.0026700578386565,-0.0055250659181637,0.26240864229955596,mid,-0.0048772708650942
2015-12-24,1388.1272,1397.6944,1383.7375,1392.6294,1557788.0,350137309.0,600519.SH,3829.4022,0.0072452719924316,-0.0095642918207707,0.0168095638132024,0.26277182536803856,mid,0.0063015064714407
2015-12-25,1393.8675,1397.5818,1381.9366,1391.0536,1154295.0,258870006.0,600519.SH,3838.201,-0.0011315286033743,0.0022976954470856,-0.00342922405046,0.24728439321030501,mid,0.0362866986717108
2015-12-28,1396.5688,1399.4953,1360.1009,1360.7762,2559452.0,569404122.0,600519.SH,3727.6316,-0.0217658039920244,-0.0288076106488429,0.0070418066568185,0.2445717255855339,mid,0.0092328313393716
2015-12-29,1357.9623,1368.2049,1357.3433,1364.7719,1577433.0,345982477.0,600519.SH,3761.8745,0.0029363388336745,0.0091862350345994,-0.0062498962009249,0.24433662165456738,mid,-0.0202607575695862
2015-12-30,1366.7417,1369.443,1351.7718,1359.313,2014766.0,440489185.0,600519.SH,3765.1752,-0.0039998625411322,0.0008774083239619,-0.0048772708650942,0.21446608465152397,mid,0.0269664795292097
2015-12-31,1355.7112,1362.9148,1353.4601,1355.5424,1967387.0,429872169.0,600519.SH,3731.0047,-0.0027739012280468,-0.0090754076994876,0.0063015064714407,0.2137874471772767,mid,-0.0097210151760882
2016-01-04,1354.4731,1354.4731,1309.3947,1309.5635,1734969.0,371909829.0,600519.SH,3469.0662,-0.0339191898386949,-0.0702058885104057,0.0362866986717108,0.23524727805530338,mid,0.02932304313034
2016-01-05,1309.451,1331.7932,1295.4379,1325.3213,3190891.0,672596329.0,600519.SH,3478.7797,0.0120328643857285,0.0028000330463568,0.0092328313393716,0.23952232573657012,mid,-0.021081374391122
2016-01-06,1325.0962,1330.0486,1305.5116,1321.7195,2376090.0,502483565.0,600519.SH,3539.8082,-0.0027176806107319,0.0175430769588542,-0.0202607575695862,0.23647801004527416,mid,0.0322297215195763
2016-01-07,1303.767,1303.767,1253.3422,1265.7233,814868.0,167829920.0,600519.SH,3294.3839,-0.0423661752739517,-0.0693326548031614,0.0269664795292097,0.27664457776328993,mid,0.0018402442372336
2016-01-08,1276.6411,1298.1955,1253.1733,1279.2299,4451009.0,911812833.0,600519.SH,3361.5632,0.0106710526700424,0.0203920678461306,-0.0097210151760882,0.28007644130782794,mid,0.0063399432173406
2016-01-11,1270.9571,1274.5026,1249.7967,1252.3854,2970258.0,596838948.0,600519.SH,3192.4499,-0.0209848909879296,-0.0503079341182697,0.02932304313034,0.2879957428700819,mid,-0.0019076064740812
2016-01-12,1259.3639,1264.9916,1230.6623,1235.1082,4028723.0,801495583.0,600519.SH,3215.7099,-0.0137954338975845,0.0072859404935374,-0.021081374391122,0.28583320221586656,mid,0.0191576233618429
2016-01-13,1248.1083,1286.9399,1245.2945,1251.9352,2920198.0,592420624.0,600519.SH,3155.879,0.0136239076058275,-0.0186058139137488,0.0322297215195763,0.29184804125377856,mid,-0.0188794000230283
2016-01-14,1236.9091,1286.8274,1227.9047,1280.2992,3477606.0,699341426.0,600519.SH,3221.5714,0.0226561246939938,0.0208158804567601,0.0018402442372336,0.3057914490821822,high,0.0201516942861288
2016-01-15,1279.9052,1287.9529,1241.9178,1247.5456,2668119.0,537750009.0,600519.SH,3118.7301,-0.025582770027506,-0.0319227132448467,0.0063399432173406,0.3145341981677806,high,0.0007010679775873
2016-01-18,1241.9178,1266.68,1237.4156,1249.9655,2737123.0,548614385.0,600519.SH,3130.7289,0.0019397286960893,0.0038473351701706,-0.0019076064740812,0.31387957837140174,high,-0.0048207164283784
2016-01-19,1258.8011,1311.3082,1253.2296,1310.8017,5911022.0,1224859286.0,600519.SH,3223.1251,0.048670303300371,0.0295126799385281,0.0191576233618429,0.32665168048358456,high,0.043527945306878
2016-01-20,1292.5677,1310.3514,1258.8574,1266.2298,4096866.0,835946965.0,600519.SH,3174.3781,-0.03400354149678,-0.0151241414737517,-0.0188794000230283,0.3442103266145632,high,0.0076040705491803
2016-01-21,1260.2643,1279.0048,1252.6106,1254.6366,2183229.0,439737651.0,600519.SH,3081.3454,-0.009155684063035,-0.0293073783491638,0.0201516942861288,0.3443612441052612,high,0.0113592802277669
2016-01-22,1270.6757,1272.3077,1246.4763,1268.5934,2273348.0,456952021.0,600519.SH,3113.4626,0.0111241773115815,0.0104231093339941,0.0007010679775873,0.3464032425731397,high,-0.0140711568376596
2016-01-25,1270.0566,1272.8142,1261.615,1268.7622,1375045.0,278273547.0,600519.SH,3128.886,0.0001330607584746,0.004953777186853,-0.0048207164283784,0.34659184317528774,high,0.018154685490161
2016-01-26,1258.7448,1278.3294,1244.7317,1247.6018,2228092.0,448487464.0,600519.SH,2940.5085,-0.0166779874116678,-0.0602059327185459,0.043527945306878,0.34366187557784644,high,-0.00622505837807
2016-01-27,1253.0608,1258.182,1228.9739,1252.7794,2984041.0,589842577.0,600519.SH,2930.3519,0.0041500421047804,-0.0034540284443999,0.0076040705491803,0.34401872926829474,high,0.0003701725690763
2016-01-28,1251.7664,1251.7664,1228.5237,1234.264,1790300.0,353744037.0,600519.SH,2853.7562,-0.0147794575804806,-0.0261387378082476,0.0113592802277669,0.34611993681296627,high,-0.0063739539317282
2016-01-29,1238.9914,1267.2427,1236.29,1256.8314,2309024.0,461975279.0,600519.SH,2946.0902,0.0182840948127791,0.0323552516504388,-0.0140711568376596,0.355527153440141,high,0.0021063549633171
2016-02-01,1264.9916,1268.9311,1252.5543,1260.4332,1917802.0,386028337.0,600519.SH,2901.0477,0.0028657781783618,-0.0152889073117992,0.018154685490161,0.33734396143050543,high,-0.009508963351129
2016-02-02,1264.4289,1280.1866,1256.7751,1278.7797,1784208.0,362596993.0,600519.SH,2961.3337,0.0145557098940269,0.020780768272097,-0.00622505837807,0.33882130878621886,high,-0.0149203066255005
2016-02-03,1267.693,1278.8359,1261.615,1273.771,1515699.0,307933687.0,600519.SH,2948.6386,-0.0039167809748622,-0.0042869535439385,0.0003701725690763,0.3389019292727542,high,-0.0158039653275162
2016-02-04,1280.1866,1286.2646,1273.0956,1281.2559,1662475.0,340315128.0,600519.SH,2984.7598,0.005876173974757,0.0122501279064852,-0.0063739539317282,0.303394683402515,high,0.0005183347225072
2016-02-05,1281.2559,1282.3252,1267.4116,1274.9528,1422767.0,290691678.0,600519.SH,2963.7894,-0.0049194700293673,-0.0070258249926844,0.0021063549633171,0.30169772737856465,high,0.0069313576418058
2016-02-15,1253.1733,1270.0566,1250.9222,1255.4807,1947018.0,390748384.0,600519.SH,2946.7066,-0.0152728006872097,-0.0057638373360806,-0.009508963351129,0.2970732361880827,high,-0.0012765950621895
2016-02-16,1256.3249,1298.1955,1256.3249,1275.2342,1922316.0,393326285.0,600519.SH,3037.0353,0.01573381414784,0.0306541207733406,-0.0149203066255005,0.29699702511037185,high,0.0294619462465886
2016-02-17,1274.2212,1280.8619,1256.0435,1266.1172,2034911.0,411126979.0,600519.SH,3063.3199,-0.0071492750116018,0.0086546903159143,-0.0158039653275162,0.2951438398783379,mid,0.0161396727054952
2016-02-18,1271.1822,1273.4333,1259.3639,1262.7968,1889256.0,381696249.0,600519.SH,3053.6985,-0.0026225060365658,-0.0031408407590731,0.0005183347225072,0.2836486501793531,mid,0.0391881095833737
2016-02-19,1262.2903,1271.0696,1259.5327,1270.6757,1423846.0,287755552.0,600519.SH,3051.585,0.0062392460924829,-0.0006921115493229,0.0069313576418058,0.26846691593474137,mid,0.0088122326774666
2016-02-22,1286.9399,1299.9963,1286.9399,1297.0699,2775986.0,574540624.0,600519.SH,3118.8675,0.0207717830757288,0.0220483781379183,-0.0012765950621895,0.27746283277120726,mid,0.0158780833625628
2016-02-23,1296.9011,1337.4773,1292.6803,1323.0139,3746089.0,795824522.0,600519.SH,3089.3632,0.0200020060599663,-0.0094599401866222,0.0294619462465886,0.22769838255544894,mid,-0.0037243289862745
2016-02-24,1321.8321,1354.642,1315.135,1353.0099,3312902.0,717612347.0,600519.SH,3109.5454,0.0226724753231997,0.0065328026177045,0.0161396727054952,0.20088302160951305,mid,-0.0171072859285561
2016-02-25,1358.9753,1368.43,1321.4381,1323.0139,3948065.0,855036777.0,600519.SH,2918.7501,-0.0221698303907459,-0.0613579399741196,0.0391881095833737,0.216381579029501,mid,0.0122171859004815
2016-02-26,1326.8971,1361.5078,1316.542,1347.9449,2833271.0,609924298.0,600519.SH,2948.0306,0.0188440952887947,0.010031862611328,0.0088122326774666,0.22200857007991978,mid,0.0321980157390524
2016-02-29,1360.0446,1370.6811,1291.4421,1337.0833,4771246.0,1022532377.0,600519.SH,2877.4666,-0.0080578961350719,-0.0239359794976347,0.0158780833625628,0.22535426197495106,mid,-0.0231983612295582
2016-03-01,1342.9925,1367.417,1311.7021,1356.8368,3400459.0,736088847.0,600519.SH,2930.6937,0.0147735746905222,0.0184979036767967,-0.0037243289862745,0.21694153228645058,mid,-0.0181957384111275
2016-03-02,1360.1009,1396.6814,1358.2437,1389.4778,4794266.0,1073462814.0,600519.SH,3051.3327,0.0240566883209534,0.0411639742495095,-0.0171072859285561,0.22799265439529806,mid,0.0044818353002844
2016-03-03,1393.8675,1433.1493,1375.0707,1409.6815,4019328.0,914557333.0,600519.SH,3058.4219,0.0145404985959474,0.0023233126954658,0.0122171859004815,0.21726441129385993,mid,0.0216075080970429
2016-03-04,1404.4477,1479.1844,1393.9238,1471.4181,8583869.0,2007278355.0,600519.SH,3093.8895,0.0437947153310873,0.0115966995920349,0.0321980157390524,0.2514066852097041,mid,-0.0017453252665848
2016-03-07,1467.6475,1478.284,1427.9155,1442.4914,3934555.0,924016283.0,600519.SH,3104.8397,-0.0196590622339088,0.0035392989956493,-0.0231983612295582,0.2696003139016257,mid,-0.0295859708348612
2016-03-08,1440.5779,1440.5779,1405.123,1417.5604,2614722.0,600938828.0,600519.SH,3107.6727,-0.0172832919489156,0.0009124464622118,-0.0181957384111275,0.2810611448908671,mid,0.0267625747983275
2016-03-09,1405.123,1436.9199,1400.058,1407.5992,1640260.0,375804071.0,600519.SH,3071.907,-0.0070270021651281,-0.0115088374654126,0.0044818353002844,0.2826282201055487,mid,-0.017961687449434
2016-03-10,1416.3223,1442.8291,1410.7508,1411.0885,2572746.0,593953294.0,600519.SH,3013.1457,0.0024789016646216,-0.0191286064324213,0.0216075080970429,0.2827708277660734,mid,-0.0072779355048926
2016-03-11,1402.5342,1432.5865,1396.6814,1411.0322,1632008.0,373343712.0,600519.SH,3018.2844,-3.9898277110150815e-05,0.0017054269894747,-0.0017453252665848,0.2810285435998651,mid,-0.0294004908658678
2016-03-14,1426.2834,1441.7035,1378.1097,1391.4475,4527783.0,1029457824.0,600519.SH,3065.6904,-0.0138796974300091,0.015706273404852,-0.0295859708348612,0.27972091223430373,mid,-0.0003774454534053
2016-03-15,1392.7419,1446.7122,1390.1532,1432.8116,3635633.0,832373597.0,600519.SH,3074.7796,0.0297273882054478,0.0029648134071202,0.0267625747983275,0.2908328967521199,mid,0.0171336344744391
2016-03-16,1423.2444,1436.0757,1393.8675,1414.1837,2425097.0,555358085.0,600519.SH,3090.0328,-0.0130009416450843,0.0049607458043496,-0.017961687449434,0.2950532075119206,mid,-0.0013271937910568
2016-03-17,1422.0063,1445.0802,1412.4391,1419.5301,2882095.0,665454446.0,600519.SH,3124.2039,0.0037805555247172,0.0110584910296098,-0.0072779355048926,0.29352690025260153,mid,0.0466085201742898
2016-03-18,1433.2618,1434.7251,1398.2571,1399.4953,7056894.0,1613934123.0,600519.SH,3171.963,-0.0141136845213778,0.0152868063444899,-0.0294004908658678,0.3020985843424866,high,0.0037257603536053
2016-03-21,1403.2096,1433.3744,1403.1533,1433.1493,3854745.0,885665711.0,600519.SH,3249.4372,0.0240472404587568,0.0244246859121621,-0.0003774454534053,0.3045786618577144,high,0.0259698466457345
2016-03-22,1434.7251,1468.0414,1430.448,1447.275,4176661.0,981582397.0,600519.SH,3225.7903,0.0098564050514486,-0.0072772294229904,0.0171336344744391,0.3001243383931531,high,0.0054276510334008
2016-03-23,1451.2707,1461.4007,1437.0887,1449.9763,2141206.0,503035650.0,600519.SH,3236.0924,0.0018664731996338,0.0031936669906906,-0.0013271937910568,0.29256063083226447,mid,-0.0237599757001345
2016-03-24,1450.1451,1508.6739,1429.3224,1493.2538,6206802.0,1487290878.0,600519.SH,3181.8507,0.0298470395688534,-0.0167614806054363,0.0466085201742898,0.2899822140057309,mid,-0.004322721986795
2016-03-25,1492.3534,1533.3798,1484.0243,1506.3103,4475616.0,1100326150.0,600519.SH,3197.8169,0.0087436576421235,0.0050178972885182,0.0037257603536053,0.28634737370842117,mid,-0.0106163408288326
2016-03-28,1506.3103,1553.5835,1506.3103,1532.198,4833765.0,1207751715.0,600519.SH,3169.7283,0.0171861667546189,-0.0087836798911156,0.0259698466457345,0.2842472143682057,mid,-0.0116133914123521
2016-03-29,1532.3105,1540.1894,1503.2713,1523.9252,3668805.0,911522995.0,600519.SH,3135.4098,-0.0053993021789613,-0.0108269532123621,0.0054276510334008,0.28593025457048477,mid,0.0457188793796358
2016-03-30,1528.9339,1536.8127,1509.1241,1527.0204,2778260.0,688591402.0,600519.SH,3216.2753,0.0020310708163366,0.0257910465164712,-0.0237599757001345,0.27803778299618703,mid,0.0037321225628417
2016-03-31,1533.6612,1536.25,1517.6221,1521.2801,1945734.0,483196895.0,600519.SH,3218.0879,-0.0037591508273236,0.0005635711594713,-0.004322721986795,0.2771868423469068,mid,-0.0080122122597338
2016-04-01,1528.6525,1537.3192,1503.834,1506.9293,2514607.0,620149506.0,600519.SH,3221.8948,-0.0094333712772551,0.0011829695515774,-0.0106163408288326,0.2372480440467334,mid,-0.0364567927183105
2016-04-05,1495.1673,1520.4922,1495.1673,1509.3492,2504785.0,615354327.0,600519.SH,3264.4858,0.0016058483964709,0.0132192398088231,-0.0116133914123521,0.22397005917940957,mid,0.0081100103961746
2016-04-06,1510.925,1577.3327,1510.925,1575.1378,4842492.0,1225137020.0,600519.SH,3257.5276,0.0435873951501746,-0.0021314842294611,0.0457188793796358,0.2552024818371644,mid,-0.0233548326519585
2016-04-07,1573.3369,1576.6573,1549.3064,1557.6918,2553639.0,650128766.0,600519.SH,3209.2902,-0.0110758563472985,-0.0148079789101402,0.0037321225628417,0.25820553910723126,mid,-0.0024674748216497
2016-04-08,1545.8172,1567.7092,1524.4317,1533.7738,2315602.0,583704015.0,600519.SH,3185.7258,-0.0153547704366165,-0.0073425581768827,-0.0080122122597338,0.268264757465136,mid,0.0091693062882857
2016-04-11,1537.3755,1563.7135,1497.9812,1499.2193,11928468.0,2930751132.0,600519.SH,3230.0957,-0.0225290717575172,0.0139277209607933,-0.0364567927183105,0.2844894010217981,mid,0.0088114723276593
2016-04-12,1499.1067,1506.4228,1490.1023,1505.9726,2333909.0,568663727.0,600519.SH,3218.4497,0.0045045444652427,-0.0036054659309319,0.0081100103961746,0.2772545422287862,mid,-0.0049281268801391
2016-04-13,1508.6739,1526.8516,1487.8512,1490.8902,5427425.0,1328412389.0,600519.SH,3261.3831,-0.0100150560508205,0.013339776601138,-0.0233548326519585,0.26412228284118083,mid,-0.0001419380435355
2016-04-14,1491.6781,1505.4661,1483.9117,1493.8166,2866437.0,696651874.0,600519.SH,3275.8321,0.0019628541390908,0.0044303289607405,-0.0024674748216497,0.2580317470603693,mid,0.0138116201965722
2016-04-15,1493.1413,1506.3103,1485.0373,1505.86,1902926.0,463404859.0,600519.SH,3272.2053,0.0080621677386634,-0.0011071385496222,0.0091693062882857,0.2586795922197223,mid,0.0222014216074972
2016-04-18,1494.0417,1512.0506,1492.3534,1498.9942,1859304.0,453989128.0,600519.SH,3228.4531,-0.0045593879909153,-0.0133708603185747,0.0088114723276593,0.25240341476511396,mid,-0.0066105163950357
2016-04-19,1504.1154,1507.4921,1486.4442,1496.1803,1423668.0,345816837.0,600519.SH,3238.3029,-0.0018771920531781,0.0030509348269609,-0.0049281268801391,0.24101062575483162,mid,-0.0078866500920393
2016-04-20,1496.2366,1503.0461,1454.6474,1469.5047,3370850.0,808354333.0,600519.SH,3181.0264,-0.017829134630365,-0.0176871965868294,-0.0001419380435355,0.2493330560136506,mid,0.007993011031636
2016-04-21,1481.0979,1491.2278,1468.7168,1480.3663,2967222.0,713190665.0,600519.SH,3160.6033,0.0073913339644302,-0.0064202862321419,0.0138116201965722,0.2503925021380533,mid,0.007515567796106
2016-04-22,1483.9117,1522.6308,1480.3663,1519.9294,3545938.0,869560470.0,600519.SH,3174.9012,0.0267252098348902,0.0045237882273929,0.0222014216074972,0.24585189439217628,mid,0.0189011424280254
2016-04-25,1518.3537,1523.8689,1496.8556,1503.7215,2499028.0,614481805.0,600519.SH,3162.0331,-0.0106635874008357,-0.0040530710057999,-0.0066105163950357,0.24738947394016556,mid,0.0141396931528399
2016-04-26,1506.1414,1517.003,1495.1673,1500.0072,1515668.0,370224914.0,600519.SH,3179.1605,-0.0024700717519834,0.0054165783400559,-0.0078866500920393,0.2390050316092955,mid,-0.0121384148889061
2016-04-27,1503.6089,1509.1241,1497.9249,1505.7475,1391510.0,340092448.0,600519.SH,3165.9156,0.0038268482977947,-0.0041661627338412,0.007993011031636,0.23897323279396773,mid,0.0042044823656459
2016-04-28,1511.0939,1516.2151,1500.795,1514.5268,1715655.0,421012810.0,600519.SH,3160.5809,0.0058305260344115,-0.0016850417616944,0.007515567796106,0.23988441997586005,mid,0.0062112713552722
2016-04-29,1519.8732,1548.2371,1519.8732,1541.315,4607949.0,1155915396.0,600519.SH,3156.7451,0.0176875047704669,-0.0012136376575584,0.0189011424280254,0.24773795474644883,mid,0.0155882082378333
2016-05-03,1537.6569,1603.6706,1537.6569,1590.8393,5647486.0,1463972630.0,600519.SH,3213.5397,0.0321311996574353,0.0179915065045954,0.0141396931528399,0.26812968941188814,mid,0.0034662921773072
2016-05-04,1590.8393,1604.2897,1568.272,1569.5101,2863626.0,743425170.0,600519.SH,3209.4614,-0.0134075138827662,-0.0012690989938601,-0.0121384148889061,0.2742770444663981,mid,0.0129710020912281
2016-05-05,1571.1421,1580.4279,1565.5144,1578.2894,1351789.0,347050356.0,600519.SH,3213.9199,0.0055936562625495,0.0013891738969036,0.0042044823656459,0.22715692137339555,mid,-0.0056325367589717
2016-05-06,1575.7006,1582.5102,1540.8647,1547.0553,2717369.0,689911421.0,600519.SH,3130.3544,-0.0197898433582586,-0.0260011147135308,0.0062112713552722,0.23486737390532664,mid,-0.0130249283415762
2016-05-09,1535.2932,1550.3194,1528.9902,1539.1764,2779918.0,696784543.0,600519.SH,3065.6154,-0.0050928366943314,-0.0206810449321648,0.0155882082378333,0.22885556301085064,mid,-0.0041771374544967
2016-05-10,1531.7478,1557.0727,1529.5529,1546.2674,3350589.0,843441777.0,600519.SH,3069.1124,0.0046070093070553,0.0011407171297481,0.0034662921773072,0.2126943847346609,mid,-0.0028336180683605
2016-05-11,1547.7869,1593.5406,1547.7869,1573.2244,4927713.0,1268594578.0,600519.SH,3082.8086,0.0174335952500841,0.0044625931588559,0.0129710020912281,0.2198423597770076,mid,-0.0146689775567052
2016-05-12,1557.1853,1571.4798,1545.8172,1568.1031,1889411.0,480711461.0,600519.SH,3090.1372,-0.0032552889467007,0.0023772478122709,-0.0056325367589717,0.216107006554673,mid,0.0067833560587434
2016-05-13,1568.2157,1584.6488,1537.3755,1539.9643,2814561.0,714915405.0,600519.SH,3074.9351,-0.0179444833697477,-0.0049195550281715,-0.0130249283415762,0.22812323040423474,mid,0.0153185098442596
2016-05-16,1539.4015,1544.6916,1519.3667,1543.7349,2220273.0,553627499.0,600519.SH,3095.3085,0.0024484983190842,0.0066256357735809,-0.0041771374544967,0.22688757235944756,mid,0.0078073101999511
2016-05-17,1540.2457,1548.0683,1533.6049,1534.7305,1178569.0,295827986.0,600519.SH,3086.0249,-0.0058328667700652,-0.0029992487017046,-0.0028336180683605,0.22737120837885968,mid,-0.0004964223632628
2016-05-18,1529.3841,1544.973,1495.7301,1503.2713,2838034.0,700172115.0,600519.SH,3068.0358,-0.0204981917020609,-0.0058292141453556,-0.0146689775567052,0.24004986037413611,mid,0.0011219912714234
2016-05-19,1507.3233,1526.12,1503.6089,1510.7562,2088943.0,514050851.0,600519.SH,3062.5002,0.0049790746354301,-0.0018042814233133,0.0067833560587434,0.23061486942267864,mid,0.0014665599501406
2016-05-20,1516.7779,1546.8302,1502.5959,1541.6526,2550157.0,638079261.0,600519.SH,3078.2183,0.0204509503254064,0.0051324404811468,0.0153185098442596,0.23953765877475838,mid,-0.0004217979559628
2016-05-23,1532.9859,1562.6442,1532.9859,1558.1983,1870618.0,474832790.0,600519.SH,3087.2225,0.0107324438722447,0.0029251336722935,0.0078073101999511,0.22398738696865816,mid,0.0120376854560044
2016-05-24,1559.3801,1563.8823,1535.1244,1545.4795,1167440.0,294383661.0,600519.SH,3063.5556,-0.0081625040920658,-0.007666081728803,-0.0004964223632628,0.22238009396403122,mid,-0.003624472621583
2016-05-25,1559.774,1562.3628,1540.2457,1545.0293,1778534.0,450815932.0,600519.SH,3059.2259,-0.0002913011786956,-0.0014132924501191,0.0011219912714234,0.22200312096603156,mid,0.0004754115126812
2016-05-26,1545.7609,1555.9472,1530.0594,1549.8129,1812026.0,454859062.0,600519.SH,3064.2111,0.0030961225136636,0.0016295625635229,0.0014665599501406,0.22191983490792977,mid,0.0117154148112554
2016-05-27,1549.8692,1560.9559,1542.328,1548.2934,1323044.0,334258004.0,600519.SH,3062.4993,-0.0009804409293533,-0.0005586429733904,-0.0004217979559628,0.22148812188600558,mid,0.0485919898962126
2016-05-30,1543.0033,1571.1421,1534.5616,1569.0598,2980692.0,756013047.0,600519.SH,3066.7095,0.0134124449539085,0.0013747594979041,0.0120376854560044,0.21775449104767267,mid,-0.0222696521115615
2016-05-31,1568.3282,1628.0951,1563.826,1615.9954,5394965.0,1418668247.0,600519.SH,3169.5598,0.0299132002489643,0.0335376728705474,-0.003624472621583,0.21364994725618597,mid,0.0065712948891583
2016-06-01,1621.2292,1621.792,1607.7226,1612.1685,2187669.0,578184009.0,600519.SH,3160.547,-0.0023681379291055,-0.0028435494417867,0.0004754115126812,0.207366153776961,mid,-0.007766129667134
2016-06-02,1607.7789,1639.6883,1607.7789,1634.3982,2476076.0,660335572.0,600519.SH,3167.0997,0.0137886951643082,0.0020732803530527,0.0117154148112554,0.21155059050217492,mid,0.0065481034831689
2016-06-03,1630.2337,1741.3258,1626.857,1725.2866,6479813.0,1806172759.0,600519.SH,3189.3255,0.0556097039264971,0.0070177140302845,0.0485919898962126,0.27044397999512815,mid,0.0164940189862532
2016-06-06,1714.6502,1720.2779,1675.2558,1681.1649,3726166.0,1034692860.0,600519.SH,3178.7883,-0.0255735481861389,-0.0033038960745774,-0.0222696521115615,0.2902336276342709,mid,-0.0004693890398299
2016-06-07,1683.6974,1694.8967,1675.3121,1691.2949,1875353.0,518246021.0,600519.SH,3177.0536,0.0060255838079894,-0.0005457110811688,0.0065712948891583,0.2902791699579667,mid,-0.001295156352536
2016-06-08,1683.1347,1691.3512,1666.8141,1671.2038,2388209.0,656530776.0,600519.SH,3163.9864,-0.0118791229134552,-0.0041129932463211,-0.007766129667134,0.2918008421513978,mid,0.0092231191039657
2016-06-13,1665.97,1684.5979,1626.0128,1630.5713,3777506.0,1030012790.0,600519.SH,3066.3413,-0.0243133123560393,-0.0308614158392083,0.0065481034831689,0.3071347549382484,high,-0.007889352145637
2016-06-14,1634.2294,1668.5025,1634.2294,1662.5933,2558729.0,696446744.0,600519.SH,3075.9834,0.0196385156539919,0.0031444966677387,0.0164940189862532,0.303505131363609,high,-0.0056554948680873
2016-06-15,1651.1127,1691.0135,1648.2988,1683.6412,2732201.0,752172235.0,600519.SH,3116.3682,0.0126596805123657,0.0131290695521957,-0.0004693890398299,0.30496925283019477,high,0.0067170165665797
2016-06-16,1674.4679,1691.0135,1668.3899,1669.7406,1964357.0,540824570.0,600519.SH,3094.6748,-0.0082562721796068,-0.0069611158270708,-0.001295156352536,0.30617934281164094,high,-0.0013309738560863
2016-06-17,1667.3769,1717.4078,1667.3769,1693.6023,2470518.0,689165054.0,600519.SH,3110.3572,0.0142906628730234,0.0050675437690577,0.0092231191039657,0.2932905147963858,mid,0.0039570081486116
2016-06-20,1702.1002,1702.6067,1669.628,1681.5026,1901926.0,523759587.0,600519.SH,3112.6744,-0.0071443573263924,0.0007449948192446,-0.007889352145637,0.2970591568359975,high,0.0328221221876203
2016-06-21,1686.7364,1691.8014,1664.0003,1668.5588,1674933.0,460067364.0,600519.SH,3106.3175,-0.0076977579457802,-0.0020422630776928,-0.0056554948680873,0.2951074067831291,mid,-0.0033737829977738
2016-06-22,1668.3336,1699.7929,1662.7059,1694.6153,2088448.0,577353686.0,600519.SH,3133.9611,0.0156161712730771,0.0088991547064973,0.0067170165665797,0.29706039130620365,high,-0.0048753639132601
2016-06-23,1703.2258,1703.2258,1674.5805,1683.3598,1398451.0,386801287.0,600519.SH,3117.3168,-0.006641920440586,-0.0053109465844997,-0.0013309738560863,0.2962575519794805,mid,0.0112280332275371
2016-06-24,1676.8316,1686.5113,1631.3592,1668.3336,2012951.0,550877435.0,600519.SH,3077.1554,-0.008926315099125,-0.0128833232477366,0.0039570081486116,0.29965474054311403,high,0.0012496700413009
2016-06-27,1675.2558,1772.6161,1675.2558,1746.6159,6364269.0,1823624051.0,600519.SH,3120.5443,0.0469224500423657,0.0141003278547453,0.0328221221876203,0.33604746826061177,high,0.0085291748556846
2016-06-28,1742.9015,1757.7588,1738.9621,1749.5986,2428223.0,699351511.0,600519.SH,3136.4013,0.0017077023059277,0.0050814853037015,-0.0033737829977738,0.33542002860882514,high,0.0198589822136794
2016-06-29,1745.8843,1756.577,1727.0312,1749.4298,2814760.0,805690468.0,600519.SH,3151.3898,-9.647927244582633e-05,0.0047788846408143,-0.0048753639132601,0.3350691617175683,high,0.0474835283286581
2016-06-30,1759.7848,1805.82,1759.7848,1770.4776,3802240.0,1116195906.0,600519.SH,3153.921,0.0120312344056332,0.000803201178096,0.0112280332275371,0.3237249337151595,high,0.0013200524080123
2016-07-01,1778.6435,1804.9814,1760.6346,1772.8469,2601495.0,746622842.0,600519.SH,3154.2003,0.0013382264762908,8.855643498995036e-05,0.0012496700413009,0.32290735457179515,high,-0.0147394142693549
2016-07-04,1777.5179,1824.7912,1771.8902,1816.3495,2948864.0,859625100.0,600519.SH,3204.6962,0.0245382723121776,0.016009097456493,0.0085291748556846,0.3290046169388186,high,0.0119774591770436
2016-07-05,1822.7089,1868.125,1822.7089,1853.943,4170773.0,1252985739.0,600519.SH,3207.3827,0.0206972832045815,0.000838300990902,0.0198589822136794,0.27782802536533086,mid,0.0060726344087458
2016-07-06,1849.5533,1951.9787,1845.1074,1947.4202,4734770.0,1463885917.0,600519.SH,3216.8035,0.0504207518785637,0.0029372235499056,0.0474835283286581,0.30141273454768847,high,-0.024283974798261
2016-07-07,1939.5976,2001.503,1918.6623,1945.8444,5072520.0,1619384207.0,600519.SH,3209.9542,-0.0008091730793385,-0.0021292254873509,0.0013200524080123,0.30284316775020015,high,0.0015704738792678
2016-07-08,1926.8226,1937.9093,1885.3459,1906.4501,4554563.0,1412963905.0,600519.SH,3192.2804,-0.0202453495253782,-0.0055059352560232,-0.0147394142693549,0.31117697691209656,high,0.0013914070022003
2016-07-11,1901.4976,1985.7453,1901.4976,1935.8833,5748167.0,1825388220.0,600519.SH,3203.3298,0.0154387466002912,0.0034612874232475,0.0119774591770436,0.2897377517727048,mid,0.0005689466444291
2016-07-12,1939.3725,2000.3775,1935.0954,1989.8535,5311945.0,1712151169.0,600519.SH,3273.1823,0.0278788499286088,0.021806215519863,0.0060726344087458,0.29525979946732417,mid,-0.0192474637395342
2016-07-13,1980.2863,1989.8535,1935.3768,1947.4202,5344828.0,1697002627.0,600519.SH,3282.8681,-0.0213248362253803,0.0029591385728806,-0.024283974798261,0.3140052979670906,high,0.0046077208053246
2016-07-14,1941.2296,1967.7364,1936.2209,1946.8574,2923085.0,928017845.0,600519.SH,3276.7637,-0.0002889977211902,-0.0018594716004581,0.0015704738792678,0.30995474499039255,high,0.0126415501974783
2016-07-15,1947.0262,1952.1475,1935.433,1949.2774,2681101.0,848676195.0,600519.SH,3276.2775,0.0012430288936415,-0.0001483781085587,0.0013914070022003,0.3098387171214871,high,-0.0104092146406664
2016-07-18,1949.1648,1960.4203,1938.8097,1941.905,2335289.0,741065232.0,600519.SH,3262.0222,-0.0037821194664238,-0.004351066110853,0.0005689466444291,0.30799382383030954,high,0.0081433368545364
2016-07-19,1937.9093,1942.4115,1881.913,1896.3201,4143166.0,1282256493.0,600519.SH,3248.2341,-0.0234743203194801,-0.0042268565799459,-0.0192474637395342,0.3229784364626474,high,0.0108960049812232
2016-07-20,1899.1902,1911.8527,1892.8871,1898.8526,1773384.0,548187889.0,600519.SH,3237.6051,0.0013354812829331,-0.0032722395223915,0.0046077208053246,0.32167350578147647,high,0.0012451735308364
2016-07-21,1907.8007,1949.7276,1901.3288,1931.6062,3300949.0,1041004812.0,600519.SH,3252.5227,0.017249153515128,0.0046076033176496,0.0126415501974783,0.32049736223047787,high,0.0050508720936008
2016-07-22,1923.2771,1936.2209,1892.2118,1895.2508,2887145.0,893047922.0,600519.SH,3225.1621,-0.0188213311802374,-0.0084121165395709,-0.0104092146406664,0.32887213462808684,high,-0.0030666512108498
2016-07-25,1893.4499,1930.5369,1890.0733,1914.0475,2362353.0,736751814.0,600519.SH,3230.885,0.0099177902998377,0.0017744534453012,0.0081433368545364,0.29296447751289806,mid,-0.0096345334716917
2016-07-26,1901.3851,1960.4203,1898.5149,1957.8316,3555567.0,1121135548.0,600519.SH,3269.5882,0.0228751376337317,0.0119791326525084,0.0108960049812232,0.2996110926038079,high,-0.0060875259148643
2016-07-27,1962.39,1966.6109,1897.3894,1929.5239,3922806.0,1235833182.0,600519.SH,3218.243,-0.0144587001251793,-0.0157038736560157,0.0012451735308364,0.3075948388811256,high,0.0004238359507255
2016-07-28,1918.2121,1959.2948,1915.3982,1941.0045,3964399.0,1254912053.0,600519.SH,3221.1365,0.0059499651701646,0.0008990930765637,0.0050508720936008,0.30652978712702156,high,-0.003985845608012
2016-07-29,1935.5456,1956.9311,1923.8399,1924.684,2900737.0,913987191.0,600519.SH,3203.9304,-0.0084082751997741,-0.0053416239889243,-0.0030666512108498,0.3099165644656433,high,-0.0022976798896708
2016-08-01,1923.8399,1929.1862,1878.8177,1889.8481,3170185.0,980681835.0,600519.SH,3176.8091,-0.0180995425742616,-0.0084650091025698,-0.0096345334716917,0.3099371058896091,high,-0.0025889542997634
2016-08-02,1891.4802,1909.7704,1866.718,1885.6273,2654142.0,812078461.0,600519.SH,3189.0529,-0.0022334070129762,0.0038541189018881,-0.0060875259148643,0.3023467057909632,high,0.0156547283307593
2016-08-03,1890.0733,1895.1382,1874.0341,1889.0603,2403907.0,735080442.0,600519.SH,3193.5073,0.0018206142857604,0.0013967783350348,0.0004238359507255,0.23976115391627523,mid,-0.001441718017017
2016-08-04,1889.2291,1897.5582,1874.4281,1886.1338,2179364.0,666165432.0,600519.SH,3201.2888,-0.0015491829456159,0.0024366626623961,-0.003985845608012,0.23975087112087912,mid,0.011715588829449
2016-08-05,1887.2031,1897.7833,1878.9866,1884.0515,2030848.0,622324412.0,600519.SH,3205.1101,-0.0011040043924773,0.0011936754971935,-0.0022976798896708,0.2292446395284294,mid,-0.0182479383716844
2016-08-08,1885.2897,1897.3894,1867.8999,1896.2638,2200740.0,672724165.0,600519.SH,3234.1833,0.0064819353398779,0.0090708896396414,-0.0025889542997634,0.22311202545252168,mid,-0.0248763100943718
2016-08-09,1896.6577,1950.1215,1886.8092,1939.3162,3928967.0,1230571980.0,600519.SH,3256.9813,0.0227038031311888,0.0070490748004294,0.0156547283307593,0.21484962668870997,mid,-0.0221646690997286
2016-08-10,1935.3768,1943.537,1925.697,1928.3983,2094471.0,659451040.0,600519.SH,3243.3409,-0.0056297678532257,-0.0041880498362086,-0.001441718017017,0.20220013588391594,mid,-0.0024807410087416
2016-08-11,1931.6062,1972.0698,1929.5239,1945.0565,3193972.0,1016399255.0,600519.SH,3233.3604,0.0086383606540203,-0.0030772281754286,0.011715588829449,0.20474032853416269,mid,-0.0025949397361124
2016-08-12,1948.602,1948.602,1929.5239,1946.1821,2335283.0,737487495.0,600519.SH,3294.2337,0.0005786978424535,0.018826636214138,-0.0182479383716844,0.20470181918951516,mid,-9.758807526738522e-06
2016-08-15,1939.5976,1972.7451,1930.3118,1956.3683,3411013.0,1084418386.0,600519.SH,3393.4239,0.0052339398250553,0.0301102499194272,-0.0248763100943718,0.20499427795756536,mid,0.0108927057614061
2016-08-16,1974.4897,1977.1911,1895.701,1904.2552,8837869.0,2755749508.0,600519.SH,3378.2451,-0.0266376734891891,-0.0044730043894604,-0.0221646690997286,0.21013402016238303,mid,-0.0028177639297805
2016-08-17,1904.7054,1912.4155,1887.2594,1896.6015,4375406.0,1347397784.0,600519.SH,3373.0476,-0.0040192617039985,-0.0015385206952569,-0.0024807410087416,0.21064043575026348,mid,-0.0011848684911035
2016-08-18,1895.4196,1904.9868,1879.5493,1886.8654,3100599.0,951674783.0,600519.SH,3364.4851,-0.0051334452703954,-0.002538505534283,-0.0025949397361124,0.20113413772661082,mid,-0.0005199592699728
2016-08-19,1883.3199,1892.6057,1877.6922,1887.1468,1914091.0,585467699.0,600519.SH,3365.0197,0.0001491362340948,0.0001588950416215,-9.758807526738522e-06,0.18991862903486134,low,-0.0041320729771475
2016-08-22,1885.1771,1904.5929,1884.4455,1891.8741,2081270.0,640455200.0,600519.SH,3336.7949,0.0025049985512521,-0.0083877072101539,0.0108927057614061,0.18650074283935264,low,0.0181986719571585
2016-08-23,1891.9304,1901.5539,1883.3199,1889.3979,1991426.0,612752800.0,600519.SH,3341.8298,-0.0013088608803303,0.0015089030494501,-0.0028177639297805,0.16475920850001932,low,-0.006236218104625
2016-08-24,1890.1858,1892.8309,1872.2332,1880.3935,2277942.0,695005299.0,600519.SH,3329.8631,-0.0047657510363486,-0.0035808825452451,-0.0011848684911035,0.1582896307605088,low,0.0081640972657111
2016-08-25,1879.9433,1880.9563,1851.0728,1867.6185,2536258.0,766099099.0,600519.SH,3308.9721,-0.0067937907677302,-0.0062738314977573,-0.0005199592699728,0.15706969603152332,low,0.0035129251363245
2016-08-26,1868.3501,1876.2852,1852.93,1858.8392,2143645.0,648346749.0,600519.SH,3307.0902,-0.004700799440571,-0.0005687264634234,-0.0041320729771475,0.15556964126865153,low,-0.0124773926029587
2016-08-29,1895.701,1900.2032,1879.9433,1893.056,3805557.0,1169052449.0,600519.SH,3307.7812,0.0184076169686975,0.000208945011539,0.0181986719571585,0.158451695920716,low,0.0064489059923475
2016-08-30,1890.0733,1898.5149,1876.9606,1883.6576,2117052.0,649198656.0,600519.SH,3311.9872,-0.0049646708813685,0.0012715472232565,-0.006236218104625,0.15928690937328738,low,-0.0026433912624532
2016-08-31,1888.3849,1911.2337,1881.8567,1908.0258,4040144.0,1250762220.0,600519.SH,3327.7938,0.0129366398649095,0.0047725425991984,0.0081640972657111,0.16573288699023106,low,-0.0093176069898613
2016-09-01,1905.2682,1918.2121,1897.108,1899.6967,1718597.0,532785268.0,600519.SH,3301.5767,-0.004365297366524,-0.0078782225028485,0.0035129251363245,0.16650594517139614,low,-0.0019501012971916
2016-09-02,1895.701,1903.8613,1878.1424,1883.2074,1857224.0,570909575.0,600519.SH,3314.1142,-0.0086799645438137,0.003797428059145,-0.0124773926029587,0.1695635143266217,low,0.0028881598884223
2016-09-05,1885.571,1901.3288,1883.3762,1898.5149,1913870.0,589626257.0,600519.SH,3319.6803,0.0081284196313162,0.0016795136389686,0.0064489059923475,0.1704923866599742,low,-0.002992896621383
2016-09-06,1898.5149,1908.9825,1897.6707,1906.6189,2062583.0,638681582.0,600519.SH,3342.6259,0.0042685996301636,0.0069119908926169,-0.0026433912624532,0.14934217295267208,low,0.007945907679005
2016-09-07,1905.1557,1905.1557,1881.6316,1887.8221,2964515.0,908976239.0,600519.SH,3340.8172,-0.0098587085232396,-0.0005411015333782,-0.0093176069898613,0.15188600837169425,low,0.0040143075755174
2016-09-08,1879.9996,1887.2594,1875.4973,1883.4325,1670578.0,509979664.0,600519.SH,3339.564,-0.0023252190977106,-0.000375117800519,-0.0019501012971916,0.14756445343289712,low,-0.0058269393833636
2016-09-09,1888.1035,1889.2854,1873.19,1876.7354,1622251.0,494663720.0,600519.SH,3318.044,-0.0035557950709674,-0.0064439549593898,0.0028881598884223,0.14749677388146448,low,-0.013962148941172
2016-09-12,1861.9344,1873.19,1838.129,1839.761,3823881.0,1148690134.0,600519.SH,3262.6043,-0.019701445392888,-0.016708548771505,-0.002992896621383,0.15796926364461963,low,-0.0056447619761743
2016-09-13,1850.3975,1856.1378,1846.7395,1853.0988,1625588.0,488095080.0,600519.SH,3260.333,0.0072497460267937,-0.0006961616522113,0.007945907679005,0.1348856943613572,low,0.0015786298110849
2016-09-14,1851.2417,1863.06,1839.4796,1848.259,1852765.0,556106069.0,600519.SH,3238.7299,-0.0026117333841023,-0.0066260409596198,0.0040143075755174,0.13460523928023016,low,0.0068442550741154
2016-09-19,1850.9603,1859.5145,1850.0036,1851.4105,1285210.0,385804380.0,600519.SH,3263.1242,0.0017051181679623,0.007532057551326,-0.0058269393833636,0.13418065599284926,low,-0.0105022940036973
2016-09-20,1855.0685,1855.1811,1816.9123,1822.315,3489260.0,1031649944.0,600519.SH,3257.4034,-0.0157153154311266,-0.0017531664899546,-0.013962148941172,0.1439728967860965,low,0.0013262962657352
2016-09-21,1822.8777,1824.7349,1789.3925,1817.1937,3903723.0,1139374180.0,600519.SH,3266.6363,-0.0028103264254533,0.002834435550721,-0.0056447619761743,0.14314419328430933,low,-0.0055807020818522
2016-09-22,1818.6006,1850.5663,1816.9686,1833.683,2960617.0,879666027.0,600519.SH,3291.1211,0.0090740464266412,0.0074954166155563,0.0015786298110849,0.14843024846507108,low,0.0039231466494422
2016-09-23,1833.9081,1844.7697,1824.7912,1837.6225,1267190.0,376554085.0,600519.SH,3275.6665,0.0021484084217391,-0.0046958466523763,0.0068442550741154,0.14841319943151823,low,0.0189255532679537
2016-09-26,1833.7956,1833.8519,1786.241,1787.254,3717608.0,1080278313.0,600519.SH,3220.2838,-0.0274096012646776,-0.0169073072609802,-0.0105022940036973,0.17461627149089987,low,0.0029800512362574
2016-09-27,1788.0981,1805.5442,1787.4228,1800.9857,1791582.0,520513707.0,600519.SH,3240.7546,0.0076831273003166,0.0063568310345814,0.0013262962657352,0.1777122747235304,low,0.014110082796334
2016-09-28,1804.4749,1804.4749,1780.6695,1785.4531,2236001.0,648736325.0,600519.SH,3230.8904,-0.00862449935055,-0.0030437972686978,-0.0055807020818522,0.16278729154718583,low,-0.0071977878584216
2016-09-29,1782.3015,1811.2845,1782.3015,1799.9164,2370569.0,688873467.0,600519.SH,3244.3874,0.0081006328309605,0.0041774861815182,0.0039231466494422,0.16710799994009534,low,-0.0065655818533321
2016-09-30,1794.4012,1848.5966,1794.4012,1838.9169,2960350.0,880477802.0,600519.SH,3253.2848,0.0216679508003816,0.0027423975324278,0.0189255532679537,0.17998791631217986,low,0.0041694837920598
2016-10-10,1842.2935,1872.4021,1842.2935,1867.3371,2110362.0,637178860.0,600519.SH,3293.8689,0.0154548582374767,0.0124748070012192,0.0029800512362574,0.18970244746333242,low,-0.0009579453266999
2016-10-11,1873.19,1901.3288,1867.5622,1900.8786,4173675.0,1279755341.0,600519.SH,3306.5573,0.0179622093943294,0.0038521265979953,0.014110082796334,0.19838093368036125,mid,0.0009601723485939
2016-10-12,1898.5149,1898.5149,1878.2549,1883.4325,1928602.0,590793820.0,600519.SH,3300.0099,-0.0091779138341607,-0.0019801259757391,-0.0071977878584216,0.1991127051879877,mid,-0.0005800090432052
2016-10-13,1888.9477,1889.7356,1870.4324,1872.5709,1614398.0,491591611.0,600519.SH,3302.6455,-0.0057669175826582,0.0007986642706738,-0.0065655818533321,0.19922930592773813,mid,-0.0036056974177888
2016-10-14,1870.2072,1884.4455,1868.6877,1882.1944,1269092.0,386317907.0,600519.SH,3305.8481,0.0051391912583924,0.0009697074663326,0.0041694837920598,0.1973139301747996,mid,-0.0066113750563258
2016-10-17,1881.3502,1881.6316,1859.1205,1864.4669,1895703.0,574503340.0,600519.SH,3277.8787,-0.0094185276504914,-0.0084605823237915,-0.0009579453266999,0.1999750717400581,mid,-0.0037441241700284
2016-10-18,1864.7483,1898.5149,1861.9344,1890.9737,3038931.0,932443506.0,600519.SH,3321.3324,0.0142168251954486,0.0132566528468547,0.0009601723485939,0.2061467190435511,mid,0.0179353058548746
2016-10-19,1898.5149,1899.9218,1879.3805,1886.978,1412328.0,433658685.0,600519.SH,3316.2407,-0.0021130383780588,-0.0015330293348536,-0.0005800090432052,0.19232437894200266,low,0.0059229142849064
2016-10-20,1892.2681,1892.2681,1877.6922,1881.5191,1407992.0,429896204.0,600519.SH,3318.6044,-0.0028929325090171,0.0007127649087717,-0.0036056974177888,0.19155745335016844,low,0.0120272353963827
2016-10-21,1879.2679,1881.5191,1865.2548,1874.2592,1148332.0,349209701.0,600519.SH,3327.74,-0.0038585311198807,0.002752843936445,-0.0066113750563258,0.19190542485675932,low,0.0021851241646901
2016-10-24,1865.3111,1890.0733,1865.3111,1889.6793,2624652.0,802002340.0,600519.SH,3367.5778,0.0082273038862501,0.0119714280562785,-0.0037441241700284,0.1937156976004912,low,0.0037541015310897
2016-10-25,1892.2681,1923.8399,1892.2681,1923.5022,4376239.0,1363211035.0,600519.SH,3367.4547,0.0178987513913073,-3.655446356731762e-05,0.0179353058548746,0.19176579755526663,low,-0.0104881747769178
2016-10-26,1923.8399,1953.7233,1916.2424,1927.6667,4681307.0,1475976854.0,600519.SH,3354.8003,0.0021650612097039,-0.0037578530752024,0.0059229142849064,0.19065381384773045,low,0.0033095427730972
2016-10-27,1923.7836,1953.2168,1912.6406,1945.6193,3295162.0,1039017332.0,600519.SH,3345.695,0.0093131245147306,-0.002714110881652,0.0120272353963827,0.19075630165837115,low,-0.0075431316746366
2016-10-28,1949.1648,1954.3986,1929.4676,1946.6323,2013733.0,637478016.0,600519.SH,3340.1262,0.0005206568417572,-0.0016644673229329,0.0021851241646901,0.19094414411251145,low,0.0002250875460515
2016-10-31,1957.6064,1978.992,1945.2254,1951.6973,4359610.0,1394967912.0,600519.SH,3336.2778,0.0026019294963923,-0.0011521720346974,0.0037541015310897,0.1537392461993689,low,0.0007634544614947
2016-11-01,1951.6973,1957.6064,1938.1907,1944.55,1951239.0,617880127.0,600519.SH,3359.0515,-0.0036620945266461,0.0068260802502717,-0.0104881747769178,0.1558398114337649,low,0.0092409485857467
2016-11-02,1941.2296,1947.2514,1927.6667,1936.1084,2063642.0,650629063.0,600519.SH,3333.3524,-0.0043411586228175,-0.0076507013959148,0.0033095427730972,0.15197225793826694,low,-0.0037862370467508
2016-11-03,1935.0954,1943.3119,1930.3118,1939.9353,1869081.0,589861356.0,600519.SH,3365.085,0.0019765938725331,0.0095197255471697,-0.0075431316746366,0.1513886514493292,low,-0.0044890092226572
2016-11-04,1940.6669,1953.3856,1929.3551,1934.0824,2061927.0,650489997.0,600519.SH,3354.1749,-0.0030170593833722,-0.0032421469294238,0.0002250875460515,0.13745368868326835,low,-0.0194866000506764
2016-11-07,1935.0954,1946.3509,1924.9654,1936.9525,1604780.0,505304908.0,600519.SH,3356.5916,0.0014839595251991,0.0007205050637044,0.0007634544614947,0.12874236401478237,low,-0.0157042385293889
2016-11-08,1943.537,1975.5027,1938.9223,1963.2342,3419383.0,1093003608.0,600519.SH,3371.1177,0.0135685826059235,0.0043276340201767,0.0092409485857467,0.12223543244999963,low,0.0089969568630714
2016-11-09,1963.2342,1974.3209,1928.3421,1945.2816,3000449.0,951077199.0,600519.SH,3353.0547,-0.0091444006018233,-0.0053581635550724,-0.0037862370467508,0.12219613465505695,low,-0.002427402954958
2016-11-10,1958.1692,1968.862,1950.4592,1958.3381,1780496.0,568571581.0,600519.SH,3390.6119,0.0067118817141949,0.0112008909368521,-0.0044890092226572,0.12016883785246651,low,-0.0081940460000801
2016-11-11,1951.9224,1953.667,1933.9698,1935.5456,3590265.0,1133744319.0,600519.SH,3417.2211,-0.0116386950751762,0.0078479049755002,-0.0194866000506764,0.1292669211502694,low,0.002492195110014
2016-11-14,1938.1907,1939.9915,1906.9003,1912.528,3992049.0,1246340872.0,600519.SH,3430.2482,-0.0118920473896352,0.0038121911397537,-0.0157042385293889,0.13228314365641292,low,-0.0083974725589314
2016-11-15,1907.1254,1938.7534,1907.1254,1929.5239,2447055.0,766112493.0,600519.SH,3429.8697,0.008886614993349,-0.0001103418697223,0.0089969568630714,0.12661505194403586,low,-0.0097818486757126
2016-11-16,1928.3983,1937.3465,1918.2121,1924.684,1339981.0,419672477.0,600519.SH,3429.5921,-0.0025083389741894,-8.093601923142568e-05,-0.002427402954958,0.12675330271975097,low,0.0102458804641987
2016-11-17,1918.6623,1923.8399,1909.9393,1912.8094,1833776.0,570642087.0,600519.SH,3436.535,-0.006169636158455,0.0020244098416251,-0.0081940460000801,0.12861488051538303,low,0.0076119606756044
2016-11-18,1913.4848,1917.0865,1906.2812,1906.9566,1937769.0,601883505.0,600519.SH,3417.4554,-0.0030597925752561,-0.0055519876852702,0.002492195110014,0.12825729560556162,low,-0.0094480416098762
2016-11-21,1912.6969,1916.2986,1897.7833,1904.1427,2608384.0,807014528.0,600519.SH,3441.1106,-0.001475597294663,0.0069218752642683,-0.0083974725589314,0.12549599908749096,low,0.0036350535074731
2016-11-22,1908.6449,1909.489,1897.7833,1900.5972,2642427.0,816561740.0,600519.SH,3468.3637,-0.0018619928012748,0.0079198558744377,-0.0097818486757126,0.1072502378245483,low,0.0046112356873544
2016-11-23,1912.5843,1923.8399,1901.9478,1923.5585,3401504.0,1058266299.0,600519.SH,3474.7289,0.0120810974571572,0.0018352169929585,0.0102458804641987,0.11602946055622991,low,-0.0065257453745135
2016-11-24,1924.9654,1946.3509,1914.948,1945.957,3907870.0,1227937711.0,600519.SH,3488.7402,0.011644304033384,0.0040323433577795,0.0076119606756044,0.11879494512023787,low,-0.0020654861729347
2016-11-25,1946.576,1951.9787,1926.2035,1945.7319,2236967.0,706042467.0,600519.SH,3521.2984,-0.0001156757317865,0.0093323658780897,-0.0094480416098762,0.118781931922495,low,0.0122645843207035
2016-11-28,1949.4462,1964.2472,1944.0998,1960.4203,4925301.0,1568882892.0,600519.SH,3535.0807,0.0075490359180521,0.0039139824105789,0.0036350535074731,0.12148463295682017,low,0.0002176153636929
2016-11-29,1967.1737,2022.0444,1959.9138,1985.5202,5883062.0,1911874428.0,600519.SH,3564.0404,0.0128033258990432,0.0081920902116887,0.0046112356873544,0.12831792196964348,low,0.0333809521572462
2016-11-30,1970.1001,1981.8058,1954.5112,1958.0567,2675237.0,855564591.0,600519.SH,3538.001,-0.013831891511353,-0.0073061461368394,-0.0065257453745135,0.13770883430532488,low,-0.0018979064395057
2016-12-01,1963.2342,1989.0657,1955.8056,1968.9745,2794182.0,896065026.0,600519.SH,3565.036,0.0055758344485121,0.0076413206214469,-0.0020654861729347,0.13877473239748034,low,0.0304086566577029
2016-12-02,1968.862,1981.2431,1957.6064,1973.1954,3062833.0,984836869.0,600519.SH,3528.9547,0.0021437047559529,-0.0101208795647506,0.0122645843207035,0.1381096579666199,low,-0.0066523510709164
2016-12-05,1958.732,1988.7843,1939.7102,1940.3292,4206081.0,1342647367.0,600519.SH,3469.4073,-0.0166563331740993,-0.0168739485377922,0.0002176153636929,0.15167641480911676,low,-0.005539615840414
2016-12-06,1942.0175,2000.2649,1942.0175,1999.3645,3892309.0,1251764484.0,600519.SH,3459.1533,0.0304254041015308,-0.0029555480557154,0.0333809521572462,0.18054053851745877,low,0.0185050000686071
2016-12-07,2003.3039,2011.0702,1985.5764,2005.1611,2527174.0,825849253.0,600519.SH,3475.7473,0.0028992212275451,0.0047971276670508,-0.0018979064395057,0.17660735301976413,low,0.0056172123981951
2016-12-08,2008.3126,2075.7895,2002.6286,2062.902,5447578.0,1825332444.0,600519.SH,3470.1426,0.0287961401206118,-0.0016125165370911,0.0304086566577029,0.20085893413265432,mid,-0.0002884570744446
2016-12-09,2060.0318,2072.5254,2042.1355,2063.1833,3449559.0,1162079790.0,600519.SH,3493.7004,0.0001363613007308,0.0067887123716472,-0.0066523510709164,0.19395613147036492,low,-0.0029923195194031
2016-12-12,2062.8457,2075.7895,1995.3125,2001.8407,5033244.0,1667557014.0,600519.SH,3409.1794,-0.0297320165396841,-0.02419240069927,-0.005539615840414,0.22091517127016738,mid,0.0005498241178307
2016-12-13,2001.7281,2047.6507,1994.1869,2036.4515,4178000.0,1384533791.0,600519.SH,3405.0355,0.0172894876200688,-0.0012155124485382,0.0185050000686071,0.22615098141624287,mid,0.0074489521670073
2016-12-14,2036.3952,2042.4169,2011.0702,2032.2869,3202902.0,1062697134.0,600519.SH,3378.9453,-0.0020450278339552,-0.0076622402321503,0.0056172123981951,0.22601277245497728,mid,-0.0027712017231387
2016-12-15,2033.3562,2036.3389,1994.6371,2008.5377,3920275.0,1285279911.0,600519.SH,3340.4338,-0.0116859484750897,-0.011397491400645,-0.0002884570744446,0.229740262934683,mid,-0.0088202619957529
2016-12-16,2002.6286,2018.8365,1983.3816,2005.8927,2505126.0,818412412.0,600519.SH,3346.0305,-0.0013168784434566,0.0016754410759465,-0.0029923195194031,0.22925920753379025,mid,-0.0061866045000648
2016-12-19,1997.0008,2044.1052,1994.806,1996.7757,3047187.0,1002365465.0,600519.SH,3328.9827,-0.0045451085195136,-0.0050949326373443,0.0005498241178307,0.23024526340309315,mid,0.008280202852037
2016-12-20,1997.2259,2002.6286,1973.4205,1999.7021,3083159.0,1001345157.0,600519.SH,3309.0641,0.001465562706918,-0.0059833894600893,0.0074489521670073,0.22971579296517178,mid,0.0065653754575842
2016-12-21,2002.0658,2015.5162,1983.2691,2011.9707,2471124.0,807548103.0,600519.SH,3338.536,0.0061352138401016,0.0089064155632403,-0.0027712017231387,0.2274343053168638,mid,-0.0025019373234927
2016-12-22,2008.2563,2010.8451,1990.6977,1992.4986,1467813.0,478750707.0,600519.SH,3335.672,-0.0096781230462253,-0.0008578610504724,-0.0088202619957529,0.228464759662418,mid,0.0114313984604252
2016-12-23,1983.2128,1988.5592,1958.3381,1963.403,3109555.0,1001068078.0,600519.SH,3307.5991,-0.0146025698587691,-0.0084159653587043,-0.0061866045000648,0.23532335531273957,mid,0.0154703056266363
2016-12-26,1957.7753,1991.3168,1941.8487,1988.4466,2600143.0,835811094.0,600519.SH,3322.4006,0.0127552010463465,0.0044749981943095,0.008280202852037,0.23808464373608906,mid,-0.0085821752547654
2016-12-27,1988.6154,2012.7586,1982.9314,1997.9013,2006229.0,655887935.0,600519.SH,3316.3852,0.0047548171522433,-0.0018105583053409,0.0065653754575842,0.23439575180346078,mid,0.0399379524228542
2016-12-28,2002.5723,2008.2563,1981.9747,1984.1695,1787811.0,581648979.0,600519.SH,3301.8887,-0.0068731123003924,-0.0043711749768996,-0.0025019373234927,0.2300474520929248,mid,-0.0134230372099688
2016-12-29,1985.7453,2007.5247,1980.1175,2004.3732,2122512.0,690986078.0,600519.SH,3297.7648,0.010182446610534,-0.0012489518498912,0.0114313984604252,0.23189962384774476,mid,0.0166782590093788
2016-12-30,2000.4337,2049.2828,2000.4337,2042.8671,3468767.0,1152982239.0,600519.SH,3310.0808,0.0192049564422434,0.003734650815607,0.0154703056266363,0.24076162795529613,mid,-0.0107767981967256
2017-01-03,2043.5987,2058.9062,2035.3259,2045.1745,2076389.0,695005298.0,600519.SH,3342.2272,0.0011294909982153,0.0097116662529808,-0.0085821752547654,0.2307010456656865,mid,0.0029720920694351
2017-01-04,2045.5122,2144.2795,2045.3996,2142.8162,6525738.0,2245051865.0,600519.SH,3368.3117,0.047742478698028,0.0078045262751738,0.0399379524228542,0.2640480842828659,mid,-0.0023153910955775
2017-01-05,2132.0672,2140.2275,2106.4046,2113.7207,4170448.0,1449077676.0,600519.SH,3367.7892,-0.0135781594333663,-0.0001551222233975,-0.0134230372099688,0.2710146060168626,mid,0.0093342841426382
2017-01-06,2113.1579,2187.1068,2110.1189,2136.3443,6809562.0,2402546296.0,600519.SH,3347.6665,0.0107032116400243,-0.0059750473693545,0.0166782590093788,0.2551193245666345,mid,-0.0064891136491715
2017-01-09,2119.6861,2148.2752,2112.5951,2123.6818,3540500.0,1233977973.0,600519.SH,3363.9014,-0.0059271813068709,0.0048496168898546,-0.0107767981967256,0.25657028814483984,mid,-0.0089571936360607
2017-01-10,2123.3442,2143.3227,2112.9328,2126.4394,3172764.0,1108100804.0,600519.SH,3358.2716,0.0012984996151497,-0.0016735924542854,0.0029720920694351,0.22846478463422829,mid,0.0186029752993057
2017-01-11,2120.8117,2120.8117,2095.4867,2106.4609,2359851.0,814074636.0,600519.SH,3334.4954,-0.0093952830257002,-0.0070798919301227,-0.0023153910955775,0.22613890140870518,mid,0.0118308198534793
2017-01-12,2112.6514,2117.435,2101.1708,2115.4653,1777940.0,614822051.0,600519.SH,3317.6241,0.0042746580294938,-0.0050596261131443,0.0093342841426382,0.2258312723184221,mid,0.0020797216871665
2017-01-13,2115.0713,2117.3787,2097.6253,2103.1968,1828248.0,631734939.0,600519.SH,3319.9122,-0.0057994333445221,0.0006896803046494,-0.0064891136491715,0.22199860324113743,mid,-0.0069854106411375
2017-01-16,2099.0322,2102.8028,2069.0362,2084.0624,3685545.0,1259384863.0,600519.SH,3319.4455,-0.00909776964286,-0.0001405760067992,-0.0089571936360607,0.2254166249307535,mid,-0.0125616576333966
2017-01-17,2090.4217,2140.5088,2087.0451,2127.171,3518838.0,1223967880.0,600519.SH,3326.3563,0.020684889281626,0.0020819139823202,0.0186029752993057,0.23334059924372885,mid,-0.0025043397284268
2017-01-18,2125.7641,2170.1672,2116.3657,2160.6563,4600570.0,1622110970.0,600519.SH,3339.3653,0.0157417057678956,0.0039108859144163,0.0118308198534793,0.23734547245729862,mid,-0.0104725004884415
2017-01-19,2160.206,2179.7907,2141.6344,2158.6303,2852392.0,1011320058.0,600519.SH,3329.2891,-0.0009376780564314,-0.0030173997435979,0.0020797216871665,0.2378221325105718,mid,-0.0120976936576162
2017-01-20,2159.6433,2173.7127,2149.1193,2160.1498,2134417.0,758415995.0,600519.SH,3354.8891,0.0007039185913402,0.0076893292324777,-0.0069854106411375,0.23292207357254224,mid,0.0134370054724782
2017-01-23,2170.7862,2187.2193,2129.0282,2138.9331,3258118.0,1151869289.0,600519.SH,3364.0808,-0.0098218651317607,0.0027397925016359,-0.0125616576333966,0.22839174899631123,mid,-0.0025896329143033
2017-01-24,2139.2145,2147.8249,2113.777,2133.8118,2691458.0,939129474.0,600519.SH,3364.4509,-0.002394324534975,0.0001100151934518,-0.0025043397284268,0.22735842910702686,mid,-0.0064744117377849
2017-01-25,2131.9546,2131.9546,2110.6817,2118.7294,2299036.0,799259963.0,600519.SH,3375.9042,-0.0070682897151471,0.0034042107732943,-0.0104725004884415,0.2304350873121127,mid,-0.0035385030615395
2017-01-26,2121.5996,2125.3139,2083.1056,2100.6643,3782617.0,1303262151.0,600519.SH,3387.9606,-0.0085263837845457,0.0035713098730705,-0.0120976936576162,0.23145075460970943,mid,0.005270089530484
2017-02-03,2109.5561,2127.4524,2103.9284,2114.3397,2093643.0,727140789.0,600519.SH,3364.4923,0.00651003589674,-0.0069269695757382,0.0134370054724782,0.2302941908260473,mid,-0.0117832140887149
2017-02-06,2123.5693,2125.8204,2103.7033,2114.3397,1568079.0,543401899.0,600519.SH,3373.2051,0.0,0.0025896329143033,-0.0025896329143033,0.22206151280252592,mid,0.0058131246511143
2017-02-07,2114.2835,2117.435,2093.4607,2095.9369,2051983.0,707114116.0,600519.SH,3365.6849,-0.0087038047859574,-0.0022293930481724,-0.0064744117377849,0.2251837370717849,mid,0.0013519842952433
2017-02-08,2096.9499,2106.7423,2090.8157,2099.4824,1908854.0,656786314.0,600519.SH,3383.2878,0.0016916062692535,0.0052301093307931,-0.0035385030615395,0.14394804772650655,low,-0.0003307666176241
2017-02-09,2103.9284,2125.2576,2101.7335,2118.6168,2332438.0,808958183.0,600519.SH,3396.2924,0.0091138653984428,0.0038437758679588,0.005270089530484,0.14009676372288035,low,-0.0067830014842399
2017-02-10,2124.3009,2131.0542,2103.9284,2104.3786,2405659.0,835679322.0,600519.SH,3413.4868,-0.0067205168957406,0.0050626971929743,-0.0117832140887149,0.1362934125724331,low,0.0122172751760049
2017-02-13,2098.3006,2142.76,2086.5948,2130.6603,5358790.0,1869148354.0,600519.SH,3436.275,0.0124890549637788,0.0066759303126644,0.0058131246511143,0.14249507185729512,low,0.0136816311275307
2017-02-14,2129.4784,2146.6994,2127.0022,2133.249,2655868.0,931733735.0,600519.SH,3435.8042,0.0012149754702801,-0.0001370088249631,0.0013519842952433,0.14248685670316646,low,-0.0098288911827698
2017-02-15,2140.5088,2145.7989,2116.3095,2123.7944,2625696.0,917475854.0,600519.SH,3421.7131,-0.004432018953249,-0.0041012523356249,-0.0003307666176241,0.13910382057503548,low,0.0061363326983245
2017-02-16,2123.6255,2124.3009,2106.7985,2121.3182,1764230.0,612607282.0,600519.SH,3440.9331,-0.0011659320695073,0.0056170694147326,-0.0067830014842399,0.13845686954535605,low,0.0042227277749249
2017-02-17,2125.8767,2157.0545,2117.9978,2135.2187,2910234.0,1022647971.0,600519.SH,3421.4419,0.0065527651627179,-0.0056645100132869,0.0122172751760049,0.13833110295871287,low,0.0022036001328602
2017-02-20,2134.3746,2201.4013,2132.1235,2195.6047,6185340.0,2215563601.0,600519.SH,3471.3926,0.0282809437740498,0.0145993126465191,0.0136816311275307,0.16411642046166935,low,-0.0058919380944675
2017-02-21,2198.9251,2202.0203,2172.4746,2181.2539,2770577.0,994112865.0,600519.SH,3482.823,-0.0065361492439871,0.0032927419387827,-0.0098288911827698,0.15249844477361915,low,-0.0084909961423718
2017-02-22,2191.7778,2225.0379,2188.3449,2198.9813,3713031.0,1347469102.0,600519.SH,3489.7567,0.0081271602540171,0.0019908275556925,0.0061363326983245,0.14515246571855356,low,0.0034548471879276
2017-02-23,2193.8038,2219.185,2186.9942,2197.9121,2332806.0,844123194.0,600519.SH,3473.3236,-0.0004862251443429,-0.0047089529192678,0.0042227277749249,0.14508471131053446,low,0.0072939265784434
2017-02-24,2199.6004,2204.6091,2188.6262,2203.0896,1769278.0,639123205.0,600519.SH,3473.8517,0.0023556447048085,0.0001520445719482,0.0022036001328602,0.14516728942457802,low,0.0013797383559387
2017-02-27,2202.358,2204.384,2170.336,2172.5871,2540046.0,912927183.0,600519.SH,3446.2228,-0.0138453288509008,-0.0079533907564333,-0.0058919380944675,0.14978341294946385,low,0.0008470847425563
2017-02-28,2171.4616,2183.8426,2152.2146,2158.2926,2747351.0,975788668.0,600519.SH,3452.8103,-0.0065794830504148,0.0019115130919569,-0.0084909961423718,0.15170012432100963,low,0.0190794863627967
2017-03-01,2160.7688,2178.2149,2160.206,2169.2667,2194420.0,782349009.0,600519.SH,3458.4376,0.0050846210564776,0.00162977386855,0.0034548471879276,0.1496577364734251,low,0.0017148020407651
2017-03-02,2169.8295,2171.4616,2157.561,2170.4486,2210362.0,785560420.0,600519.SH,3435.0963,0.0005448384931183,-0.006749088085325,0.0072939265784434,0.14521956510627707,low,0.0129315453485283
2017-03-03,2160.206,2178.3274,2160.206,2168.8728,1415355.0,505108556.0,600519.SH,3427.8628,-0.0007260250254256,-0.0021057633813643,0.0013797383559387,0.14429262456159572,low,-0.0004019261340744
2017-03-06,2175.1759,2185.7561,2168.9291,2182.492,2281884.0,818625871.0,600519.SH,3446.484,0.0062793908430223,0.0054323061004659,0.0008470847425563,0.14525317132923501,low,-0.0045480680841898
2017-03-07,2177.2582,2238.3194,2177.2582,2228.8648,4628698.0,1694198549.0,600519.SH,3453.9565,0.0212476380211243,0.0021681516583276,0.0190794863627967,0.15554417253287742,low,-0.004713765505121
2017-03-08,2228.7522,2236.1246,2219.2976,2229.315,1603770.0,588667675.0,600519.SH,3448.7313,0.0002019862308382,-0.0015128158099269,0.0017148020407651,0.15581582007496828,low,0.0109930918801983
2017-03-09,2227.7392,2244.51,2219.6352,2244.0597,2340606.0,860084024.0,600519.SH,3426.9438,0.006614004750338,-0.0063175405981903,0.0129315453485283,0.15477469882492853,low,-0.0049342524314346
2017-03-10,2244.1723,2284.0169,2235.393,2243.7784,4095105.0,1524343094.0,600519.SH,3427.8916,-0.0001253531713081,0.0002765729627662,-0.0004019261340744,0.15104902777450643,low,0.0194464692528584
2017-03-13,2244.9039,2268.9907,2230.7219,2253.3456,2767432.0,1027592800.0,600519.SH,3458.098,0.0042638791780864,0.0088119472622762,-0.0045480680841898,0.14715123363315358,low,0.0183633857768723
2017-03-14,2253.3456,2266.2894,2235.2804,2241.8086,2041649.0,756359624.0,600519.SH,3456.6934,-0.0051199425423247,-0.0004061770372036,-0.004713765505121,0.14977586680967087,low,0.0134508333791385
2017-03-15,2241.8086,2273.6055,2239.051,2270.9605,2515526.0,935994827.0,600519.SH,3463.6436,0.0130037417110453,0.0020106498308469,0.0109930918801983,0.151805053249179,low,0.0058128396298415
2017-03-16,2281.5407,2291.333,2260.3803,2271.467,2502260.0,938231439.0,600519.SH,3481.5066,0.0002230333816901,0.0051572858131248,-0.0049342524314346,0.1513304525321891,low,-0.0145362146429982
2017-03-17,2262.0686,2325.9437,2262.0686,2292.346,3470026.0,1315336843.0,600519.SH,3445.8051,0.0091918570685816,-0.0102546121842768,0.0194464692528584,0.15233058984288783,low,-0.0150729826606036
2017-03-20,2303.7141,2338.6625,2294.5971,2336.9742,3154594.0,1209603913.0,600519.SH,3449.6126,0.01946835250874,0.0011049667318676,0.0183633857768723,0.1356967002102307,low,-0.0159330784621904
2017-03-21,2337.7621,2393.7583,2337.4807,2379.7452,4846096.0,1901883740.0,600519.SH,3466.3468,0.0183018708550568,0.0048510374759183,0.0134508333791385,0.14070845268118537,low,0.0058983408252329
2017-03-22,2360.1606,2383.0656,2329.039,2382.3902,4553271.0,1775217767.0,600519.SH,3450.0502,0.001111463529793,-0.0047013761000485,0.0058128396298415,0.14044804281698922,low,0.009616643838394
2017-03-23,2368.6022,2379.6326,2338.0434,2355.996,3450481.0,1345058757.0,600519.SH,3461.9782,-0.0110788736454673,0.0034573409975309,-0.0145362146429982,0.14971363359327602,low,0.0142423997705602
2017-03-24,2370.2343,2375.2993,2329.039,2339.2815,3328772.0,1292313386.0,600519.SH,3489.5997,-0.0070944517732628,0.0079785308873407,-0.0150729826606036,0.1543745439073063,low,-0.0050819881804911
2017-03-27,2334.8356,2353.0133,2291.8395,2294.2594,5369028.0,2054742982.0,600519.SH,3478.0385,-0.0192461232220235,-0.003313044759833,-0.0159330784621904,0.16315412219373096,low,-0.0058968242229515
2017-03-28,2300.6188,2307.3721,2282.1034,2302.3634,4118717.0,1558258565.0,600519.SH,3469.8093,0.0035322945609377,-0.0023660462642952,0.0058983408252329,0.15936613790553383,low,0.0024784203897667
2017-03-29,2306.5842,2333.5412,2300.3374,2321.4415,3729967.0,1429610961.0,600519.SH,3465.1933,0.0082863113616207,-0.0013303324767732,0.009616643838394,0.1602487407661082,low,0.0013093329447548
2017-03-30,2317.7835,2339.6755,2315.5324,2335.4547,3161299.0,1216016529.0,600519.SH,3436.758,0.0060364217663895,-0.0082059780041707,0.0142423997705602,0.16011657910838822,low,-0.0051987819624232
2017-03-31,2335.7923,2345.9223,2324.4242,2336.6928,2447422.0,945503282.0,600519.SH,3456.0455,0.000530132312136,0.0056121204926271,-0.0050819881804911,0.15971568913433037,low,-0.0128303764276542
2017-04-05,2332.7533,2385.2604,2329.039,2355.2644,4078998.0,1594997313.0,600519.SH,3503.8932,0.007947814107186,0.0138446383301376,-0.0058968242229515,0.16017093952579173,low,0.0141713479338766
2017-04-06,2351.6064,2374.0611,2338.2123,2367.9269,2885720.0,1125204238.0,600519.SH,3514.0469,0.0053762541479418,0.002897833758175,0.0024784203897667,0.14666405252411605,low,0.0180102741716461
2017-04-07,2374.0049,2379.6889,2354.9267,2373.3295,2409723.0,945589197.0,600519.SH,3517.4634,0.0022815738104076,0.0009722408656527,0.0013093329447548,0.14630979716155254,low,0.0011030003149274
2017-04-10,2379.6889,2379.6889,2345.9223,2352.6756,2886948.0,1126296265.0,600519.SH,3505.1392,-0.0087025000110603,-0.003503718048637,-0.0051987819624232,0.15154309468666974,low,0.0026836506461278
2017-04-11,2346.2037,2361.1173,2304.2768,2330.6711,4353072.0,1679537545.0,600519.SH,3517.328,-0.0093529681695172,0.003477408258137,-0.0128303764276542,0.15703065209743508,low,0.0258071007268038
2017-04-12,2330.6711,2362.8056,2327.9135,2358.4722,2700291.0,1049245582.0,600519.SH,3509.4387,0.0119283668982723,-0.0022429810356042,0.0141713479338766,0.1608404370428541,low,0.0073853805047237
2017-04-13,2361.5675,2405.5204,2360.048,2404.3948,4564835.0,1805008871.0,600519.SH,3514.5662,0.0194713340271723,0.0014610598555262,0.0180102741716461,0.1692002823697229,low,0.0174728090150182
2017-04-14,2410.2477,2412.7802,2385.3167,2387.8492,2364656.0,938378987.0,600519.SH,3486.5045,-0.00688139901151,-0.0079843993264375,0.0011030003149274,0.1692041720021679,low,-0.0347897746202324
2017-04-17,2362.8056,2403.7757,2349.0176,2389.7626,2879371.0,1136763705.0,600519.SH,3479.9417,0.0008013068831984,-0.0018823437629293,0.0026836506461278,0.16911036974197596,low,0.0056367171011124
2017-04-18,2383.0656,2450.3174,2383.0656,2439.6246,4958100.0,1987661267.0,600519.SH,3462.7429,0.0208648340215886,-0.0049422667052151,0.0258071007268038,0.17988243620075733,low,0.0447588358204427
2017-04-19,2430.3388,2464.6682,2429.5509,2445.7589,3755011.0,1521983651.0,600519.SH,3445.8761,0.0025144442304769,-0.0048709362742467,0.0073853805047237,0.16927401649902155,low,-0.0033002702910198
2017-04-20,2447.7286,2528.4308,2447.7286,2499.6166,5045768.0,2091241453.0,600519.SH,3461.5481,0.0220208541406106,0.0045480451255923,0.0174728090150182,0.17436588657465485,low,0.0073424420737004
2017-04-21,2497.872,2501.2487,2413.4555,2416.4382,4933292.0,2015062634.0,600519.SH,3466.7865,-0.0332764632784082,0.0015133113418241,-0.0347897746202324,0.21583736212795623,mid,-0.0156561733112302
2017-04-24,2416.9447,2441.5943,2351.5501,2405.2952,5003797.0,1986424986.0,600519.SH,3431.2587,-0.0046113324975577,-0.0102480495986702,0.0056367171011124,0.21230926423407934,mid,0.0006655398606874
2017-04-25,2440.4688,2526.9675,2440.4688,2519.764,7619271.0,3143136343.0,600519.SH,3440.9743,0.047590333194861,0.0028314973744183,0.0447588358204427,0.2661519923481427,mid,0.0164664890193614
2017-04-26,2519.5389,2574.8598,2486.6727,2514.5302,5662412.0,2384125120.0,600519.SH,3445.1832,-0.0020770992839012,0.0012231710071186,-0.0033002702910198,0.25304115221625106,mid,-0.0010449337787166
2017-04-27,2500.8547,2537.0975,2472.1531,2534.1148,2824071.0,1180494894.0,600519.SH,3446.7202,0.007788572195315,0.0004461301216145,0.0073424420737004,0.2532284810776647,mid,0.006841218892863
2017-04-28,2537.2101,2542.8941,2469.1704,2489.3178,4950587.0,2052093809.0,600519.SH,3439.753,-0.0176775732496412,-0.0020213999384109,-0.0156561733112302,0.26515063830340013,mid,-0.0170476448511073
2017-05-02,2478.7376,2497.872,2465.1184,2481.4389,2329168.0,960137243.0,600519.SH,3426.5766,-0.0031650840242253,-0.0038306238849127,0.0006655398606874,0.2660525871228445,mid,0.0094216068108347
2017-05-03,2475.3609,2512.8419,2475.3609,2512.5605,2026791.0,842560358.0,600519.SH,3413.1282,0.0125417555112881,-0.0039247335080733,0.0164664890193614,0.26788285836340503,mid,0.0074633083841233
2017-05-04,2495.7897,2517.4566,2495.7897,2503.4998,2670915.0,1111200116.0,600519.SH,3404.3864,-0.0036061619212751,-0.0025612281425585,-0.0010449337787166,0.26863089862780104,mid,-0.0009602244636532
2017-05-05,2504.6253,2541.656,2498.4348,2504.569,3743711.0,1566063418.0,600519.SH,3382.5502,0.0004270821191996,-0.0064141367736634,0.006841218892863,0.2686714721345533,mid,-0.0055894942931882
2017-05-08,2504.5128,2509.1275,2440.0186,2444.2957,4072165.0,1671035538.0,600519.SH,3358.8125,-0.0240653381879276,-0.0070176933368203,-0.0170476448511073,0.2852958629965187,mid,0.0096649793261729
2017-05-09,2438.4428,2469.0578,2402.2,2462.7547,5280192.0,2126236509.0,600519.SH,3352.5324,0.0075518686221147,-0.0018697381887199,0.0094216068108347,0.2833180238687322,mid,0.0149074121859316
2017-05-10,2460.7287,2494.7204,2452.9624,2470.2397,2603938.0,1070652714.0,600519.SH,3337.7007,0.0030392795514713,-0.004424028832652,0.0074633083841233,0.27987081432103506,mid,-0.0022201373148433
2017-05-11,2460.7287,2496.1837,2450.0923,2481.8891,3046764.0,1254053012.0,600519.SH,3356.6459,0.0047158986231172,0.0056761230867705,-0.0009602244636532,0.27800400670826286,mid,0.0099311305935512
2017-05-12,2489.9368,2499.5603,2469.7894,2489.2615,2233742.0,921621377.0,600519.SH,3385.3787,0.0029704792208484,0.0085599735140367,-0.0055894942931882,0.2708787275334896,mid,0.0229198375829036
2017-05-15,2487.2918,2527.9805,2487.2918,2523.4783,3344735.0,1398908200.0,600519.SH,3399.1937,0.0137457635527646,0.0040807842265917,0.0096649793261729,0.2719302848360256,mid,-0.0001269101433105
2017-05-16,2523.7597,2589.1544,2516.2185,2582.9638,5016490.0,2145037948.0,600519.SH,3428.6491,0.0235728201031091,0.0086654079171775,0.0149074121859316,0.2814412575951204,mid,0.0225924276560132
2017-05-17,2576.6607,2583.3578,2553.4743,2563.1541,2751521.0,1174696177.0,600519.SH,3409.9656,-0.0076693680337291,-0.0054492307188858,-0.0022201373148433,0.277012145229249,mid,-0.0080244040784067
2017-05-18,2554.431,2586.2279,2554.2059,2579.6997,2430080.0,1040535480.0,600519.SH,3398.1127,0.0064551717744945,-0.0034759588190567,0.0099311305935512,0.2773458602449153,mid,-0.0173736473461538
2017-05-19,2579.8686,2648.6961,2579.8686,2643.1809,3831083.0,1672948423.0,600519.SH,3403.8492,0.0246079805335479,0.0016881429506443,0.0229198375829036,0.279862819219662,mid,0.0042517457878819
2017-05-22,2633.1635,2672.389,2617.1806,2648.5836,3532149.0,1560087945.0,600519.SH,3411.2387,0.0020440144675681,0.0021709246108787,-0.0001269101433105,0.24516810983004222,mid,-0.0222555779612695
2017-05-23,2651.2286,2719.9999,2651.2286,2718.4804,4845439.0,2178738025.0,600519.SH,3424.194,0.0263902562864166,0.0037978286304034,0.0225924276560132,0.2540721008837298,mid,0.0120486323752777
2017-05-24,2711.1643,2731.3117,2672.3327,2696.6447,4022618.0,1812513084.0,600519.SH,3424.1669,-0.0080323183496191,-7.914271212383639e-06,-0.0080244040784067,0.20628297421424216,mid,-0.0009093620655178
2017-05-25,2687.584,2711.502,2680.7744,2698.2205,2889842.0,1299628591.0,600519.SH,3485.6581,0.0005843558107598,0.0179580031569137,-0.0173736473461538,0.20554741646145727,mid,-0.0009983216933835
2017-05-26,2699.4586,2726.3593,2683.5883,2705.6491,2738664.0,1237323135.0,600519.SH,3480.4345,0.0027531478617111,-0.0014985979261707,0.0042517457878819,0.20496636915334474,mid,0.0023626142732144
2017-05-31,2694.8438,2697.6577,2639.1852,2655.1118,4431225.0,1968887174.0,600519.SH,3492.8845,-0.0186784383828634,0.0035771395784061,-0.0222555779612695,0.20635490106592902,mid,0.0103511482404976
2017-06-01,2652.6356,2694.5624,2644.2502,2690.7918,4060478.0,1808305713.0,600519.SH,3497.7382,0.0134382288534893,0.0013895964782115,0.0120486323752777,0.20785661121983884,mid,0.002447842943817
2017-06-02,2694.8438,2700.1902,2670.0816,2679.7051,2178526.0,974893318.0,600519.SH,3486.5074,-0.0041202370246556,-0.0032108749591378,-0.0009093620655178,0.20733714217688254,mid,-0.001366444685884
2017-06-05,2683.8134,2689.216,2651.7914,2663.3846,1924120.0,854876925.0,600519.SH,3468.7538,-0.0060904089782118,-0.0050920872848283,-0.0009983216933835,0.20861918201181082,mid,0.0149342344619408
2017-06-06,2666.5361,2689.216,2662.2028,2688.203,2040244.0,912438705.0,600519.SH,3492.8816,0.0093183688153788,0.0069557545421643,0.0023626142732144,0.20944760004538432,mid,-0.0018851299101212
2017-06-07,2689.8914,2751.1215,2689.8914,2747.576,3883430.0,1774212484.0,600519.SH,3533.8718,0.022086501651847,0.0117353534113493,0.0103511482404976,0.19184550751829632,low,0.0158012939137084
2017-06-08,2758.5501,2775.8836,2742.6798,2775.3771,2895111.0,1338443407.0,600519.SH,3560.9786,0.010118409827426,0.007670566883609,0.002447842943817,0.19234820277143322,low,-0.018209813982315
2017-06-09,2774.9832,2811.9013,2768.0048,2783.4249,3143076.0,1467836835.0,600519.SH,3576.1703,0.0028997140604785,0.0042661587463626,-0.001366444685884,0.19237793262767947,low,-0.0005436621683135
2017-06-12,2790.5158,2838.0142,2779.2603,2823.6071,3510916.0,1654501999.0,600519.SH,3574.3894,0.014436243636392,-0.0004979908255487,0.0149342344619408,0.19456198879008074,mid,0.0054220428243092
2017-06-13,2824.5638,2832.7241,2790.5158,2824.5075,2423798.0,1141536364.0,600519.SH,3582.2674,0.0003188828927367,0.0022040128028579,-0.0018851299101212,0.19543319883801,mid,-0.0057372482908738
2017-06-14,2823.1006,2849.6074,2810.1005,2832.105,3376863.0,1600846629.0,600519.SH,3535.2987,0.0026898494693321,-0.0131114444443762,0.0158012939137084,0.19386229238092276,low,0.0012549339189793
2017-06-15,2835.538,2838.2393,2773.6325,2775.3209,5020280.0,2347172380.0,600519.SH,3528.7926,-0.0200501393839563,-0.0018403254016413,-0.018209813982315,0.20263012870396566,mid,-0.0005856730881752
2017-06-16,2759.5631,2793.2734,2758.2125,2765.9225,3333180.0,1544955944.0,600519.SH,3518.7611,-0.0033864192065141,-0.0028427570382005,-0.0005436621683135,0.2000031362275602,mid,-0.0091032577070826
2017-06-19,2762.1519,2809.594,2762.1519,2808.3559,3853668.0,1803585246.0,600519.SH,3553.6653,0.0153414999877978,0.0099194571634886,0.0054220428243092,0.2039634801463938,mid,0.0113461333164683
2017-06-20,2824.2824,2834.8626,2782.9746,2786.5764,3450539.0,1614858151.0,600519.SH,3546.494,-0.0077552492545549,-0.002018000963681,-0.0057372482908738,0.19337236099254615,low,-0.0029350933101311
2017-06-21,2804.8666,2824.2824,2785.0569,2822.6504,4203854.0,1974672846.0,600519.SH,3587.955,0.0129456346504621,0.0116907007314828,0.0012549339189793,0.1967134846122046,mid,-0.0093867965988113
2017-06-22,2824.395,2852.0273,2814.1525,2822.8755,3824234.0,1815684370.0,600519.SH,3590.3425,7.974774346841684e-05,0.0006654208316436,-0.0005856730881752,0.17684920649331562,low,-0.0107574263395121
2017-06-23,2823.4945,2834.8626,2798.0008,2822.7629,3130362.0,1473803782.0,600519.SH,3622.8831,-3.988840457180842e-05,0.0090633693025108,-0.0091032577070826,0.17310475380483614,low,-0.0017580435899149
2017-06-26,2824.3387,2891.8156,2818.6547,2890.0147,5293257.0,2536430501.0,600519.SH,3668.0919,0.0238248136249772,0.0124786803085088,0.0113461333164683,0.18890648334499938,low,-0.0185777881422898
2017-06-27,2879.5471,2891.8156,2868.4604,2886.7506,2798078.0,1350476765.0,600519.SH,3674.7152,-0.0011294406218765,0.0018056526882546,-0.0029350933101311,0.18961325832509518,low,-0.0088190224958127
2017-06-28,2886.6944,2886.6944,2824.2824,2837.2263,3772874.0,1799676818.0,600519.SH,3646.1666,-0.0171557251949648,-0.0077689285961535,-0.0093867965988113,0.1873343271967889,low,0.0061112350926491
2017-06-29,2842.8541,2848.7632,2807.3991,2824.3387,3509272.0,1657994404.0,600519.SH,3668.8279,-0.0045423236066858,0.0062151027328263,-0.0107574263395121,0.18540346827589602,low,-0.0086010799956718
2017-06-30,2815.8971,2830.8106,2795.0181,2817.8105,2242717.0,1056424784.0,600519.SH,3666.7977,-0.0023114083307358,-0.0005533647408209,-0.0017580435899149,0.1846578630760576,low,-0.0055091198461096
2017-07-03,2831.0358,2831.0358,2739.3032,2753.2037,4962853.0,2298656458.0,600519.SH,3650.8463,-0.0229280144992006,-0.0043502263569108,-0.0185777881422898,0.2038215086622622,mid,0.0182627056979962
2017-07-04,2745.2686,2751.1215,2689.216,2705.6491,5648895.0,2563886390.0,600519.SH,3619.9841,-0.0172724597166565,-0.0084534372208437,-0.0088190224958127,0.21238053088497016,mid,0.0129834971154352
2017-07-05,2711.7834,2752.9786,2711.7834,2751.8531,3754032.0,1718844532.0,600519.SH,3659.6795,0.0170768633670936,0.0109656282744445,0.0061112350926491,0.20625464129136842,mid,-0.0080830644869215
2017-07-06,2740.485,2752.247,2698.2205,2728.4979,4204439.0,1913037511.0,600519.SH,3660.0967,-0.0084870809419296,0.0001139990537422,-0.0086010799956718,0.204906929012976,mid,-0.0103358620794846
2017-07-07,2738.9486,2739.23,2683.5151,2710.3596,3779647.0,1681450715.0,600519.SH,3655.9293,-0.0066477236431078,-0.0011386037969981,-0.0055091198461096,0.20543960235958655,mid,-0.0038783962620747
2017-07-10,2715.4808,2760.6155,2693.4763,2758.1956,3662409.0,1648443670.0,600519.SH,3653.6868,0.0176493185627473,-0.0006133871352489,0.0182627056979962,0.2089795036373575,mid,-0.0022083779693305
2017-07-11,2758.3644,2815.0923,2755.5505,2806.932,4460182.0,2054854503.0,600519.SH,3670.8086,0.0176696678074606,0.0046861706920253,0.0129834971154352,0.21934818015454094,mid,0.0041170119294797
2017-07-12,2821.9582,2823.0274,2761.1783,2775.0789,2895072.0,1330327923.0,600519.SH,3658.8236,-0.0113480127056871,-0.0032649482187656,-0.0080830644869215,0.22251409184212748,mid,-0.0082324391114114
2017-07-13,2763.148,2800.0662,2753.7496,2767.7065,2595135.0,1183440452.0,600519.SH,3686.9205,-0.002656645185836,0.0076792168936485,-0.0103358620794846,0.2109493063989577,mid,0.0146499337732906
2017-07-14,2768.213,2782.3387,2750.2041,2769.1134,1772657.0,806510274.0,600519.SH,3703.094,0.0005083270209469,0.0043867232830216,-0.0038783962620747,0.21058589648906065,mid,0.0185495742883803
2017-07-17,2772.6589,2778.2867,2712.1042,2733.4334,3526368.0,1595292990.0,600519.SH,3663.5575,-0.0128849905532941,-0.0106766125839635,-0.0022083779693305,0.20737418760843257,mid,0.0050519247497009
2017-07-18,2744.2387,2755.4942,2721.7839,2747.3903,3068449.0,1384468254.0,600519.SH,3667.1807,0.0051059959975612,0.0009889840680814,0.0041170119294797,0.20706472768896503,mid,0.0066986295773577
2017-07-19,2755.5505,2809.6896,2748.7972,2771.6459,5625994.0,2574934655.0,600519.SH,3729.7466,0.0088285963592431,0.0170610354706546,-0.0082324391114114,0.2039781550634538,mid,-0.0085151507804734
2017-07-20,2766.0182,2828.0924,2766.0182,2825.7288,4663487.0,2160731540.0,600519.SH,3747.8843,0.0195129182988345,0.0048629845255439,0.0146499337732906,0.21641621153248644,mid,0.0025789749779012
2017-07-21,2828.4864,2873.7899,2809.9147,2863.6036,4679241.0,2207195747.0,600519.SH,3728.5976,0.013403550970638,-0.0051460233177422,0.0185495742883803,0.22147112929593138,mid,0.0171129296535907
2017-07-24,2873.0583,2931.981,2873.0583,2889.4914,4271643.0,2052709805.0,600519.SH,3743.4686,0.0090402875593536,0.0039883628096526,0.0050519247497009,0.2068284032863546,mid,-0.0094907665222678
2017-07-25,2914.2535,2917.6302,2879.9242,2890.3918,2192999.0,1051446103.0,600519.SH,3719.559,0.0003116119328128,-0.0063870176445449,0.0066986295773577,0.2067806658995189,mid,-0.010593432103086
2017-07-26,2890.8983,2911.0457,2826.2353,2854.768,3147018.0,1487729148.0,600519.SH,3705.3884,-0.012324903495782,-0.0038097527153085,-0.0085151507804734,0.20207790600038142,mid,0.0075676590767008
2017-07-27,2854.768,2878.5172,2851.7853,2867.3742,1959503.0,928077230.0,600519.SH,3712.1947,0.0044158404465792,0.001836865468678,0.0025789749779012,0.2016821898745392,mid,-0.0020579220850065
2017-07-28,2851.2226,2924.7775,2832.7072,2923.9333,4661877.0,2235811533.0,600519.SH,3721.8914,0.0197250501870316,0.0026121205334408,0.0171129296535907,0.21202884883067746,mid,-0.0015492697990678
2017-07-31,2924.3835,2946.6695,2907.5002,2908.7383,3841218.0,1861154799.0,600519.SH,3737.8732,-0.0051967669713943,0.0042939995508735,-0.0094907665222678,0.19293390756614334,low,0.0103688400220698
2017-08-01,2907.5002,2918.7557,2887.2403,2903.2231,2750154.0,1318453670.0,600519.SH,3770.3828,-0.0018960798226501,0.0086973522804358,-0.010593432103086,0.17890405863757855,low,0.0005183469439564
2017-08-02,2902.0976,2929.3359,2893.4871,2917.8553,2677422.0,1289564021.0,600519.SH,3760.8525,0.0050399846983857,-0.0025276743783151,0.0075676590767008,0.1718314560425485,low,0.0162718145074082
2017-08-03,2922.5826,2940.4226,2877.2791,2886.2273,3176839.0,1522998147.0,600519.SH,3727.8264,-0.0108394682902884,-0.0087815462052819,-0.0020579220850065,0.17410298431436397,low,0.0055348810925556
2017-08-04,2884.9891,2896.1321,2860.227,2866.0799,1868114.0,887074164.0,600519.SH,3707.5796,-0.0069805312977255,-0.0054312614986576,-0.0015492697990678,0.17434814607686056,low,0.0040960512051312
2017-08-07,2859.6642,2915.3791,2851.9542,2910.6518,2309937.0,1104715336.0,600519.SH,3726.7948,0.0155515203885279,0.005182680366458,0.0103688400220698,0.1721319930898123,low,0.0173673930810849
2017-08-08,2913.128,2925.6216,2899.0586,2916.3921,1605158.0,773408185.0,600519.SH,3732.2129,0.00197216994489,0.0014538230009335,0.0005183469439564,0.16285396223251414,low,-0.0102870065260424
2017-08-09,2929.1108,2974.9209,2913.2968,2962.9337,4179447.0,2045888052.0,600519.SH,3731.044,0.0159586222991072,-0.0003131922083009,0.0162718145074082,0.16209208428325383,low,0.0022290556107167
2017-08-10,2964.2844,3012.1767,2952.5223,2967.3234,3536438.0,1747693641.0,600519.SH,3715.9208,0.0014815383820434,-0.0040533427105121,0.0055348810925556,0.16072486308483538,low,-0.0125056849974853
2017-08-11,2952.5223,2995.012,2921.4571,2924.7212,3657257.0,1785149162.0,600519.SH,3647.3503,-0.0143571138892377,-0.018453165094369,0.0040960512051312,0.1726586123764938,low,-0.0066671060270538
2017-08-14,2931.1931,3014.9905,2931.1931,3013.471,3933147.0,1952353920.0,600519.SH,3694.6831,0.0303447043089097,0.0129773112278248,0.0173673930810849,0.18809352185960546,low,-0.0042291115276316
2017-08-15,3015.0468,3020.6183,2986.3452,2991.7479,2716322.0,1350104673.0,600519.SH,3706.0566,-0.0072086640289553,0.003078342497087,-0.0102870065260424,0.19297825934730362,low,-0.0077992643781725
2017-08-16,3003.1722,3007.6745,2975.0334,2994.6743,1858722.0,921412991.0,600519.SH,3701.4207,0.0009781572839075,-0.0012508983268091,0.0022290556107167,0.19256749666966533,low,0.0119762641655409
2017-08-17,3000.9211,3000.9211,2957.0246,2973.2888,2584673.0,1272341257.0,600519.SH,3721.277,-0.007141177255904,0.0053645077415813,-0.0125056849974853,0.18715736418927473,low,0.0034430619842988
2017-08-18,2973.9079,2983.1374,2946.8946,2956.1804,2385775.0,1169732673.0,600519.SH,3724.6748,-0.005754032369812,0.0009130736572418,-0.0066671060270538,0.18484903371494765,low,-0.0160219998544508
2017-08-21,2946.8946,2982.9123,2940.9291,2956.6306,2354662.0,1153168712.0,600519.SH,3740.9941,0.0001522911118685,0.0043814026395001,-0.0042291115276316,0.1828211347132313,low,-0.0141681480333804
2017-08-22,2943.5179,2955.2237,2879.3614,2942.5049,4245703.0,2051271355.0,600519.SH,3752.298,-0.0047776343788095,0.003021629999363,-0.0077992643781725,0.1840418844333872,low,-0.0028000575121498
2017-08-23,2932.5438,2984.2067,2926.1844,2980.7175,2721499.0,1337347647.0,600519.SH,3756.0884,0.0129864184763126,0.0010101543107716,0.0119762641655409,0.1817304801873701,low,0.0067846785734504
2017-08-24,2980.6049,2994.1678,2969.5182,2973.9641,1815678.0,896861683.0,600519.SH,3734.6458,-0.0022656960949838,-0.0057087580792827,0.0034430619842988,0.18220804334597301,low,-0.0002592333571976
2017-08-25,2977.5659,2982.0681,2954.3232,2974.9771,1729788.0,850598725.0,600519.SH,3795.7544,0.0003406228071145,0.0163626226615654,-0.0160219998544508,0.16959620616568302,low,0.0054405294131787
2017-08-28,2975.0334,2999.1765,2963.9467,2969.6308,2902107.0,1432545548.0,600519.SH,3842.7119,-0.0017970894633105,0.0123710585700698,-0.0141681480333804,0.16839517824179276,low,-0.0091358028189063
2017-08-29,2975.146,2985.6136,2946.9509,2954.9986,2517662.0,1234431719.0,600519.SH,3834.5376,-0.0049272791755796,-0.0021272216634298,-0.0028000575121498,0.16944840308972833,low,-0.0075740454562669
2017-08-30,2956.4618,2979.2542,2953.4228,2974.8646,1850364.0,910133939.0,600519.SH,3834.3005,0.0067228458246986,-6.183274875182221e-05,0.0067846785734504,0.1700928091991073,low,-0.0075619975697617
2017-08-31,2980.8863,2985.6136,2957.0246,2964.622,1873686.0,921659704.0,600519.SH,3822.0928,-0.0034430474583616,-0.0031838141011639,-0.0002592333571976,0.16520790782843514,low,-0.0020401075789076
2017-09-01,2959.2757,2993.4925,2958.3189,2987.3019,3145100.0,1554634575.0,600519.SH,3830.5383,0.0076501827214396,0.0022096533082609,0.0054405294131787,0.16352821150062544,low,-0.0123351303879531
2017-09-04,2987.3019,2995.631,2965.2974,2971.7693,1893162.0,932954810.0,600519.SH,3845.6163,-0.005199541432354,0.0039362613865523,-0.0091358028189063,0.15740267513083958,low,0.0078349961148732
2017-09-05,2974.3581,2980.6049,2955.3362,2958.0938,2262215.0,1112006392.0,600519.SH,3857.0464,-0.0046018040498634,0.0029722414064035,-0.0075740454562669,0.1586366046135687,low,0.0096099286004236
2017-09-06,2958.1501,2973.739,2929.1108,2929.8987,3300650.0,1608066103.0,600519.SH,3849.4499,-0.009531509785119,-0.0019695122153573,-0.0075619975697617,0.1519004348882719,low,0.0116922322810979
2017-09-07,2931.7559,2940.704,2902.2101,2909.0197,3332016.0,1605408576.0,600519.SH,3829.8713,-0.0071261849428447,-0.0050860773639371,-0.0020401075789076,0.1534630074458674,low,0.0015473466254585
2017-09-08,2892.0239,2904.6863,2868.1058,2870.1881,4117327.0,1962989430.0,600519.SH,3825.9895,-0.013348689250884,-0.0010135588629308,-0.0123351303879531,0.15233191036018723,low,-0.0020030503401093
2017-09-11,2851.7291,2914.3661,2845.4822,2892.4178,4537440.0,2161657241.0,600519.SH,3825.6453,0.0077450324597194,-8.996365515379079e-05,0.0078349961148732,0.104456790300309,low,0.0142827766674686
2017-09-12,2899.0586,2935.639,2892.868,2929.5048,3434163.0,1661294228.0,600519.SH,3837.9341,0.0128221448505814,0.0032122162501577,0.0096099286004236,0.11495084812076584,low,-0.0009093074755777
2017-09-13,2930.0113,2970.5312,2909.6388,2967.3234,3307570.0,1618956527.0,600519.SH,3842.6061,0.012909553860434,0.001217321579336,0.0116922322810979,0.12506660387338878,low,-0.0041010383438664
2017-09-14,2974.9771,2980.83,2952.4661,2962.1458,1939949.0,953145166.0,600519.SH,3829.9554,-0.0017448721632432,-0.0032922187887017,0.0015473466254585,0.1226694465837042,low,0.0060340711398159
2017-09-15,2972.2195,2972.2195,2946.8946,2957.2497,1603946.0,786562205.0,600519.SH,3831.2965,-0.0016528896045562,0.0003501607355531,-0.0020030503401093,0.12104168187322607,low,0.0021933572713259
2017-09-18,2958.938,3017.2417,2958.938,3008.6312,4220681.0,2101680376.0,600519.SH,3843.1428,0.0173747587158432,0.0030919820483745,0.0142827766674686,0.13578342918563868,low,0.0188446428129976
2017-09-19,3016.1161,3028.4972,2991.973,2997.2631,2305481.0,1151152851.0,600519.SH,3832.1161,-0.0037784956826877,-0.00286918820711,-0.0009093074755777,0.13527402417529333,low,0.0029929842606211
2017-09-20,2996.9817,3014.5403,2991.9167,2993.0423,1731816.0,862024944.0,600519.SH,3842.4353,-0.0014082180506609,0.0026928202932055,-0.0041010383438664,0.1277359494482866,low,-0.0020914351001104
2017-09-21,2991.579,3017.6919,2974.3581,3007.5056,1940268.0,963615276.0,600519.SH,3837.8176,0.0048323072480465,-0.0012017638917694,0.0060340711398159,0.12837470903303683,low,0.0184969768728351
2017-09-22,2996.9817,3015.4408,2990.7912,3014.0338,1634353.0,815718865.0,600519.SH,3837.7304,0.0021706360247508,-2.2721246575097e-05,0.0021933572713259,0.12849149859494174,low,-0.0051325987488171
2017-09-25,3016.1724,3060.5755,3016.1161,3055.1728,3269756.0,1649582919.0,600519.SH,3817.7915,0.0136491501853759,-0.0051954926276217,0.0188446428129976,0.13601441324357078,low,0.0063956035267158
2017-09-26,3052.0775,3070.7054,3034.6877,3066.7097,2547049.0,1292872632.0,600519.SH,3820.7816,0.0037761857528975,0.0007832014922763,0.0029929842606211,0.1340922428743049,low,0.0198417157895913
2017-09-27,3064.6274,3076.502,3048.5883,3060.6317,1667111.0,847627355.0,600519.SH,3821.2,-0.001981928710109,0.0001095063900014,-0.0020914351001104,0.1334906066497666,low,0.0062223711517022
2017-09-28,3054.9477,3128.1086,3054.6663,3118.3163,2596985.0,1340236075.0,600519.SH,3822.5386,0.0188472856763524,0.0003503088035172,0.0184969768728351,0.1455461018335693,low,-0.0051256280338218
2017-09-29,3104.472,3160.0744,3101.6581,3113.7016,2243622.0,1166403112.0,600519.SH,3836.5013,-0.0014798691203967,0.0036527296284203,-0.0051325987488171,0.1449264014469293,low,0.0187461693586077
2017-10-09,3152.5332,3214.4949,3127.5459,3170.7108,3489129.0,1844481600.0,600519.SH,3882.2076,0.0183091404776873,0.0119135369509715,0.0063956035267158,0.15299233894246775,low,0.0095986505021566
2017-10-10,3166.6588,3242.296,3166.4337,3239.8761,3100644.0,1662690453.0,600519.SH,3889.8637,0.0218138153754041,0.0019720995858127,0.0198417157895913,0.16330807537690722,low,-0.0065442525909044
2017-10-11,3228.8457,3302.8508,3228.8457,3270.7162,3340643.0,1824898708.0,600519.SH,3902.6868,0.0095189133930151,0.0032965422413129,0.0062223711517022,0.1552292924256794,low,-0.0012104244533779
2017-10-12,3267.6772,3281.7467,3240.5514,3262.556,1964622.0,1067464518.0,600519.SH,3912.9536,-0.0024949275635715,0.0026307004702503,-0.0051256280338218,0.1510218233296449,low,0.0399635647050273
2017-10-13,3267.6772,3332.9593,3250.8502,3330.4268,2785842.0,1534212916.0,600519.SH,3921.0017,0.0208029532673155,0.0020567839087077,0.0187461693586077,0.1419921105276414,low,-0.0122582132476475
2017-10-16,3352.0375,3389.5747,3328.8511,3355.9769,2990901.0,1676809992.0,600519.SH,3913.4462,0.0076717194324762,-0.0019269310696804,0.0095986505021566,0.14199068151396196,low,-0.0025131721732585
2017-10-17,3357.5527,3357.5527,3318.3271,3333.6909,2097712.0,1168943280.0,600519.SH,3913.0688,-0.0066406893325159,-9.643674161152747e-05,-0.0065442525909044,0.14894782524381414,low,-0.0172580026122209
2017-10-18,3319.4527,3366.6697,3319.4527,3356.1457,1917865.0,1072237528.0,600519.SH,3944.1626,0.0067357174595881,0.007946141912966,-0.0012104244533779,0.14703768841692053,low,-0.0071864944663392
2017-10-19,3357.7215,3493.6321,3356.1457,3479.2813,4065882.0,2338901855.0,600519.SH,3931.2495,0.0366895871058279,-0.0032739775991994,0.0399635647050273,0.1792109314997127,low,0.0613767723718563
2017-10-20,3470.2768,3470.2768,3418.2763,3432.7396,3153433.0,1812957242.0,600519.SH,3926.852,-0.0133768143438129,-0.0011186010961654,-0.0122582132476475,0.1920761601443631,low,0.0624054968040395
2017-10-23,3436.06,3467.4629,3397.1159,3427.5621,2377182.0,1362900409.0,600519.SH,3930.7981,-0.0015082705370368,0.0010049016362216,-0.0025131721732585,0.1909596975245459,low,-0.0371586894405799
2017-10-24,3419.6269,3429.7569,3372.41,3393.3453,3127428.0,1775645971.0,600519.SH,3959.3953,-0.009982838822964,0.0072751637892569,-0.0172580026122209,0.19662127111048672,mid,-0.0054085419700414
2017-10-25,3406.9645,3417.826,3363.6869,3384.0032,2507600.0,1418395221.0,600519.SH,3976.949,-0.0027530649474428,0.0044334295188963,-0.0071864944663392,0.19737678262833183,mid,0.010138307834448
2017-10-26,3605.3432,3650.3653,3531.6758,3605.8497,11543497.0,6957625411.0,600519.SH,3993.5752,0.0655574143665111,0.0041806419946548,0.0613767723718563,0.2883907745435044,mid,0.0058082553369909
2017-10-27,3589.079,3886.7315,3577.3732,3856.5104,8438379.0,5284485766.0,600519.SH,4021.9676,0.069515016113955,0.0071095193099155,0.0624054968040395,0.3572647069863185,high,0.0195989475721177
2017-10-30,3819.4797,3824.8261,3695.3875,3701.4655,8100786.0,5099041747.0,600519.SH,4009.7218,-0.0402034180952812,-0.0030447286547012,-0.0371586894405799,0.4033960157067047,high,0.0135229209065388
2017-10-31,3701.0715,3732.5307,3644.0622,3678.673,5187568.0,3206280600.0,600519.SH,4006.7179,-0.0061576961881719,-0.0007491542181304,-0.0054085419700414,0.40693509430425234,high,-0.0242536334422387
2017-11-01,3694.7121,3754.7041,3685.37,3706.6993,4343525.0,2712016939.0,600519.SH,3996.6221,0.0076185896381657,-0.0025197181962822,0.010138307834448,0.40478103515306757,high,0.0138012894686805
2017-11-02,3728.8727,3744.7993,3695.3875,3728.7038,3424973.0,2144671943.0,600519.SH,3997.1343,0.0059364135634092,0.0001281582264183,0.0058082553369909,0.4035988159437448,high,-0.0073427085888849
2017-11-03,3738.4399,3821.6745,3738.4399,3797.644,4818897.0,3075651167.0,600519.SH,3992.6979,0.0184890524154801,-0.0011098951566376,0.0195989475721177,0.40276243531152495,high,0.0318237104118106
2017-11-06,3810.7567,3901.4763,3803.4406,3875.8137,4851398.0,3153638704.0,600519.SH,4020.8896,0.0205837356002827,0.0070608146937438,0.0135229209065388,0.40344441920920154,high,0.0099850925864626
2017-11-07,3861.8568,3898.8312,3792.0725,3813.9645,5556485.0,3592238407.0,600519.SH,4054.2465,-0.0159577329529538,0.0082959004892848,-0.0242536334422387,0.41145895997586074,high,-0.0056611536110094
2017-11-08,3815.4277,3883.9176,3815.4277,3860.7312,4395194.0,2855374070.0,600519.SH,4048.0057,0.0122619652070699,-0.0015393242616106,0.0138012894686805,0.4116640168367835,high,0.0193249202669014
2017-11-09,3847.3372,3881.9479,3828.259,3858.9866,3364113.0,2183815390.0,600519.SH,4075.8998,-0.0004518833116379,0.006890825277247,-0.0073427085888849,0.41099445301851373,high,0.0351820587330899
2017-11-10,3861.0126,4046.5601,3861.0126,4015.8888,7407860.0,4967970730.0,600519.SH,4111.9112,0.0406589128866112,0.0088352024748006,0.0318237104118106,0.42454321941200024,high,-0.0420964363368532
2017-11-13,4027.4257,4099.3485,4003.7891,4071.7725,4986984.0,3402794002.0,600519.SH,4128.0733,0.0139156492580172,0.0039305566715546,0.0099850925864626,0.42471938663930187,high,-0.020868829391653
2017-11-14,4067.6079,4068.0581,4012.5121,4020.391,4636671.0,3159112664.0,600519.SH,4099.351,-0.0126189515745293,-0.0069577979635198,-0.0056611536110094,0.42834933114243057,high,-0.0204841838170715
2017-11-15,4020.391,4083.6471,3993.6591,4072.898,4503633.0,3074244081.0,600519.SH,4073.6696,0.0130601725056096,-0.0062647477612918,0.0193249202669014,0.4283478163151626,high,-0.0398345140274558
2017-11-16,4061.2485,4252.3112,4061.2485,4247.5276,6071632.0,4299283186.0,600519.SH,4105.0122,0.0428760062245605,0.0076939474914705,0.0351820587330899,0.43397401602906854,high,0.0051383528313658
2017-11-17,4117.4699,4190.6309,4014.8758,4085.1103,12386124.0,8548747991.0,600519.SH,4120.8508,-0.0382380799597394,0.0038583563771137,-0.0420964363368532,0.46019977810260276,high,-0.0059530988782893
2017-11-20,4009.4168,4058.9412,3914.8704,4022.6421,8830582.0,5954131851.0,600519.SH,4143.8334,-0.0152916801291753,0.0055771492624776,-0.020868829391653,0.46697669007024395,high,7.502593755037701e-05
2017-11-21,3965.5202,4076.95,3926.2384,4011.9493,9601651.0,6491134446.0,600519.SH,4217.7015,-0.0026581534559089,0.0178260303611625,-0.0204841838170715,0.4638572628244948,high,0.0395583678250237
2017-11-22,4010.5424,4072.4478,3858.5927,3861.5191,12849826.0,8528143403.0,600519.SH,4227.5666,-0.0374955386400321,0.0023389753874236,-0.0398345140274558,0.49094398911002485,high,-0.0142730933662915
2017-11-23,3813.5706,3836.0816,3747.2755,3767.0289,10959913.0,6984097475.0,600519.SH,4102.3966,-0.0244696963948721,-0.029608049226238,0.0051383528313658,0.45108137294711437,high,0.0011877848400949
2017-11-24,3779.2412,3816.3844,3702.3096,3746.2625,7654194.0,4835808966.0,600519.SH,4104.2034,-0.0055126733962672,0.000440425482022,-0.0059530988782893,0.37571865869510135,high,-0.0109879293358705
2017-11-27,3768.5484,3781.6611,3650.4216,3697.0195,6354846.0,3975262024.0,600519.SH,4049.9475,-0.0131445674188608,-0.0132195933564112,7.502593755037701e-05,0.3498314855795632,high,0.0182830180690807
2017-11-28,3718.2362,3852.2896,3712.2708,3848.6315,7029183.0,4491543613.0,600519.SH,4055.8235,0.0410092508302972,0.0014508830052735,0.0395583678250237,0.37748684343318867,high,-0.0124756131648179
2017-11-29,3858.255,3869.6794,3768.6047,3791.7348,4676372.0,3005733412.0,600519.SH,4053.7529,-0.0147836185407721,-0.0005105251744805,-0.0142730933662915,0.38183109769175494,high,-0.005863824114713
2017-11-30,3777.0464,3850.0385,3723.5263,3751.6651,3801962.0,2419959854.0,600519.SH,4006.0993,-0.0105676430746158,-0.0117554279147108,0.0011877848400949,0.38372478364923923,high,-0.0014467911071546
2017-12-01,3791.1158,3796.631,3690.4913,3702.985,4719274.0,2959772009.0,600519.SH,3998.1365,-0.0129755984882552,-0.0019876691523846,-0.0109879293358705,0.38049188406924034,high,0.0080947601681169
2017-12-04,3711.9894,3825.3889,3671.3006,3789.8777,5426771.0,3436687377.0,600519.SH,4018.8571,0.0234655824962832,0.0051825644272025,0.0182830180690807,0.38278965154822564,high,0.0192501275283087
2017-12-05,3768.5484,3843.9605,3746.769,3762.6956,4746576.0,3026076465.0,600519.SH,4040.1704,-0.0071722894910303,0.0053033236737876,-0.0124756131648179,0.3794452467853308,high,0.0136230955665714
2017-12-06,3754.479,3825.3889,3689.7597,3717.9548,5817409.0,3657236582.0,600519.SH,4015.8211,-0.0118906243704646,-0.0060268002557515,-0.005863824114713,0.37843409158378805,high,0.0161016511504705
2017-12-07,3717.6171,3717.8423,3663.0841,3671.1318,5103262.0,3155212010.0,600519.SH,3971.0569,-0.0125937518121521,-0.0111469607049975,-0.0014467911071546,0.3803886637765859,high,0.0007112439706539
2017-12-08,3663.9845,3739.5654,3663.9845,3730.7298,4550339.0,2842464437.0,600519.SH,4003.3792,0.0162342305443787,0.0081394703762618,0.0080947601681169,0.352746735944117,high,-0.0041169832460432
2017-12-11,3751.6651,3869.5668,3751.6651,3864.1642,7284917.0,4702239221.0,600519.SH,4069.4997,0.0357662996660868,0.016516172137778,0.0192501275283087,0.37484300897185274,high,0.0162625860740557
2017-12-12,3907.5543,3907.9482,3864.333,3866.0213,4788931.0,3138650306.0,600519.SH,4016.0163,0.0004805955192068,-0.0131425000473646,0.0136230955665714,0.372962675909272,high,-0.0106737447682578
2017-12-13,3886.6752,3971.148,3862.6447,3961.0743,4850248.0,3197982045.0,600519.SH,4050.0927,0.0245867760738929,0.0084851249234223,0.0161016511504705,0.3811650171175869,high,0.026557740170357
2017-12-14,3971.0355,3978.4641,3917.6842,3940.4767,3196794.0,2126665894.0,600519.SH,4026.1516,-0.0052000034435102,-0.0059112474141641,0.0007112439706539,0.34395285480558807,high,-0.0136684661957166
2017-12-15,3937.3814,3959.6111,3862.9823,3879.9219,3225595.0,2126579404.0,600519.SH,3980.8558,-0.0153673792818012,-0.0112503960357579,-0.0041169832460432,0.32223156525107777,high,0.0049021697731755
2017-12-18,3914.8704,3970.0225,3906.8789,3947.3426,3916228.0,2599749872.0,600519.SH,3985.2914,0.0173768188478227,0.0011142327737669,0.0162625860740557,0.3257153760737325,high,0.0104573413602557
2017-12-19,3931.7537,3984.8798,3920.4981,3954.7712,4407221.0,2944470867.0,600519.SH,4035.3294,0.0018819243102943,0.0125556690785522,-0.0106737447682578,0.3257604786023605,high,-0.0130896162416465
2017-12-20,3970.5852,4066.0322,3937.5503,4055.058,6360131.0,4321305755.0,600519.SH,4030.4898,0.0253584328721721,-0.0011993072981849,0.026557740170357,0.3069961665942449,high,-0.0078145321542134
2017-12-21,4044.309,4069.1837,4002.1007,4037.218,4668038.0,3178595839.0,600519.SH,4067.8485,-0.004399443855057,0.0092690223406595,-0.0136684661957166,0.29137201588974443,mid,0.0709542961881868
2017-12-22,4027.4257,4060.6295,4010.5987,4043.8588,2831701.0,1930315469.0,600519.SH,4054.5984,0.0016448950737859,-0.0032572746993896,0.0049021697731755,0.28949567938541915,mid,-0.0310799106992195
2017-12-25,4061.1923,4119.1583,4048.361,4073.1231,3621428.0,2497653982.0,600519.SH,4041.5401,0.0072367264653256,-0.00322061489493,0.0104573413602557,0.2824545004893488,mid,-0.005353168880354
2017-12-26,4073.4608,4100.5304,4007.7285,4031.9842,3186766.0,2174103282.0,600519.SH,4053.6224,-0.0101000875716228,0.0029895286700236,-0.0130896162416465,0.25274637107863324,mid,0.0103714693329346
2017-12-27,4054.7766,4054.7766,3928.9398,3938.3944,3772205.0,2539720696.0,600519.SH,3991.2075,-0.0232118469115032,-0.0153973147572897,-0.0078145321542134,0.2619703876416496,mid,0.0239868794069735
2017-12-28,4066.82,4251.9735,3978.5767,4245.1639,12414107.0,8656875718.0,600519.SH,4018.8974,0.0778920211749232,0.0069377249867363,0.0709542961881868,0.3710388892157442,high,-0.0007376771976086
2017-12-29,4241.2808,4289.1168,4092.7078,4125.8553,7603887.0,5372514665.0,600519.SH,4030.8549,-0.0281045921454291,0.0029753185537904,-0.0310799106992195,0.38516218075315944,high,0.012617989299819
2018-01-02,4139.981,4197.1591,4083.0843,4161.6479,4961248.0,3482407646.0,600519.SH,4087.4012,0.0086751951771066,0.0140283640574607,-0.005353168880354,0.3796497133964625,high,0.0315734146322488
2018-01-03,4148.4226,4260.4152,4138.5178,4229.2374,5201941.0,3713523701.0,600519.SH,4111.3925,0.0162410424005357,0.005869573067601,0.0103714693329346,0.3788262469232789,high,-0.0005207133309075
2018-01-04,4260.4152,4384.7888,4248.7657,4348.6023,7220508.0,5309890210.0,600519.SH,4128.8119,0.0282237407623415,0.004236861355368,0.0239868794069735,0.3802817458459963,high,-0.012741676844426
2018-01-05,4370.7194,4399.0271,4298.7966,4355.8621,3998907.0,2946493013.0,600519.SH,4138.7505,0.0016694559536982,0.0024071331513069,-0.0007376771976086,0.37327776722812245,high,0.0121768390576941
2018-01-08,4337.0654,4457.9498,4337.0654,4433.3564,5220456.0,3899951720.0,600519.SH,4160.1595,0.0177908065546885,0.0051728172548695,0.012617989299819,0.3737271127345506,high,-0.0037576150593172
2018-01-09,4433.8067,4607.0856,4433.8067,4604.3843,6459195.0,5001164506.0,600519.SH,4189.2977,0.0385775210853789,0.00700410645313,0.0315734146322488,0.3765280103987796,high,-0.0230054951344149
2018-01-10,4618.3411,4640.1769,4553.5093,4622.3368,4771424.0,3731993154.0,600519.SH,4207.8132,0.0038990012193378,0.0044197145502453,-0.0005207133309075,0.3756892075397983,high,-0.0284989802044968
2018-01-11,4629.5967,4635.2244,4545.1802,4560.9942,5065607.0,3942075854.0,600519.SH,4205.5863,-0.0132709066115649,-0.0005292297671388,-0.012741676844426,0.37918684306620853,high,-0.0018986863805707
2018-01-12,4555.1413,4639.7266,4517.1539,4637.5881,4598824.0,3577281776.0,600519.SH,4225.001,0.0167932465250668,0.0046164074673726,0.0121768390576941,0.37757263543295255,high,-0.003984637378015
2018-01-15,4665.952,4697.4675,4584.6871,4620.4234,5247313.0,4136645487.0,600519.SH,4225.2393,-0.0037012127058029,5.6402353514339865e-05,-0.0037576150593172,0.3700113576032978,high,0.0179062447268063
2018-01-16,4592.9036,4638.6574,4522.6691,4550.4703,6542833.0,5084966063.0,600519.SH,4258.473,-0.0151399761329231,0.0078655190014917,-0.0230054951344149,0.37818761202187606,high,-0.0104379716945852
2018-01-17,4533.9246,4556.4357,4356.7063,4409.7198,9070954.0,6835580477.0,600519.SH,4248.1164,-0.0309309787166395,-0.0024319985121427,-0.0284989802044968,0.40173768406307064,high,-0.0131738703946144
2018-01-18,4409.7198,4505.7858,4388.1092,4425.5339,5897851.0,4443031234.0,600519.SH,4271.4168,0.0035861915761632,0.005484877956734,-0.0018986863805707,0.3950259222225698,high,0.011524997550116
2018-01-19,4437.6898,4471.4564,4359.5764,4422.3823,5092556.0,3818021990.0,600519.SH,4285.395,-0.0007121400651795,0.0032724973128355,-0.003984637378015,0.3941190767575749,high,0.0062990751673788
2018-01-22,4431.5556,4556.4357,4431.5556,4554.4097,6712675.0,5129674653.0,600519.SH,4336.5974,0.0298543615281745,0.0119481168013682,0.0179062447268063,0.4036781723792591,high,-0.0322210476827397
2018-01-23,4577.8775,4590.2023,4526.0458,4555.1976,4954918.0,3836387690.0,600519.SH,4382.6129,0.0001729971723887,0.0106109688669739,-0.0104379716945852,0.40423060136022937,high,0.0181346988266956
2018-01-24,4570.1674,4570.28,4469.7681,4502.7468,4329881.0,3311348774.0,600519.SH,4389.8853,-0.0115144950023684,0.001659375392246,-0.0131738703946144,0.40500404437016285,high,0.0242281507783717
2018-01-25,4483.2747,4567.6912,4426.9971,4529.1973,5004072.0,3821875040.0,600519.SH,4365.0794,0.005874303214207,-0.005650694335909,0.011524997550116,0.39022228221698874,high,-0.0014943863648622
2018-01-26,4518.392,4575.5701,4500.158,4574.5571,4397833.0,3389953777.0,600519.SH,4381.2996,0.0100149755012881,0.0037159003339093,0.0062990751673788,0.28846354641816674,mid,-0.0278105389996288
2018-01-29,4583.2239,4588.3451,4336.9528,4344.3815,7453551.0,5637041971.0,600519.SH,4302.0181,-0.0503164776323372,-0.0180954299495975,-0.0322210476827397,0.3290664049182215,high,-0.0292505011499406
2018-01-30,4342.5806,4414.4472,4308.9265,4376.7974,5191103.0,3852705098.0,600519.SH,4256.1021,0.0074615684649241,-0.0106731303617714,0.0181346988266956,0.32880658967796655,high,0.0168773330695936
2018-01-31,4359.4639,4543.5481,4359.4639,4503.197,6040241.0,4601994781.0,600519.SH,4275.8986,0.0288794724654148,0.0046513216870431,0.0242281507783717,0.33860952852307186,high,-0.0104429734404822
2018-02-01,4517.0413,4518.7297,4437.8024,4464.8719,5058261.0,3846421613.0,600519.SH,4245.8978,-0.0085106425501704,-0.0070162561853082,-0.0014943863648622,0.3277677186220377,high,0.0339132746951685
2018-02-02,4433.8629,4439.547,4280.6752,4367.3428,7542082.0,5583742782.0,600519.SH,4271.2326,-0.0218436502064034,0.0059668887932253,-0.0278105389996288,0.33809314762204873,high,0.01888149799385
2018-02-05,4293.1688,4308.5889,4171.4965,4242.5752,9899585.0,7104095616.0,600519.SH,4274.1464,-0.0285683093161361,0.0006821918338044,-0.0292505011499406,0.34631874864756484,high,0.0066633525451926
2018-02-06,4156.8643,4267.1685,4156.8643,4189.843,8816871.0,6270888575.0,600519.SH,4148.8856,-0.0124292905874715,-0.0293066236570651,0.0168773330695936,0.3128204572021994,high,0.0080751274998649
2018-02-07,4252.5363,4274.3721,4038.7375,4046.7289,8828998.0,6231141116.0,600519.SH,4050.4972,-0.0341573896683001,-0.0237144162278178,-0.0104429734404822,0.3280335846708345,high,0.0006938540961449
2018-02-08,4039.8068,4241.2808,4039.8068,4145.5525,8340943.0,5860233484.0,600519.SH,4012.0472,0.0244206129054012,-0.0094926617897673,0.0339132746951685,0.3444698738141264,high,0.010205122969995
2018-02-09,4027.4257,4083.0843,3903.6148,4046.7289,10557826.0,7160206330.0,600519.SH,3840.6527,-0.0238384630275456,-0.0427199610213957,0.01888149799385,0.3412768607206515,high,-0.0044906663272714
2018-02-12,4089.3311,4170.9337,4056.6901,4125.799,6417955.0,4466343242.0,600519.SH,3890.1046,0.01953926293407,0.0128759103888773,0.0066633525451926,0.3536154989455525,high,-0.0103020962978683
2018-02-13,4168.2324,4223.3845,4165.3059,4207.4016,5338918.0,3793782378.0,600519.SH,3935.6324,0.0197786174265881,0.0117034899267232,0.0080751274998649,0.36248139045683275,high,0.0073347245093076
2018-02-14,4252.5363,4252.5363,4208.7523,4243.8133,3065260.0,2198728707.0,600519.SH,3966.9614,0.0086542012057988,0.0079603471096538,0.0006938540961449,0.3500042813031246,high,-0.0072705465675978
2018-02-22,4293.619,4387.6027,4270.7703,4378.8797,5076469.0,3717469267.0,600519.SH,4052.7332,0.0318266592924811,0.021621536322486,0.010205122969995,0.36945746606384783,high,0.0151538533574455
2018-02-23,4404.486,4458.2875,4348.2083,4379.0485,3815877.0,2844936758.0,600519.SH,4071.0889,3.8548672620430935e-05,0.0045292149998918,-0.0044906663272714,0.36945517885292584,high,0.0009073045754625
2018-02-26,4403.8107,4432.9062,4325.8098,4384.8451,4365824.0,3243216345.0,600519.SH,4118.4186,0.0013237122173914,0.0116258085152598,-0.0103020962978683,0.3521120246430017,high,-0.0215200889230791
2018-02-27,4415.7415,4455.1359,4349.4465,4353.7236,4260154.0,3181778842.0,600519.SH,4058.9806,-0.0070975141174313,-0.0144322386267389,0.0073347245093076,0.3525556217344658,high,-0.0145102756270989
2018-02-28,4320.0695,4378.0355,4246.9086,4284.1644,4833067.0,3522004686.0,600519.SH,4023.6415,-0.0159769444252273,-0.0087063978576295,-0.0072705465675978,0.3544994795605387,high,-0.0035479952460393
2018-03-01,4297.5585,4403.6418,4273.753,4376.1783,4479465.0,3303604159.0,600519.SH,4049.0863,0.0214776771871778,0.0063238238297322,0.0151538533574455,0.36345381669319854,high,0.0069147018948008
2018-03-02,4353.8361,4385.1265,4308.814,4344.888,2599190.0,1912613830.0,600519.SH,4016.461,-0.007150142854097,-0.0080574474295596,0.0009073045754625,0.36136336027837745,high,-0.0004944917758966
2018-03-05,4354.8491,4376.3472,4235.8219,4253.1554,3723470.0,2703926955.0,600519.SH,4018.097,-0.021112765162186,0.000407323760893,-0.0215200889230791,0.32272529988396936,high,-0.0101397443750901
2018-03-06,4280.6752,4295.3073,4123.8293,4242.744,6457036.0,4581658583.0,600519.SH,4066.5647,-0.0024479237227024,0.0120623519043965,-0.0145102756270989,0.321248149230851,high,-0.009082844401578
2018-03-07,4224.3975,4275.0474,4190.5746,4196.4838,3459594.0,2480929043.0,600519.SH,4036.6536,-0.0109033681975626,-0.0073553729515233,-0.0035479952460393,0.3020445231752743,high,0.0265359219091234
2018-03-08,4218.7697,4275.0474,4185.0031,4268.069,3534930.0,2540452000.0,600519.SH,4077.6001,0.0170583763483134,0.0101436744535126,0.0069147018948008,0.3097861583342685,high,0.0200895083466139
2018-03-09,4295.026,4323.2773,4272.2335,4298.684,3017100.0,2199081672.0,600519.SH,4108.8652,0.0071730330507777,0.0076675248266744,-0.0004944917758966,0.30225267518104476,high,0.0012374521246633
2018-03-12,4306.2815,4330.8748,4268.1252,4274.766,3988841.0,2900950557.0,600519.SH,4127.6662,-0.0055640284328879,0.0045757159422021,-0.0101397443750901,0.28455177855876657,mid,0.0131817484539129
2018-03-13,4269.4196,4289.6796,4196.2587,4198.2284,3857709.0,2764426996.0,600519.SH,4091.2533,-0.0179045122001998,-0.0088216677986218,-0.009082844401578,0.2884955909828108,mid,-0.0081349365269182
2018-03-14,4194.4015,4298.0087,4180.6135,4291.2554,3735576.0,2683830110.0,600519.SH,4073.3447,0.0221586324364819,-0.0043772894726414,0.0265359219091234,0.26791891995800454,mid,-0.0032304626599325
2018-03-15,4297.671,4404.486,4297.671,4401.5033,5614879.0,4161645760.0,600519.SH,4096.1627,0.0256912930421246,0.0056017846955107,0.0200895083466139,0.26929622196632397,mid,-0.0104500137175783
2018-03-16,4407.8627,4443.7678,4358.7885,4364.2475,3585552.0,2676682524.0,600519.SH,4056.4226,-0.0084643353556045,-0.0097017874802678,0.0012374521246633,0.25396427449895836,mid,0.0089886798882008
2018-03-19,4387.4339,4443.8241,4359.4639,4440.9539,3866658.0,2897348542.0,600519.SH,4074.2479,0.0175760884321982,0.0043943399782853,0.0131817484539129,0.2524524575067022,mid,0.0096673861605505
2018-03-20,4421.3693,4432.6248,4365.0916,4408.5943,2887720.0,2154897794.0,600519.SH,4077.7041,-0.0072866327209567,0.0008483038059614,-0.0081349365269182,0.24798233741761827,mid,-0.0069336614674606
2018-03-21,4421.9884,4438.8717,4365.0916,4376.3472,2674271.0,1996584261.0,600519.SH,4061.0502,-0.0073145991228994,-0.0040841364629669,-0.0032304626599325,0.24916198953923813,mid,-0.0255356228099933
2018-03-22,4387.6027,4410.1138,4275.1037,4286.7531,3748697.0,2748721669.0,600519.SH,4020.349,-0.0204723473494059,-0.0100223336318275,-0.0104500137175783,0.23385462780588454,mid,-0.003535620165638
2018-03-23,4145.6088,4272.1772,4140.4312,4202.2241,5254677.0,3727044980.0,600519.SH,3904.9355,-0.0197186537288558,-0.0287073336170566,0.0089886798882008,0.2430701410399112,mid,-0.0087036015178176
2018-03-26,4185.0031,4224.7352,4150.5612,4215.8996,4625611.0,3276880070.0,600519.SH,3879.893,0.0032543480962854,-0.006413038064265,0.0096673861605505,0.24351098187397,mid,-0.0019795125872816
2018-03-27,4269.4196,4285.6276,4162.4921,4222.9343,4754844.0,3399900239.0,600519.SH,3913.2689,0.0016686118426538,0.0086022733101145,-0.0069336614674606,0.24299363624644374,mid,0.0032835022708566
2018-03-28,4139.8122,4156.8643,3965.5202,4038.9626,11353972.0,7786098263.0,600519.SH,3842.7155,-0.0435648975168758,-0.0180292747068825,-0.0255356228099933,0.28159148649034554,mid,0.0245354940484379
2018-03-29,4039.8068,4127.8813,3905.9222,4078.6383,7908196.0,5362890034.0,600519.SH,3894.0498,0.0098232402548119,0.0133588604204499,-0.003535620165638,0.27111275055462597,mid,0.0063810909618902
2018-03-30,4061.1923,4103.4005,4026.7503,4047.7982,3654028.0,2502696336.0,600519.SH,3898.4977,-0.0075613716470028,0.0011422298708148,-0.0087036015178176,0.27119261546236234,mid,-0.0060257319762482
2018-04-02,4027.4257,4089.3311,3994.2781,4027.7633,3203908.0,2185060765.0,600519.SH,3886.9189,-0.0049495797493066,-0.0029700671620249,-0.0019795125872816,0.2631367177245249,mid,-0.0064213507275801
2018-04-03,4016.1701,4066.82,4001.4817,4015.6636,4023558.0,2737509485.0,600519.SH,3862.4796,-0.0030040742463689,-0.0062875765172255,0.0032835022708566,0.26314021231022494,mid,-0.0049784045308737
2018-04-04,4038.6812,4142.4009,4029.5642,4106.2707,5689131.0,3948712791.0,600519.SH,3854.8625,0.0225634189078987,-0.0019720751405392,0.0245354940484379,0.27567608783012887,mid,-0.0030056012747324
2018-04-09,4123.6605,4170.5398,4084.5475,4130.4138,3083305.0,2149178951.0,600519.SH,3852.9292,0.0058795685340473,-0.0005015224278428,0.0063810909618902,0.2687642190331131,mid,0.0085037629218424
2018-04-10,4166.9943,4187.817,4131.3142,4185.1157,3204325.0,2252069676.0,600519.SH,3927.1729,0.0132436851726576,0.0192694171489058,-0.0060257319762482,0.2722045597329013,mid,-0.0053601464509556
2018-04-11,4196.2587,4223.1594,4156.9769,4170.1458,2572318.0,1822237882.0,600519.SH,3938.3434,-0.0035769381477315,0.0028444125798485,-0.0064213507275801,0.2718729539910226,mid,-0.0197521902767231
2018-04-12,4162.4921,4178.7,4096.197,4107.34,3071361.0,2139139504.0,600519.SH,3898.6354,-0.0150608163388435,-0.0100824118079698,-0.0049784045308737,0.269720279070109,mid,0.0230843053942304
2018-04-13,4131.5393,4145.6088,4056.0147,4066.0322,2754952.0,1904051062.0,600519.SH,3871.1443,-0.0100570685650567,-0.0070514672903242,-0.0030056012747324,0.25704712658725626,mid,-0.0001787824209932
2018-04-16,4030.6898,4065.9759,4010.5424,4035.192,3293967.0,2241463093.0,600519.SH,3808.863,-0.0075848390969457,-0.0160886020187881,0.0085037629218424,0.2346959932628735,mid,0.0038575962116109
2018-04-17,4055.5645,4057.7031,3946.3858,3949.7625,3517276.0,2377407817.0,600519.SH,3748.6412,-0.0211711115604908,-0.0158109651095352,-0.0053601464509556,0.24195816396729744,mid,0.0018757058339256
2018-04-18,3976.7758,3976.7758,3830.4539,3890.3333,6261660.0,4104175827.0,600519.SH,3766.282,-0.0150462717695051,0.004705918507218,-0.0197521902767231,0.22920052666267285,mid,0.0053497019417376
2018-04-19,3914.0262,4027.4257,3896.0736,4027.2006,4420757.0,2976468492.0,600519.SH,3811.843,0.0351813815027108,0.0120970761084804,0.0230843053942304,0.27270431559098823,mid,0.0015870705911148
2018-04-20,4033.0534,4106.2144,3961.1869,3972.6112,4151168.0,2831559751.0,600519.SH,3760.8543,-0.0135551727917403,-0.0133763903707471,-0.0001787824209932,0.274490855095433,mid,-0.0223610517248196
2018-04-23,3948.6932,4029.2828,3948.6932,3993.7154,3265920.0,2196761047.0,600519.SH,3766.3257,0.0053124252380902,0.0014548290264793,0.0038575962116109,0.27004545717508077,mid,0.0057894177619104
2018-04-24,4004.9146,4103.4005,3999.2868,4083.028,4728256.0,3252280969.0,600519.SH,3843.4886,0.0223632860769196,0.020487580242994,0.0018757058339256,0.27752000941107974,mid,-0.003463691700688
2018-04-25,4078.0756,4094.9589,4044.4215,4089.1623,2525222.0,1738767067.0,600519.SH,3828.7015,0.0015023898929911,-0.0038473120487465,0.0053497019417376,0.2772088419466525,mid,-0.0064857709183595
2018-04-26,4094.9589,4096.5346,3988.0313,4017.4645,3504790.0,2378744475.0,600519.SH,3755.4941,-0.0175336156258703,-0.0191206862169851,0.0015870705911148,0.28273305265210813,mid,0.0347495218979592
2018-04-27,4056.9714,4074.4738,3886.7315,3929.1086,5791521.0,3866680412.0,600519.SH,3756.8765,-0.0219929510266985,0.000368100698121,-0.0223610517248196,0.2494221002966372,mid,0.0029237858556314
2018-05-02,3914.8704,3965.464,3830.7915,3958.9358,7025911.0,4589885607.0,600519.SH,3763.6461,0.0075913401833689,0.0018019224214584,0.0057894177619104,0.2482295391257244,mid,-0.0074209587606862
2018-05-03,3948.6369,3991.8582,3903.6148,3976.1004,3632653.0,2426248236.0,600519.SH,3793.0001,0.0043356601034043,0.0077993518040924,-0.003463691700688,0.24788765249032824,mid,0.0110566347363563
2018-05-04,3976.6632,3998.3301,3918.0782,3931.022,3737584.0,2492610223.0,600519.SH,3774.5981,-0.0113373394695969,-0.0048515685512373,-0.0064857709183595,0.25033830338901675,mid,0.0103012489971302
2018-05-07,3914.589,4150.5612,3902.3204,4129.6822,8559143.0,5858519223.0,600519.SH,3834.1877,0.0505365271423055,0.0157870052443462,0.0347495218979592,0.3099683571636077,high,0.0229493205326223
2018-05-08,4128.8943,4208.2458,4128.8943,4189.6742,6249783.0,4414037853.0,600519.SH,3878.6767,0.0145270258326415,0.01160323997701,0.0029237858556314,0.30400807241418426,high,-0.0029515084330598
2018-05-09,4191.0811,4209.2025,4123.773,4150.9551,3233106.0,2267880036.0,600519.SH,3871.6152,-0.0092415539136671,-0.0018205951529808,-0.0074209587606862,0.30564028723505454,high,-0.0030026078506726
2018-05-10,4159.6782,4230.0253,4159.6782,4219.839,3929380.0,2794919589.0,600519.SH,3893.0565,0.0165947109377309,0.0055380762013745,0.0110566347363563,0.30772912957047727,high,-0.0018743541013676
2018-05-11,4245.1639,4311.6279,4228.3369,4241.3933,3914165.0,2826877192.0,600519.SH,3872.8383,0.0051078489013443,-0.0051934000957859,0.0103012489971302,0.3077137756262757,high,0.0055520673449176
2018-05-14,4275.0474,4381.9749,4275.0474,4378.6546,5101471.0,3753818029.0,600519.SH,3909.2933,0.0323623135821902,0.0094129930495678,0.0229493205326223,0.32061038751553717,high,-0.0104642711976035
2018-05-15,4398.8582,4401.3345,4331.325,4382.3126,3805580.0,2811622722.0,600519.SH,3924.0975,0.0008354164313395,0.0037869248643993,-0.0029515084330598,0.31685837293465147,high,0.0099991809198228
2018-05-16,4365.0916,4396.9448,4327.2731,4334.2515,3079520.0,2275092450.0,600519.SH,3892.8442,-0.0109670633719739,-0.0079644555213013,-0.0030026078506726,0.318711929771653,high,-0.0071525075425268
2018-05-17,4337.6281,4351.0222,4275.0474,4294.0692,2851793.0,2077476640.0,600519.SH,3864.0507,-0.0092708741059442,-0.0073965200045766,-0.0018743541013676,0.3090120085806829,high,-0.0039353443143663
2018-05-18,4274.9911,4370.7194,4259.2334,4361.2648,2925517.0,2140724039.0,600519.SH,3903.0637,0.0156484669599641,0.0100963996150464,0.0055520673449176,0.30257972318705406,high,0.0047447048027167
2018-05-21,4387.6027,4406.1743,4322.7708,4335.9398,2905958.0,2150582003.0,600519.SH,3921.2421,-0.0058068017332952,0.0046574694643082,-0.0104642711976035,0.2844050948682117,mid,0.0268906674619142
2018-05-22,4338.1909,4364.1912,4308.9265,4362.6717,1699896.0,1250693946.0,600519.SH,3906.2081,0.0061651916846261,-0.0038339892351967,0.0099991809198228,0.27691369814137545,mid,-0.0039280300131424
2018-05-23,4365.0916,4365.0916,4272.6837,4273.8093,2826871.0,2061375201.0,600519.SH,3854.5825,-0.0203688029057973,-0.0132162953632705,-0.0071525075425268,0.2909760906922113,mid,0.0139494575954766
2018-05-24,4252.5363,4301.2728,4213.142,4226.6486,3041634.0,2191695815.0,600519.SH,3827.217,-0.0110348161767535,-0.0070994718623871,-0.0039353443143663,0.2864552018554875,mid,0.0119529023122035
2018-05-25,4207.5142,4291.9307,4207.5142,4234.8651,2651146.0,1908701139.0,600519.SH,3816.498,0.0019439751863923,-0.0028007296163243,0.0047447048027167,0.28645171559962523,mid,0.00070812257792
2018-05-28,4241.2808,4368.806,4225.0728,4367.3428,4280523.0,3129960293.0,600519.SH,3833.2599,0.0312826257440881,0.0043919582821738,0.0268906674619142,0.2948045045348448,mid,0.0374014618989912
2018-05-29,4358.3383,4421.3693,4316.0175,4316.8617,4082027.0,3029700817.0,600519.SH,3804.0093,-0.0115587674958786,-0.0076307374827362,-0.0039280300131424,0.284590064346299,mid,-0.0024750149800445
2018-05-30,4293.1688,4349.8967,4252.8177,4285.5713,3714710.0,2706486799.0,600519.SH,3723.3724,-0.0072484138187703,-0.021197871414247,0.0139494575954766,0.2875655319666505,mid,-0.0007209091922295
2018-05-31,4310.2209,4430.4863,4310.1646,4427.7287,7185287.0,5356222572.0,600519.SH,3802.3759,0.0331711667006917,0.0212182643884881,0.0119529023122035,0.3055022002578911,high,-0.0041676969655168
2018-06-01,4427.7287,4449.3956,4358.1132,4393.8495,3617763.0,2694415012.0,600519.SH,3770.5891,-0.0076515979852151,-0.0083597205631352,0.00070812257792,0.30306770629305974,high,0.009717781061917
2018-06-04,4434.5946,4606.5228,4398.1829,4601.289,7380597.0,5697540359.0,600519.SH,3807.5781,0.047211334844309,0.0098098729453177,0.0374014618989912,0.296713782375728,high,-0.0028254860043666
2018-06-05,4626.7828,4672.9305,4574.6134,4635.5058,5262967.0,4136578583.0,600519.SH,3845.3164,0.0074363509877342,0.0099113659677787,-0.0024750149800445,0.29494182363436916,mid,0.0167523859142513
2018-06-06,4635.2244,4708.104,4603.1462,4622.5619,4896948.0,3870616725.0,600519.SH,3837.3511,-0.0027923382168997,-0.0020714290246701,-0.0007209091922295,0.29161437911963123,mid,-0.0007816493481985
2018-06-07,4646.3674,4677.7141,4584.0117,4595.6612,3916778.0,3078137471.0,600519.SH,3831.0128,-0.0058194353222181,-0.0016517383567012,-0.0041676969655168,0.2912114282163719,mid,-0.0011324081549934
2018-06-08,4590.2023,4623.4061,4533.9246,4578.6654,3495846.0,2712363711.0,600519.SH,3779.6159,-0.0036982273628003,-0.0134160084247173,0.009717781061917,0.2926147329822551,mid,0.0030905846172778
2018-06-11,4567.9726,4623.9689,4524.5263,4566.1717,3654755.0,2837404005.0,600519.SH,3779.9818,-0.0027286772254639,9.680877890261286e-05,-0.0028254860043666,0.2733690800805127,mid,-0.0078349623467651
2018-06-12,4578.9468,4722.4548,4570.5051,4698.1991,5528708.0,4385043270.0,600519.SH,3825.9534,0.0289142434131419,0.0121618574988906,0.0167523859142513,0.28917207615423485,mid,0.0286574152432628
2018-06-13,4702.7576,4717.5024,4640.1769,4648.3371,3524437.0,2803441679.0,600519.SH,3788.3391,-0.0106130027567371,-0.0098313534085385,-0.0007816493481985,0.28893748076815384,mid,0.0064144363516146
2018-06-14,4646.48,4667.8655,4563.0765,4624.7005,3615961.0,2830514231.0,600519.SH,3773.3655,-0.0050849582316221,-0.0039525500766286,-0.0011324081549934,0.2868273718878186,mid,0.0045095867784337
2018-06-15,4613.8333,4644.1107,4590.7594,4614.5649,3170773.0,2455441877.0,600519.SH,3753.4338,-0.0021916230034787,-0.0052822076207565,0.0030905846172778,0.2840869828487993,mid,0.0122258393508356
2018-06-19,4590.1967,4590.1967,4410.1081,4415.7359,6019587.0,4535664030.0,600519.SH,3621.1166,-0.0430872691811097,-0.0352523068343445,-0.0078349623467651,0.3269604116650312,high,-0.0050001446114077
2018-06-20,4432.6192,4567.6856,4432.6192,4559.7504,4583802.0,3454583693.0,600519.SH,3635.4436,0.032613929651001,0.0039565144077382,0.0286574152432628,0.34534370344617205,high,-0.0200301793403369
2018-06-21,4568.9237,4645.8553,4532.6246,4535.7199,3918255.0,3013867644.0,600519.SH,3592.965,-0.0052701349617733,-0.0116845713133879,0.0064144363516146,0.33615707838677034,high,-0.0046353549719843
2018-06-22,4505.7802,4578.9411,4483.2691,4576.2961,2885481.0,2190055865.0,600519.SH,3608.9046,0.0089459227850465,0.0044363360066128,0.0045095867784337,0.3324043565968002,high,0.001553543618225
2018-06-25,4573.3134,4646.3055,4567.1228,4570.8371,3293416.0,2543272262.0,600519.SH,3560.4777,-0.0011928860984322,-0.0134187254492679,0.0122258393508356,0.332871485328632,high,0.0037542296519493
2018-06-26,4569.4302,4595.1491,4466.3858,4510.2824,4657798.0,3516945435.0,600519.SH,3531.1112,-0.0132480547162793,-0.0082479101048715,-0.0050001446114077,0.32186876037732726,high,-0.0223202473291808
2018-06-27,4494.5246,4522.6635,4320.0639,4328.1679,5729801.0,4194739085.0,600519.SH,3459.2621,-0.040377626908683,-0.0203474475683461,-0.0200301793403369,0.35253434587483357,high,0.0079479928746082
2018-06-28,4280.6695,4308.8084,4184.9975,4263.3923,5083394.0,3610842734.0,600519.SH,3423.5255,-0.0149660552678652,-0.0103307002958809,-0.0046353549719843,0.35579411609812767,high,0.0219002047367742
2018-06-29,4271.1023,4383.6576,4230.0196,4378.9303,3292927.0,2378884218.0,600519.SH,3510.9845,0.0271000161068919,0.0255464724886669,0.001553543618225,0.34886725524617995,high,0.0088734802893912
2018-07-02,4396.1513,4423.2208,4218.7641,4266.8815,3755811.0,2709882026.0,600519.SH,3407.9638,-0.0255881670461847,-0.0293423966981341,0.0037542296519493,0.35951073440948633,high,-0.0107057002689701
2018-07-03,4256.8078,4290.6869,4079.3643,4173.2917,8283710.0,5743330241.0,600519.SH,3409.2801,-0.0219340049635783,0.0003862423656024,-0.0223202473291808,0.3172614594320825,high,-0.0043210377552722
2018-07-04,4156.8587,4201.8808,4134.3476,4150.7244,3799075.0,2637494710.0,600519.SH,3363.7473,-0.0054075539459653,-0.0133555468205736,0.0079479928746082,0.3140153688472001,high,0.0092982599231669
2018-07-05,4201.8808,4293.0506,4201.8808,4215.3312,4712380.0,3333680083.0,600519.SH,3342.4379,0.0155651866454924,-0.0063350180912817,0.0219002047367742,0.3226194821900201,high,0.0018623451336847
2018-07-06,4241.2752,4319.6699,4197.7163,4281.3449,4415661.0,3140922350.0,600519.SH,3365.1227,0.0156603827476238,0.0067869024582325,0.0088734802893912,0.33028765100419905,high,0.008708869332576
2018-07-09,4314.605,4369.9259,4312.9166,4355.1811,4057266.0,2944655287.0,600519.SH,3459.1837,0.0172460293960432,0.0279517296650133,-0.0107057002689701,0.3382486909331468,high,0.0155888675983182
2018-07-10,4365.086,4379.1554,4276.8989,4346.8521,2901047.0,2096683487.0,600519.SH,3467.5155,-0.0019124348238928,0.0024086029313794,-0.0043210377552722,0.33824681068063644,high,-0.008747073610248
2018-07-11,4258.1585,4336.9472,4214.3744,4312.0725,2427845.0,1736875980.0,600519.SH,3407.5297,-0.0080011003825043,-0.0172993603056712,0.0092982599231669,0.31791976711218056,high,-0.0010897753952427
2018-07-12,4303.1806,4433.5759,4303.1806,4413.1471,4017004.0,2947129140.0,600519.SH,3481.0559,0.0234399120144663,0.0215775668807816,0.0018623451336847,0.3313444991289735,high,0.0053449879216
2018-07-13,4439.9353,4472.5763,4399.5279,4466.3295,2890704.0,2152944602.0,600519.SH,3492.6897,0.012050901271793,0.003342031939217,0.008708869332576,0.3350545126366942,high,-0.0186000235578003
2018-07-16,4496.213,4562.6769,4489.0657,4509.6071,3247487.0,2454501604.0,600519.SH,3472.0859,0.0096897463566001,-0.005899121241718,0.0155888675983182,0.33738848805834987,high,-0.020907564732039
2018-07-17,4522.6635,4522.6635,4404.5929,4440.6669,2780603.0,2064190615.0,600519.SH,3449.3773,-0.0152874071889765,-0.0065403335787285,-0.008747073610248,0.3041108896334096,high,0.001247689408991
2018-07-18,4440.6669,4481.5245,4398.8526,4412.5844,2452171.0,1818760392.0,600519.SH,3431.3227,-0.006323937514881,-0.0052341621196382,-0.0010897753952427,0.2799502372634745,mid,-0.0009036978355297
2018-07-19,4421.3637,4449.2211,4398.9652,4432.3378,1807850.0,1337080011.0,600519.SH,3428.343,0.004476605591952,-0.000868382329648,0.0053449879216,0.28034252680870003,mid,0.0012400404664814
2018-07-20,4435.4331,4444.6064,4359.4583,4433.3508,3054850.0,2249792135.0,600519.SH,3492.8938,0.0002285475624173,0.0188285711202176,-0.0186000235578003,0.2779366830118519,mid,0.008005460968442
2018-07-23,4404.4804,4433.4634,4314.4924,4382.3633,3596989.0,2621763717.0,600519.SH,3525.7503,-0.011500894537829,0.0094066701942099,-0.020907564732039,0.28021472385985974,mid,-0.0228977605573378
2018-07-24,4385.7962,4468.0741,4331.3194,4457.3814,4180860.0,3091209135.0,600519.SH,3581.7057,0.0171181836978235,0.0158704942888325,0.001247689408991,0.28467849543747503,mid,0.0087073142035691
2018-07-25,4466.1044,4482.5938,4427.0477,4448.4332,2174388.0,1618737612.0,600519.SH,3577.7522,-0.002007501534421,-0.0011038036988912,-0.0009036978355297,0.2427741366921059,mid,0.0051002897250401
2018-07-26,4477.0786,4477.0786,4394.5192,4402.3418,2306726.0,1707662628.0,600519.SH,3536.2456,-0.0103612660745361,-0.0116013065410175,0.0012400404664814,0.23915960132886005,mid,-0.0029091402687736
2018-07-27,4404.4804,4451.1908,4370.7138,4418.8875,2091360.0,1546655260.0,600519.SH,3521.2269,0.00375838604808,-0.0042470749203619,0.008005460968442,0.2198706645585099,mid,-0.0061786308077668
2018-07-30,4420.8009,4430.7058,4286.2973,4309.9902,4217166.0,3058614520.0,600519.SH,3515.0794,-0.0246436009063366,-0.0017458403489988,-0.0228977605573378,0.21840226626124884,mid,-0.0001583917031788
2018-07-31,4316.1245,4358.7829,4309.9902,4350.6789,2068346.0,1499353469.0,600519.SH,3517.6568,0.0094405551084546,0.0007332409048854,0.0087073142035691,0.203358385019885,mid,-0.0060310400247121
2018-08-01,4378.5927,4383.6576,4281.2886,4285.9596,2523788.0,1821933661.0,600519.SH,3447.3882,-0.0148756783682656,-0.0199759680933058,0.0051002897250401,0.2106778354795214,mid,0.0024105438281946
2018-08-02,4291.7562,4291.7562,4133.6723,4178.4693,5500143.0,3840134516.0,600519.SH,3370.9579,-0.0250796344417246,-0.022170494172951,-0.0029091402687736,0.22413971374053868,mid,-0.0033840301970389
2018-08-03,4173.742,4173.742,4067.94,4083.6414,4733699.0,3230239085.0,600519.SH,3315.2839,-0.0226944110849396,-0.0165157802771728,-0.0061786308077668,0.22910934710581826,mid,-0.0085684690171906
2018-08-06,4072.4422,4111.8365,3989.4326,4031.2469,4524812.0,3039091096.0,600519.SH,3273.2728,-0.0128303381388973,-0.0126719464357184,-0.0001583917031788,0.21982979176095893,mid,-0.006537618737522
2018-08-07,4045.9917,4133.3909,3988.1382,4124.6678,3908559.0,2645263310.0,600519.SH,3368.8695,0.0231741945649619,0.029205234589674,-0.0060310400247121,0.2397668035273913,mid,0.0063948929747957
2018-08-08,4128.8324,4139.9754,4043.5717,4068.0525,2968544.0,2016438669.0,600519.SH,3314.5075,-0.013726026614798,-0.0161365704429926,0.0024105438281946,0.24235253082402775,mid,0.0001509371427904
2018-08-09,4038.6756,4170.9281,4033.7231,4156.1833,3448575.0,2368461339.0,600519.SH,3397.5298,0.0216641255244369,0.0250481557214758,-0.0033840301970389,0.23987196254553841,mid,-0.0156094965763529
2018-08-10,4156.1833,4172.4476,4112.9621,4129.7328,2381767.0,1643993563.0,600519.SH,3405.0191,-0.0063641322075472,0.0022043368096433,-0.0085684690171906,0.23348390719158307,mid,-0.0051610235453765
2018-08-13,4106.2088,4106.2088,4014.3636,4084.9358,3457041.0,2329262063.0,600519.SH,3390.3441,-0.0108474330348926,-0.0043098142973706,-0.006537618737522,0.2290770340747914,mid,0.0029193999482675
2018-08-14,4084.9358,4114.6504,4052.8013,4090.0571,2169683.0,1474124248.0,600519.SH,3372.9137,0.0012537039137798,-0.0051411890610159,0.0063948929747957,0.22657691484930712,mid,0.0204358241954909
2018-08-15,4088.1999,4089.3255,3982.3979,3992.5279,3499709.0,2336994709.0,600519.SH,3291.976,-0.0238454372678562,-0.0239963744106467,0.0001509371427904,0.23723867912643432,mid,0.0003419564334392
2018-08-16,3931.748,4024.6062,3864.2148,3911.7132,5993985.0,3908421566.0,600519.SH,3276.7276,-0.0202414866030116,-0.0046319900266587,-0.0156094965763529,0.2405070011153503,mid,-0.000135403356839
2018-08-17,3962.7007,3962.7007,3807.9934,3835.2881,4657457.0,3001465861.0,600519.SH,3229.6198,-0.0195375008576804,-0.0143764773123039,-0.0051610235453765,0.24379959577163451,mid,-0.0154235574579818
2018-08-20,3821.7252,3895.4489,3733.9883,3891.1718,4885234.0,3081035729.0,600519.SH,3267.2498,0.0145709262362845,0.011651526288017,0.0029193999482675,0.2548811651249162,mid,0.0137628466016759
2018-08-21,3903.6092,4045.9917,3903.6092,4041.4332,5224902.0,3460897975.0,600519.SH,3326.6489,0.0386159768119207,0.0181801526164298,0.0204358241954909,0.28958408735907865,mid,-0.0067042960432975
2018-08-22,4038.6756,4051.0567,3993.6535,4020.104,2067551.0,1381418422.0,600519.SH,3307.9545,-0.0052776326972322,-0.0056195891306715,0.0003419564334392,0.28940909579289203,mid,0.010664336284765
2018-08-23,4042.615,4080.8838,4005.922,4034.2296,2735727.0,1836880236.0,600519.SH,3320.0257,0.0035137399430462,0.0036491432998853,-0.000135403356839,0.2901214720518034,mid,0.0030360579429268
2018-08-24,4027.42,4027.42,3956.8479,3978.4585,2609026.0,1725516320.0,600519.SH,3325.3347,-0.0138244734508913,0.0015990840070905,-0.0154235574579818,0.29043871504529684,mid,-0.0242225256415136
2018-08-27,3988.0257,4130.4082,3988.0257,4130.4082,4801692.0,3261483990.0,600519.SH,3406.5735,0.0381931092155416,0.0244302626138657,0.0137628466016759,0.3185784528741958,high,0.0137481244397119
2018-08-28,4162.4864,4166.8761,4081.1652,4094.9532,3248890.0,2222697903.0,600519.SH,3400.1705,-0.0085838973494193,-0.0018796013061217,-0.0067042960432975,0.31645915411431724,high,-0.0002787990721377
2018-08-29,4100.581,4139.3,4084.2605,4122.2479,2740403.0,1877474370.0,600519.SH,3386.5736,0.0066654485819277,-0.0039988877028372,0.010664336284765,0.3148239731745519,high,-0.0043548569351539
2018-08-30,4135.5294,4160.2353,4083.754,4091.5766,3378833.0,2312993223.0,600519.SH,3351.0942,-0.0074404307416835,-0.0104764886846103,0.0030360579429268,0.30351806486624594,high,-0.0088852911574687
2018-08-31,4068.2214,4072.4422,3957.073,3972.2117,5898093.0,3911486180.0,600519.SH,3334.5036,-0.0291733264873985,-0.0049508008458849,-0.0242225256415136,0.31048592140114667,high,0.0055676410123772
2018-09-03,3931.748,4019.9351,3924.9947,4011.7186,3017984.0,1992654934.0,600519.SH,3321.8248,0.0099458193529817,-0.0038023050867301,0.0137481244397119,0.30969721016871793,high,0.0056706568807385
2018-09-04,4015.039,4066.8144,3985.7746,4061.4118,2154048.0,1441658194.0,600519.SH,3363.8984,0.0123870103949961,0.0126658094671339,-0.0002787990721377,0.30121301877990647,high,0.0035486385903391
2018-09-05,4061.1866,4072.3859,3959.8869,3964.3328,2898342.0,1927600143.0,600519.SH,3298.1412,-0.0239027719375808,-0.0195479150024269,-0.0043548569351539,0.3091551499149047,high,-0.016218902696237
2018-09-06,3931.748,3972.6056,3864.2148,3886.7259,4237058.0,2744204071.0,600519.SH,3262.8808,-0.0195762827984573,-0.0106909916409886,-0.0088852911574687,0.3034652593489264,high,-0.0078611318159294
2018-09-07,3895.1675,3965.6835,3893.1415,3925.9514,2924006.0,1903829724.0,600519.SH,3277.6438,0.0100921703791871,0.0045245293668099,0.0055676410123772,0.3067744400249934,high,0.0143849028162859
2018-09-10,3932.8736,3941.9343,3868.1543,3891.2281,2120220.0,1369296442.0,600519.SH,3230.0681,-0.0088445567614515,-0.0145152136421901,0.0056706568807385,0.30612036281068444,high,0.0156843898117898
2018-09-11,3895.5615,3925.9514,3867.7603,3897.9814,1949687.0,1258466309.0,600519.SH,3224.2116,0.0017355189226764,-0.0018131196676627,0.0035486385903391,0.3061982820711457,high,0.0100402446424738
2018-09-12,3881.0981,3891.6221,3796.7379,3807.9372,4115737.0,2612360007.0,600519.SH,3202.0248,-0.023100212843499,-0.006881310147262,-0.016218902696237,0.3055110786157212,high,0.0074679465664717
2018-09-13,3852.9593,3875.4704,3751.6595,3819.0801,4771316.0,3004019091.0,600519.SH,3236.5662,0.0029262299808936,0.010787361796823,-0.0078611318159294,0.29833846368934486,high,-0.0032306187114338
2018-09-14,3830.3357,3919.2544,3799.6644,3880.5354,4090019.0,2617626839.0,600519.SH,3242.0902,0.0160916499237604,0.0017067471074745,0.0143849028162859,0.29582059860531207,mid,-0.000726524351402
2018-09-17,3892.3537,3937.1507,3870.1803,3896.9122,2911295.0,1884188491.0,600519.SH,3204.9224,0.0042202423923256,-0.0114641474194642,0.0156843898117898,0.2916593752746752,mid,0.0049915859826913
2018-09-18,3881.0981,4021.7923,3876.7085,4014.4762,3785868.0,2480477388.0,600519.SH,3269.4319,0.0301685011019749,0.0201282564595011,0.0100402446424738,0.2781429298872629,mid,0.0264542115389623
2018-09-19,4013.8009,4123.0921,4010.5367,4097.3169,4822184.0,3277470608.0,600519.SH,3312.4823,0.0206354941150228,0.013167547548551,0.0074679465664717,0.2869260957661135,mid,0.0027894330642757
2018-09-20,4118.5899,4128.1571,4074.4682,4081.1652,2751948.0,1878075359.0,600519.SH,3310.1258,-0.0039420187391412,-0.0007114000277074,-0.0032306187114338,0.2873167214134275,mid,-0.0025781688333872
2018-09-21,4100.581,4201.9371,4089.3818,4201.9371,4261720.0,2945196257.0,600519.SH,3410.4856,0.0295925046111831,0.0303190289625852,-0.000726524351402,0.2992253875942483,high,-0.0134340251662976
2018-09-25,4173.742,4234.353,4163.9497,4185.1101,3063991.0,2142679110.0,600519.SH,3379.8043,-0.0040045816011858,-0.0089961675838772,0.0049915859826913,0.2692056708080811,mid,0.0127482500440571
2018-09-26,4213.6991,4385.7962,4213.0801,4342.181,7228777.0,5200777033.0,600519.SH,3417.2413,0.0375308883749556,0.0110766768359933,0.0264542115389623,0.2963008443545272,mid,-0.0303121246716988
2018-09-27,4356.6444,4359.4583,4288.5484,4336.9472,4050853.0,2918965007.0,600519.SH,3403.5902,-0.0012053389759661,-0.0039947720402419,0.0027894330642757,0.2963619790610988,mid,0.0118533411976388
2018-09-28,4352.1422,4388.7226,4308.133,4370.7138,3508980.0,2551115844.0,600519.SH,3438.8649,0.0077857991907304,0.0103639680241176,-0.0025781688333872,0.2943690684029492,mid,0.0183493620419463
2018-10-08,4288.6047,4308.8084,4123.9362,4123.9362,8274502.0,5798721501.0,600519.SH,3290.8988,-0.0564616241859625,-0.0430275990196649,-0.0134340251662976,0.34592417946381465,high,0.0124242879715008
2018-10-09,4128.1571,4194.621,4122.5293,4173.742,4022283.0,2785526957.0,600519.SH,3288.6906,0.0120772479457853,-0.0006710020982717,0.0127482500440571,0.3466470301560127,high,0.008485473681503
2018-10-10,4186.4607,4190.6253,4031.3032,4038.2254,6309820.0,4288785948.0,600519.SH,3281.5978,-0.0324688492963868,-0.0021567246246879,-0.0303121246716988,0.36524935958688304,high,-0.0075594431319877
2018-10-11,3836.1323,4027.0824,3836.1323,3892.2974,9158196.0,5953169079.0,600519.SH,3124.1139,-0.0361366653778166,-0.0479900065754554,0.0118533411976388,0.37820536358225554,high,-0.0040824679293853
2018-10-12,3926.1203,4048.1302,3923.7566,4021.7923,5447256.0,3599837217.0,600519.SH,3170.7262,0.0332695286850384,0.014920166643092,0.0183493620419463,0.38947140064620567,high,0.004995532242803
2018-10-15,4030.1777,4044.022,3976.939,4015.6017,3560730.0,2372056680.0,600519.SH,3126.4516,-0.0015392639744225,-0.0139635519459233,0.0124242879715008,0.38845243074602304,high,-0.0110729939484661
2018-10-16,4010.4242,4086.6804,3988.082,4016.9524,2639360.0,1766613793.0,600519.SH,3100.9738,0.000336363041185,-0.008149110640318,0.008485473681503,0.3865984913118352,high,-0.0427479130103932
2018-10-17,4061.1866,4074.1305,3919.9297,4008.961,4307707.0,2846537063.0,600519.SH,3118.2463,-0.0019894186448413,0.0055700244871463,-0.0075594431319877,0.3868424212175879,high,-0.0084005991283828
2018-10-18,3976.7702,3976.7702,3892.1848,3897.6438,5215607.0,3394332712.0,600519.SH,3044.3918,-0.0277670947659505,-0.0236846268365651,-0.0040824679293853,0.3911397568737454,high,-0.0282310372972087
2018-10-19,3852.9593,4061.1866,3836.5262,4033.0478,7619938.0,4973381203.0,600519.SH,3134.9455,0.0347399626410191,0.0297444303982161,0.004995532242803,0.40863637436427047,high,-0.0068987603929036
2018-10-22,4061.1866,4213.2489,4061.1866,4162.4864,7310857.0,5036971569.0,600519.SH,3270.2732,0.0320944869535144,0.0431674809019806,-0.0110729939484661,0.41922306452454683,high,-0.0624148012991009
2018-10-23,4139.9754,4139.9754,3836.076,3874.0071,12311273.0,8076618589.0,600519.SH,3183.4257,-0.0693045627728657,-0.0265566497624725,-0.0427479130103932,0.49308615392762983,high,-0.0529627035205377
2018-10-24,3797.3007,3920.4925,3751.6595,3847.2753,7611282.0,4818473584.0,600519.SH,3188.2018,-0.0069002971109681,0.0015003020174146,-0.0084005991283828,0.48057323600349994,high,0.0296294708677238
2018-10-25,3751.6595,3765.7289,3687.3904,3746.0317,7556838.0,4657019123.0,600519.SH,3194.3084,-0.0263156629316336,0.001915374365575,-0.0282310372972087,0.4805517688508874,high,0.0163167865999442
2018-10-26,3746.0317,3779.7983,3684.0138,3695.9446,5532738.0,3388947805.0,600519.SH,3173.635,-0.0133707090626061,-0.0064719486697025,-0.0068987603929036,0.48169288215509504,high,0.0248937404167057
2018-10-29,3352.5946,3352.5946,3352.5946,3352.5946,4907600.0,2694714084.0,600519.SH,3076.8889,-0.0928991197541218,-0.0304843184550208,-0.0624148012991009,0.5570455530428539,high,-0.0289448992126197
2018-10-30,3132.6052,3318.3215,3127.09,3211.394,20439667.0,10663392394.0,600519.SH,3110.2605,-0.0421168130498093,0.0108458904707284,-0.0529627035205377,0.5673686869685317,high,-0.0097116375597651
2018-10-31,3228.2773,3385.8547,3200.1384,3351.5253,9688482.0,5239853122.0,600519.SH,3153.8234,0.0436356610244648,0.0140061901567409,0.0296294708677238,0.5748772533900842,high,0.0072021966414523
2018-11-01,3385.8547,3557.5016,3364.7506,3430.8768,9810672.0,5581027253.0,600519.SH,3177.0338,0.0236762348176218,0.0073594482176775,0.0163167865999442,0.5878424813186347,high,0.0092627607643305
2018-11-02,3554.6877,3639.1042,3482.8774,3638.5414,8915696.0,5227695093.0,600519.SH,3290.2455,0.0605281425436203,0.0356344021269146,0.0248937404167057,0.6378614319285043,high,0.0005915776515132
2018-11-05,3599.7098,3599.7098,3480.2323,3502.9122,7551708.0,4373994135.0,600519.SH,3262.8351,-0.0372757061387291,-0.0083308069261093,-0.0289448992126197,0.6221073058357438,high,-0.0283314859874757
2018-11-06,3492.7823,3493.6827,3402.7943,3447.7601,4556614.0,2572068930.0,600519.SH,3243.1504,-0.0157446424149598,-0.0060330048551947,-0.0097116375597651,0.618390062152355,high,0.0200091254229031
2018-11-07,3464.6434,3498.1286,3425.3053,3450.0112,3810778.0,2165679706.0,600519.SH,3221.9101,0.0006529166573974,-0.0065492799840549,0.0072021966414523,0.6127102619155014,high,-0.0141431249445111
2018-11-08,3492.7823,3509.6656,3459.0157,3472.1846,3376374.0,1933594956.0,600519.SH,3212.7737,0.0064270515991369,-0.0028357091651936,0.0092627607643305,0.6045501605210192,high,-0.0040338931832506
2018-11-09,3454.626,3464.6434,3425.2491,3425.2491,2433682.0,1374731688.0,600519.SH,3167.4442,-0.0135175704655795,-0.0141091481170928,0.0005915776515132,0.587856536774825,high,-0.0042246170082007
2018-11-12,3374.5992,3381.3525,3283.4294,3368.9714,6782422.0,3709848786.0,600519.SH,3205.1407,-0.0164302502845705,0.0119012357029051,-0.0283314859874757,0.5882864131749179,high,0.0035327621611771
2018-11-13,3335.8801,3470.2712,3318.3215,3470.2712,6642905.0,3695850099.0,600519.SH,3237.3823,0.0300684654075722,0.0100593399846691,0.0200091254229031,0.6032037762654053,high,0.0110751489634394
2018-11-14,3470.0461,3470.0461,3372.0667,3386.4175,4176683.0,2331999884.0,600519.SH,3204.9427,-0.0241634429032521,-0.0100203179587409,-0.0141431249445111,0.60608889950079,high,0.002584838459902
2018-11-15,3407.2402,3441.0068,3388.6686,3412.3052,3083340.0,1728199015.0,600519.SH,3242.3715,0.0076445683380739,0.0116784615213245,-0.0040338931832506,0.603567172253359,high,0.0034120625679923
2018-11-16,3419.6213,3447.7601,3402.9068,3413.9935,2893879.0,1625453517.0,600519.SH,3257.6735,0.0004947681702094,0.0047193851784101,-0.0042246170082007,0.5849158304471448,high,0.0096371204616236
2018-11-19,3415.6819,3481.5267,3408.9848,3464.756,3617925.0,2052509531.0,600519.SH,3294.6031,0.0148689503948966,0.0113361882337195,0.0035327621611771,0.5724586735607096,high,-0.0072266099892728
2018-11-20,3442.1324,3459.0157,3413.9935,3422.998,2694326.0,1514353125.0,600519.SH,3218.4076,-0.0120522195502367,-0.0231273685136761,0.0110751489634394,0.5259936150621494,high,-0.005423322050889
2018-11-21,3380.2269,3464.0807,3378.4261,3440.444,2710730.0,1527915052.0,600519.SH,3226.4918,0.0050967017801353,0.0025118633202332,0.002584838459902,0.5273343713723336,high,0.00167551165133
2018-11-22,3442.9765,3455.2451,3402.738,3439.3185,2121333.0,1193347565.0,600519.SH,3214.4273,-0.0003271380089314,-0.0037392005769237,0.0034120625679923,0.5214636682465712,high,0.0040391781825852
2018-11-23,3436.5046,3455.0762,3396.5475,3396.5475,2012621.0,1126652921.0,600519.SH,3143.4752,-0.0124358939132853,-0.022073014374909,0.0096371204616236,0.5212452001611575,high,0.0112330367745225
2018-11-26,3402.738,3415.1191,3368.9714,3369.5905,1912019.0,1063536979.0,600519.SH,3141.2434,-0.0079365885505797,-0.0007099785613069,-0.0072266099892728,0.40200088092331265,high,0.031366996567151
2018-11-27,3368.9714,3385.7984,3338.0187,3347.0231,2023382.0,1112920631.0,600519.SH,3137.2413,-0.0066973716835917,-0.0012740496327027,-0.005423322050889,0.37056714070026686,high,-0.0004828867112132
2018-11-28,3362.4995,3409.435,3332.3909,3397.1102,2773793.0,1535544366.0,600519.SH,3178.9326,0.0149646711431421,0.013289159491812,0.00167551165133,0.3409688780893544,high,0.0169351282071552
2018-11-29,3447.929,3469.1456,3352.1444,3366.7203,4506945.0,2524752310.0,600519.SH,3137.6542,-0.0089458092940287,-0.012984987476614,0.0040391781825852,0.3315909662387641,high,-0.0062381610930952
2018-11-30,3397.1102,3464.0244,3374.5992,3442.1324,4901046.0,2762808219.0,600519.SH,3172.69,0.0223992768273622,0.0111662400528396,0.0112330367745225,0.25749533723183665,mid,-0.0074843342855204
2018-12-03,3577.1988,3667.243,3553.3933,3645.8575,8341468.0,4964130146.0,600519.SH,3260.9502,0.059185724523554,0.027818727956403,0.031366996567151,0.30811316642171055,high,-0.0038518985334544
2018-12-04,3655.9312,3663.0785,3610.9654,3651.6541,3147388.0,1888148735.0,600519.SH,3267.7095,0.0015899140325699,0.0020728007437831,-0.0004828867112132,0.30079696449770965,high,0.0044462100184434
2018-12-05,3625.0348,3731.9623,3610.9654,3695.9446,4158819.0,2523641849.0,600519.SH,3252.0041,0.0121288870158866,-0.0048062411912686,0.0169351282071552,0.3023412357617812,high,0.0061295565980568
2018-12-06,3639.1042,3672.7582,3584.8525,3592.9565,3775807.0,2250440655.0,600519.SH,3181.673,-0.0278651633468748,-0.0216270022537795,-0.0062381610930952,0.3219815960208731,high,0.0045780275815052
2018-12-07,3614.342,3632.6885,3552.9994,3565.9432,2684167.0,1583970320.0,600519.SH,3181.5646,-0.00751840441152,-3.407012599965231e-05,-0.0074843342855204,0.31885980352417825,high,0.0031471312748645
2018-12-10,3504.0378,3568.7571,3493.7953,3510.9599,2464068.0,1427993218.0,600519.SH,3144.7631,-0.0154190061131653,-0.0115671075797109,-0.0038518985334544,0.31809529571823036,high,-0.0023258254679535
2018-12-11,3509.6656,3563.4107,3509.6656,3543.3759,1631660.0,949962155.0,600519.SH,3159.8158,0.0092328026873791,0.0047865926689356,0.0044462100184434,0.302128688065955,high,0.0110255235695065
2018-12-12,3576.0169,3578.3243,3542.3066,3577.1988,1992154.0,1168089518.0,600519.SH,3170.6092,0.0095453886221894,0.0034158320241326,0.0061295565980568,0.2879387392764663,mid,-0.0086861172991468
2018-12-13,3582.8265,3677.8232,3580.5754,3648.9528,4039941.0,2427823194.0,600519.SH,3219.6924,0.0200587118613591,0.0154806842798538,0.0045780275815052,0.29396201373964814,mid,0.0023850850048765
2018-12-14,3627.9049,3637.9786,3594.0821,3599.4847,2455448.0,1461585126.0,600519.SH,3165.9109,-0.0135567936093884,-0.0167039248842529,0.0031471312748645,0.3000475140995348,high,0.0009807895592296
2018-12-17,3597.2899,3616.4243,3554.744,3585.753,2489585.0,1466942952.0,600519.SH,3161.1966,-0.0038149071726849,-0.0014890817047313,-0.0023258254679535,0.29741100847751195,high,-0.0019450120426536
2018-12-18,3559.6401,3591.4933,3554.6877,3588.1166,1922218.0,1130221286.0,600519.SH,3128.4265,0.0006591641978686,-0.0103663593716379,0.0110255235695065,0.2929008403438535,mid,0.0032888940359032
2018-12-19,3577.1988,3588.398,3504.2066,3514.1678,2571596.0,1501321336.0,600519.SH,3091.1255,-0.0206093636979354,-0.0119232463987886,-0.0086861172991468,0.30390472419833414,high,-0.0042697741419012
2018-12-20,3505.2759,3534.9905,3464.0244,3495.5961,2694098.0,1549600760.0,600519.SH,3067.4169,-0.0052848074016271,-0.0076698924065037,0.0023850850048765,0.30475038645413643,high,0.0086525213732485
2018-12-21,3475.899,3489.687,3426.4309,3455.6953,3064043.0,1736537277.0,600519.SH,3029.3951,-0.0114145910621654,-0.0123953806213951,0.0009807895592296,0.3041749106500354,high,0.0375680038415937
2018-12-24,3433.6907,3475.3925,3402.738,3459.0157,1910986.0,1080787424.0,600519.SH,3038.1981,0.0009608486025953,0.002905860645249,-0.0019450120426536,0.30232827621884517,high,0.0277471194498307
2018-12-25,3426.4872,3456.2018,3378.0321,3446.5783,2659286.0,1490157587.0,600519.SH,3017.2815,-0.003595647166331,-0.0068845412022343,0.0032888940359032,0.30141466206186396,high,-0.0123288098257174
2018-12-26,3435.4353,3461.2668,3402.738,3414.4438,1786620.0,1005617678.0,600519.SH,3002.0327,-0.009323594940524,-0.0050538207986228,-0.0042697741419012,0.299492572504788,high,-0.0051089650837188
2018-12-27,3470.2712,3480.6826,3426.4872,3430.8768,2949357.0,1670211285.0,600519.SH,2990.5057,0.0048127897140963,-0.0038397316591521,0.0086525213732485,0.29776256723863137,high,-0.0006898386452198
2018-12-28,3432.5652,3618.8442,3413.9935,3582.8828,6367837.0,3705150490.0,600519.SH,3010.6536,0.0443052924546867,0.0067372886130929,0.0375680038415937,0.3272318552037271,high,0.0010873162834932
2019-01-02,3695.2693,3706.6374,3611.0216,3633.3639,6228649.0,3754387984.0,600519.SH,2969.5353,0.0140895203158752,-0.0136575991339554,0.0277471194498307,0.2540494744676195,mid,0.007295758049445
2019-01-03,3638.9354,3648.4463,3559.1899,3582.8265,3097735.0,1838179174.0,600519.SH,2964.8421,-0.0139092591303612,-0.0015804493046437,-0.0123288098257174,0.25863747823036803,mid,0.0058791114675177
2019-01-04,3567.519,3682.2691,3537.9169,3650.3597,3768347.0,2258501484.0,600519.SH,3035.8741,0.0188491404761017,0.0239581055598205,-0.0051089650837188,0.26414343000200485,mid,0.0185239508682757
2019-01-07,3684.1263,3706.6374,3651.5978,3670.0006,3475013.0,2105981461.0,600519.SH,3054.303,0.0053805382521618,0.0060703768973817,-0.0006898386452198,0.24404174122808428,mid,-0.0078047988095139
2019-01-08,3670.0569,3706.6374,3640.68,3666.0612,2883813.0,1750413219.0,600519.SH,3047.7035,-0.0010734058190616,-0.0021607221025549,0.0010873162834932,0.24206188045903854,mid,0.0330837061264686
2019-01-09,3695.3256,3786.3265,3689.9792,3729.8238,4989227.0,3084214779.0,600519.SH,3078.4759,0.0173926720044934,0.0100969139550484,0.007295758049445,0.2396622866097344,mid,0.001373610877059
2019-01-10,3735.5078,3779.123,3696.7888,3744.7374,2904390.0,1797683134.0,600519.SH,3072.6864,0.0039984730645989,-0.0018806384029187,0.0058791114675177,0.23861390512995106,mid,0.0028947456865091
2019-01-11,3779.7983,3847.3315,3744.6248,3841.0284,3888421.0,2445929483.0,600519.SH,3094.7782,0.0257136855577644,0.0071897346894886,0.0185239508682757,0.25118097375999543,mid,0.0162683692291178
2019-01-14,3824.8205,3841.0847,3760.3825,3777.5472,2564890.0,1606308126.0,600519.SH,3067.7845,-0.0165271363263026,-0.0087223375167887,-0.0078047988095139,0.25310830634373144,mid,-0.0008969466847346
2019-01-15,3795.8937,3985.2118,3779.7983,3976.6576,5576485.0,3613919068.0,600519.SH,3127.9904,0.0527089112215461,0.0196252050950775,0.0330837061264686,0.3038186450563592,high,-0.0084981654614364
2019-01-16,3965.5146,4008.567,3940.7524,3982.9607,4208364.0,2775103930.0,600519.SH,3128.6517,0.0015850245693771,0.0002114136923181,0.001373610877059,0.30230243137558166,high,-0.0067209010694382
2019-01-17,3993.6535,4031.3595,3953.1335,3972.5493,3028476.0,2004454115.0,600519.SH,3111.4168,-0.0026139851191602,-0.0055087308056693,0.0028947456865091,0.3032103056336786,high,0.0039586471123442
2019-01-18,4004.909,4146.7287,3985.2118,4109.6417,6860918.0,4647515824.0,600519.SH,3168.1739,0.0345099304368607,0.0182415612077428,0.0162683692291178,0.30393287064193847,high,0.001879822617997
2019-01-21,4145.6031,4195.5777,4099.9057,4128.6073,4705193.0,3242615722.0,600519.SH,3185.6364,0.0046149035328308,0.0055118502175655,-0.0008969466847346,0.30018994769133517,high,-0.0035000088141046
2019-01-22,4123.0921,4123.0921,4006.1471,4038.6756,4212221.0,2834735031.0,600519.SH,3143.3171,-0.0217825754462042,-0.0132844099847677,-0.0084981654614364,0.3113708786296563,high,0.0078540473670878
2019-01-23,4017.4026,4058.3728,3994.3851,4008.6233,3362481.0,2247371221.0,600519.SH,3141.0532,-0.0074411274824846,-0.0007202264130463,-0.0067209010694382,0.3152954324267159,high,-0.0043215424979332
2019-01-24,4034.7361,4077.1132,4003.1081,4047.1172,2915527.0,1960227058.0,600519.SH,3158.7817,0.0096027731016781,0.0056441259893338,0.0039586471123442,0.31255688281970695,high,0.008357554138958
2019-01-25,4066.1391,4116.9015,4032.6539,4087.6371,2898635.0,1966232090.0,600519.SH,3184.4696,0.0100120401751646,0.0081322175571676,0.001879822617997,0.3056006039092805,high,-0.0101240704962306
2019-01-28,4111.8365,4168.0016,4066.9832,4072.4422,3610287.0,2476277972.0,600519.SH,3183.7777,-0.0037172820454144,-0.0002172732313098,-0.0035000088141046,0.308713157814209,high,0.0259444961347548
2019-01-29,4075.2561,4134.3476,4021.7923,4117.4643,3034259.0,2069407513.0,600519.SH,3193.9698,0.0110553073043,0.0032012599372122,0.0078540473670878,0.2791145331438284,mid,-0.0167773975456324
2019-01-30,4117.408,4124.3302,4066.8144,4066.8144,2269996.0,1545353573.0,600519.SH,3168.4829,-0.0123012359815722,-0.007979693483639,-0.0043215424979332,0.28601249256019756,mid,0.0026411150850256
2019-01-31,4089.3255,4143.352,4075.5937,4143.352,3669657.0,2515374970.0,600519.SH,3201.6331,0.0188200376196168,0.0104624834806588,0.008357554138958,0.27961853560707645,mid,0.0009377593567634
2019-02-01,4185.2226,4196.253,4143.4083,4160.6293,3052062.0,2121326140.0,600519.SH,3247.3971,0.0041698846730859,0.0142939551693166,-0.0101240704962306,0.2765117630570053,mid,0.0028508102119667
2019-02-11,4173.742,4367.8999,4135.3606,4344.2633,5814075.0,4143849806.0,600519.SH,3306.4725,0.0441361118136625,0.0181916156789077,0.0259444961347548,0.3066299079017228,high,-0.0123303618591879
2019-02-12,4331.3194,4345.3326,4287.4228,4302.7304,3509143.0,2521840124.0,600519.SH,3330.3353,-0.009560401184707,0.0072169963609254,-0.0167773975456324,0.3116359138506609,high,-0.00996520192228
2019-02-13,4331.3194,4405.3808,4298.7909,4400.2596,3567706.0,2589623528.0,600519.SH,3397.0276,0.0226668164010461,0.0200257013160205,0.0026411150850256,0.3142465429736232,high,-0.0148500703604245
2019-02-14,4377.4671,4447.5891,4371.5017,4411.0086,3225813.0,2375987077.0,600519.SH,3402.1403,0.0024428104196396,0.0015050510628762,0.0009377593567634,0.31458928943720954,high,0.0003946953183145
2019-02-15,4398.1773,4398.1773,4331.432,4341.3368,2323798.0,1691515518.0,600519.SH,3338.7047,-0.0157949816738058,-0.0186457918857726,0.0028508102119667,0.3187748793665451,high,-0.0149750694161783
2019-02-18,4376.3415,4454.8489,4376.3415,4426.9914,3774589.0,2787522993.0,600519.SH,3445.7448,0.0197300057438529,0.0320603676030408,-0.0123303618591879,0.31015890492876824,high,-0.0383543977176745
2019-02-19,4432.3941,4441.0609,4351.917,4374.9909,2950150.0,2164408781.0,600519.SH,3439.6078,-0.0117462392179031,-0.0017810372956231,-0.00996520192228,0.26897296965786055,mid,-0.0069773197623234
2019-02-20,4398.8526,4398.8526,4292.2627,4325.6917,3788237.0,2742919644.0,600519.SH,3451.9273,-0.0112684120097253,0.0035816583506991,-0.0148500703604245,0.27489085375731265,mid,0.0189585824029909
2019-02-21,4314.4361,4373.4151,4297.5528,4315.8431,2985040.0,2163554333.0,600519.SH,3442.7056,-0.0022767688228914,-0.002671464141206,0.0003946953183145,0.274781324342285,mid,0.0206279029475675
2019-02-22,4297.5528,4362.2159,4281.2323,4348.259,2590877.0,1867253930.0,600519.SH,3520.1182,0.0075109078919017,0.0224859773080801,-0.0149750694161783,0.2510956516401407,mid,0.0208787502017915
2019-02-25,4374.9346,4451.9787,4303.1243,4440.1041,8262259.0,6034261367.0,600519.SH,3729.4831,0.0211222698555904,0.0594766675732649,-0.0383543977176745,0.25925712532300715,mid,-0.0207383850959811
2019-02-26,4470.888,4478.6543,4348.2027,4355.8002,5796466.0,4265279124.0,600519.SH,3684.6935,-0.0189869196985719,-0.0120095999362485,-0.0069773197623234,0.25576917288397083,mid,-0.0082851069673729
2019-02-27,4387.5971,4528.4038,4376.3415,4430.9309,6594227.0,4908445127.0,600519.SH,3678.3921,0.0172484265922023,-0.0017101558107885,0.0189585824029909,0.25625219784037745,mid,-0.0226602817604639
2019-02-28,4415.1731,4558.7937,4409.8268,4511.4642,5698625.0,4289145218.0,600519.SH,3669.3703,0.0181752552268419,-0.0024526477207256,0.0206279029475675,0.26001001597071927,mid,-0.0136169656110064
2019-03-01,4547.9884,4708.3798,4545.1745,4704.4403,6384023.0,4952509171.0,600519.SH,3749.7143,0.0427746051935866,0.0218958549917951,0.0208787502017915,0.2915281753401044,mid,0.0257574293592274
2019-03-04,4736.5186,4755.259,4636.4569,4662.5697,8458596.0,6661386571.0,600519.SH,3794.104,-0.0089002298530603,0.0118381552429207,-0.0207383850959811,0.2946684298393352,mid,0.0070443101194255
2019-03-05,4680.2409,4705.8473,4628.9157,4650.864,4483056.0,3501155936.0,600519.SH,3816.0132,-0.002510568367482,0.0057745385998908,-0.0082851069673729,0.2960934034703287,mid,-0.0236128179021529
2019-03-06,4623.9633,4649.2882,4572.638,4584.5689,4673137.0,3602140487.0,600519.SH,3848.0903,-0.0142543622002275,0.0084059195602363,-0.0226602817604639,0.2977946668146142,high,0.019653017990883
2019-03-07,4552.0404,4552.0404,4458.2818,4475.3902,6018053.0,4526351877.0,600519.SH,3808.8497,-0.0238143874334619,-0.0101974218224555,-0.0136169656110064,0.3119035197987901,high,0.0368793019087191
2019-03-08,4415.1731,4465.4291,4391.2551,4412.922,5227525.0,3868415483.0,600519.SH,3657.579,-0.0139581572127499,-0.0397155865719773,0.0257574293592274,0.3183764578435979,high,-0.0134267794683191
2019-03-11,4427.2166,4578.6597,4427.2166,4531.3302,5305724.0,4001728730.0,600519.SH,3729.9546,0.026832153389523,0.0197878432700975,0.0070443101194255,0.29379795574832823,mid,0.0112941549436063
2019-03-12,4561.0448,4561.1011,4421.3637,4455.1866,5251001.0,3946382127.0,600519.SH,3755.3519,-0.0168038074117838,0.006809010490369,-0.0236128179021529,0.2987502830101021,high,-0.0157858546037973
2019-03-13,4457.9442,4543.7676,4457.9442,4505.7802,4056136.0,3058080906.0,600519.SH,3724.1941,0.0113561124465584,-0.0082969055443246,0.019653017990883,0.29092233778804255,mid,-0.0001588677497208
2019-03-14,4522.6635,4680.2409,4505.7802,4640.8466,6217256.0,4808607656.0,600519.SH,3698.4858,0.0299762513937096,-0.0069030505150095,0.0368793019087191,0.30820505647026697,high,-0.0087769980699665
2019-03-15,4629.591,4694.3103,4566.8414,4636.9071,5240071.0,4084798328.0,600519.SH,3745.005,-0.0008488752892628,0.0125779041790563,-0.0134267794683191,0.3007727643564217,high,0.0107166383483081
2019-03-18,4645.3488,4846.4289,4635.2188,4821.4416,8131880.0,6499566987.0,600519.SH,3851.7479,0.039796893925263,0.0285027389816567,0.0112941549436063,0.32279153077059297,high,0.0018417530796439
2019-03-19,4781.5407,4809.2293,4721.3236,4723.0682,4063493.0,3244967390.0,600519.SH,3833.9626,-0.0204033167175561,-0.0046174621137587,-0.0157858546037973,0.3299437220096207,high,0.0081625882101152
2019-03-20,4708.3798,4777.6013,4680.2409,4724.1375,3111752.0,2470811128.0,600519.SH,3835.4397,0.0002263994409397,0.0003852671906605,-0.0001588677497208,0.32536201990295227,high,0.0073044269094297
2019-03-21,4697.1242,4724.1375,4660.5437,4684.4617,3257328.0,2558222913.0,600519.SH,3836.8913,-0.0083985277735882,0.0003784702963782,-0.0087769980699665,0.32779791002916875,high,0.025917712235208
2019-03-22,4698.3623,4764.5449,4680.2409,4730.8908,3051750.0,2420497823.0,600519.SH,3833.8013,0.0099112988798693,-0.0008053394684388,0.0107166383483081,0.32821955029940986,high,0.0166862665730178
2019-03-25,4685.8687,4697.1242,4614.3961,4627.3399,3727046.0,2903744159.0,600519.SH,3742.8252,-0.0218882456555539,-0.0237299987351978,0.0018417530796439,0.3346477096674254,high,-0.02067113963841
2019-03-26,4652.1021,4685.531,4562.6206,4612.7077,3759569.0,2914112997.0,600519.SH,3700.4388,-0.0031621191259366,-0.0113247073360519,0.0081625882101152,0.32591197047922665,high,-0.0092727571547116
2019-03-27,4657.7299,4730.2155,4623.9633,4699.9381,4280739.0,3366132247.0,600519.SH,3743.3878,0.0189108882836863,0.0116064613742565,0.0073044269094297,0.3269232172624564,high,-0.0189438584356426
2019-03-28,4727.683,4846.1475,4684.0678,4802.9262,5756676.0,4615969704.0,600519.SH,3728.3953,0.0219126502963942,-0.0040050619388137,0.025917712235208,0.3294606142957062,high,0.0130410126126878
2019-03-29,4961.6292,5139.9169,4934.4471,5068.5005,9093396.0,7702154797.0,600519.SH,3872.3412,0.0552942703970757,0.0386080038240579,0.0166862665730178,0.3515910329902718,high,0.0398434156932812
2019-04-01,5102.3234,5152.6919,5051.6735,5096.6956,6093461.0,5228521999.0,600519.SH,3973.928,0.005562808960954,0.0262339485993641,-0.02067113963841,0.3483053956267276,high,0.0005833409597786
2019-04-02,5102.2671,5102.2671,4967.5947,5046.0457,5322705.0,4496538849.0,600519.SH,3971.2852,-0.0099377918508611,-0.0006650346961495,-0.0092727571547116,0.35132567088578354,high,0.0426188995360834
2019-04-03,4990.4434,5055.838,4957.1833,5015.093,4305680.0,3629854319.0,600519.SH,4022.1566,-0.0061340506686254,0.0128098077670171,-0.0189438584356426,0.34678606985680127,high,-0.001309538229252
2019-04-04,4989.7681,5134.9644,4968.3825,5130.4622,5577236.0,4763897857.0,600519.SH,4062.2309,0.0230043989214159,0.009963386308728,0.0130410126126878,0.3353209843887739,high,-0.0092829814064511
2019-04-08,5327.434,5372.4562,5271.8317,5328.5596,6625193.0,5944780639.0,600519.SH,4057.2286,0.0386119987396067,-0.0012314169536744,0.0398434156932812,0.34343659419430445,high,-0.0040044209242028
2019-04-09,5344.3173,5373.5817,5285.2821,5355.5729,4798980.0,4308645696.0,600519.SH,4075.4301,0.0050695313607829,0.0044861904010042,0.0005833409597786,0.3376698118161682,high,0.0067637243454525
2019-04-10,5344.3173,5619.5151,5327.434,5597.5105,6781438.0,6331858748.0,600519.SH,4085.847,0.0451749242363967,0.0025560247003133,0.0426188995360834,0.3473497365324246,high,0.0119101097365137
2019-04-11,5597.5668,5608.8223,5358.6681,5469.2537,6110254.0,5643817564.0,600519.SH,3997.5778,-0.0229131861387308,-0.0216036479094787,-0.001309538229252,0.3684607289221309,high,-0.0027986899426118
2019-04-12,5378.0839,5439.9331,5327.4903,5406.2228,4861217.0,4419349981.0,600519.SH,3988.6168,-0.0115245888118155,-0.0022416074053643,-0.0092829814064511,0.3680496224376504,high,-0.0048023999759292
2019-04-15,5501.8948,5546.9169,5366.8284,5366.8284,4552264.0,4205548308.0,600519.SH,3975.5244,-0.0072868620952875,-0.0032824411710846,-0.0040044209242028,0.37078178176311927,high,0.019691387135494
2019-04-16,5355.0101,5551.9819,5334.2999,5551.9819,4642344.0,4297385218.0,600519.SH,4085.7891,0.0344996124713059,0.0277358881258533,0.0067637243454525,0.36511267478962794,high,0.0274986245256076
2019-04-17,5541.2891,5639.8313,5468.1282,5620.0779,4076102.0,3848216557.0,600519.SH,4087.2398,0.0122651696685107,0.000355059931997,0.0119101097365137,0.35032043166524784,high,-0.007603156830804
2019-04-18,5582.9909,5635.1603,5531.2717,5583.4974,1959852.0,1853076080.0,600519.SH,4072.0753,-0.0065088955439568,-0.0037102056013449,-0.0027986899426118,0.3533501782980351,high,0.0045618562527134
2019-04-19,5574.8306,5670.4464,5503.6394,5623.2294,3237978.0,3064971032.0,600519.SH,4120.6078,0.007115970001168,0.0119183699770972,-0.0048023999759292,0.3476837857289685,high,0.0059518439597433
2019-04-22,5662.2861,5771.4085,5555.9776,5604.3201,4062796.0,3897168684.0,600519.SH,4025.6109,-0.0033627118253436,-0.0230540989608376,0.019691387135494,0.3506047659234083,high,0.0243540602803511
2019-04-23,5614.4501,5784.5212,5604.3201,5749.2351,4885205.0,4725480295.0,600519.SH,4019.0053,0.0258577307174157,-0.0016408938081919,0.0274986245256076,0.33594985876213607,high,-0.0013086253431593
2019-04-24,5776.98,5833.933,5615.6882,5721.3777,4522700.0,4383873128.0,600519.SH,4030.0887,-0.0048454097832945,0.0027577470475095,-0.007603156830804,0.33695079521163396,high,-0.0082092468985166
2019-04-25,5714.5681,5743.8324,5615.6882,5622.1601,3980134.0,3822767525.0,600519.SH,3941.816,-0.0173415574364195,-0.0219034136891329,0.0045618562527134,0.3500352214102238,high,-0.0265798842945462
2019-04-26,5587.9996,5664.4247,5580.6835,5580.6835,4327768.0,4119727292.0,600519.SH,3889.2748,-0.0073773423848246,-0.013329186344568,0.0059518439597433,0.35139300777966087,high,0.0083226037755997
2019-04-29,5580.6835,5828.3052,5524.4058,5732.4644,5257230.0,5086408528.0,600519.SH,3900.3339,0.0271975466804379,0.0028434864000868,0.0243540602803511,0.3130451938950391,high,-0.0090103065335731
2019-04-30,5710.1221,5805.569,5682.6023,5743.8887,3594318.0,3503937512.0,600519.SH,3913.211,0.0019929125072282,0.0033015378503875,-0.0013086253431593,0.31342146793855236,high,0.017032247112374
2019-05-06,5470.9421,5524.4058,5288.0397,5361.2006,13509968.0,12299395806.0,600519.SH,3684.6168,-0.0666252638217033,-0.0584160169231866,-0.0082092468985166,0.40367810230658235,high,0.0006933275511287
2019-05-07,5289.6154,5405.8851,5159.8392,5271.1564,10083726.0,9045117765.0,600519.SH,3720.6684,-0.0167955289716262,0.0097843553229199,-0.0265798842945462,0.4087402091750796,high,0.0006409828781451
2019-05-08,5102.3234,5337.564,5102.3234,5239.6409,8188298.0,7217709507.0,600519.SH,3667.4574,-0.0059788588325703,-0.0143014626081701,0.0083226037755997,0.4026504850531206,high,0.0208441383223421
2019-05-09,5186.7399,5214.1471,5003.8375,5095.6263,9154515.0,7863312116.0,600519.SH,3599.7001,-0.0274855858919645,-0.0184752793583914,-0.0090103065335731,0.38969573841664734,high,-0.001537835350053
2019-05-10,5190.4542,5388.1013,5148.4148,5367.5037,7990738.0,7121198718.0,600519.SH,3730.4513,0.0533550507814908,0.0363228036691167,0.017032247112374,0.4361447728809574,high,0.0017529706744775
2019-05-13,5321.0184,5389.2269,5237.3898,5282.4119,4663718.0,4179329433.0,600519.SH,3668.7255,-0.0158531423089657,-0.0165464698600944,0.0006933275511287,0.4059316728706557,high,-0.0144090371400223
2019-05-14,5243.0175,5361.2006,5175.4843,5251.8531,5998312.0,5349455647.0,600519.SH,3645.1503,-0.005785008927456,-0.0064259918056012,0.0006409828781451,0.3990476783136405,high,-0.0027624595298716
2019-05-15,5272.507,5513.1503,5272.507,5479.3837,6312425.0,5778791845.0,600519.SH,3727.0923,0.0433238698165414,0.0224797314941993,0.0208441383223421,0.42765131604160783,high,-0.0026895086830557
2019-05-16,5434.3616,5507.5225,5355.5729,5495.7605,4454012.0,4108281950.0,600519.SH,3743.9635,0.0029888032845737,0.0045266386346267,-0.001537835350053,0.42655872734120714,high,-0.0109633559182523
2019-05-17,5479.4963,5509.2109,5327.9968,5365.6466,4984161.0,4551116799.0,600519.SH,3648.7609,-0.0236753220960047,-0.0254282927704823,0.0017529706744775,0.41679742426840144,high,0.0165048608948428
2019-05-20,5327.434,5327.434,5164.2288,5242.7924,4440799.0,3931645928.0,600519.SH,3617.7924,-0.0228964389864959,-0.0084874018464735,-0.0144090371400223,0.42020698948398044,high,-0.0115030252394967
2019-05-21,5243.0175,5383.7117,5169.9691,5299.2952,4238565.0,3791406204.0,600519.SH,3666.7762,0.0107772339030627,0.0135396934329343,-0.0027624595298716,0.4228378503031346,high,8.284242368095107e-05
2019-05-22,5299.1826,5349.9451,5214.8787,5259.9008,3204158.0,2853872828.0,600519.SH,3649.3796,-0.0074338942280474,-0.0047443855449916,-0.0026895086830557,0.42170658288100804,high,0.0278564248016123
2019-05-23,5220.5065,5237.2772,5081.0504,5107.9511,5805863.0,5062812286.0,600519.SH,3583.9646,-0.028888320479352,-0.0179249645610997,-0.0109633559182523,0.43161661709645605,high,-0.0006932869660859
2019-05-24,5130.4622,5243.0175,5127.3107,5206.4371,4403409.0,3858962204.0,600519.SH,3593.9139,0.0192809206807011,0.0027760597858583,0.0165048608948428,0.4261233364333862,high,-0.0129433384153596
2019-05-27,5209.8137,5231.7057,5102.6048,5209.2509,3916191.0,3417213669.0,600519.SH,3637.1971,0.0005404463639826,0.0120434716034794,-0.0115030252394967,0.4265114271146001,high,0.0015227575089873
2019-05-28,5203.5669,5369.586,5186.8524,5259.9008,7477277.0,6670856081.0,600519.SH,3672.2605,0.0097230678599105,0.0096402254362295,8.284242368095107e-05,0.4263835766584256,high,-0.0085555871768649
2019-05-29,5259.9571,5467.8468,5259.9571,5394.4607,6564696.0,5963755397.0,600519.SH,3663.909,0.0255822125010416,-0.0022742123005706,0.0278564248016123,0.4377748432190873,high,-0.0036349129657043
2019-05-30,5383.7117,5439.9331,5278.0222,5357.2612,4024720.0,3634187681.0,600519.SH,3641.1833,-0.0068958700542576,-0.0062025830881716,-0.0006932869660859,0.4248417666069097,high,-0.0012984823050083
2019-05-31,5330.4167,5366.7721,5271.1564,5271.1564,3579380.0,3211384923.0,600519.SH,3629.7893,-0.0160725409468555,-0.0031292025314958,-0.0129433384153596,0.42683963906044053,high,-0.0030742812708504
2019-06-03,5282.4119,5335.0315,5250.2211,5282.4119,3447924.0,3076922330.0,600519.SH,3632.0127,0.0021352999505004,0.000612542441513,0.0015227575089873,0.3569743254421002,high,0.0133213540646088
2019-06-04,5299.2952,5301.7151,5164.2288,5188.4282,3968948.0,3481384251.0,600519.SH,3598.4666,-0.0177918158937965,-0.0092362287169315,-0.0085555871768649,0.35759440728971564,high,0.0032009348195087
2019-06-05,5237.3898,5250.1085,5158.601,5167.6055,3406736.0,2988114670.0,600519.SH,3597.105,-0.0040132963582305,-0.0003783833925261,-0.0036349129657043,0.35726672599805703,high,0.005006438340775
2019-06-06,5190.2291,5191.0733,5091.0678,5114.3105,3478685.0,3009567792.0,600519.SH,3564.6778,-0.0103132872662202,-0.0090148049612118,-0.0012984823050083,0.34502439038459076,high,0.0114155468216586
2019-06-10,5090.9553,5208.9695,4989.7681,5164.679,5550246.0,4790052574.0,600519.SH,3610.7435,0.0098485416558107,0.0129228229266611,-0.0030742812708504,0.28597673691052306,mid,-0.001443819072188
2019-06-11,5192.3676,5415.2835,5186.7399,5388.7204,8010644.0,7209086880.0,600519.SH,3719.2759,0.0433795401417977,0.0300581860771889,0.0133213540646088,0.32227876462465166,high,0.002134883062439
2019-06-12,5362.4387,5389.2832,5293.6674,5365.1401,3774740.0,3420899273.0,600519.SH,3691.0957,-0.0043758625888254,-0.0075767974083342,0.0032009348195087,0.3219128350396869,high,0.0024017897304655
2019-06-13,5383.7117,5396.6556,5310.5507,5383.7117,3291742.0,2984741685.0,600519.SH,3685.3933,0.003461531228234,-0.001544907112541,0.005006438340775,0.281375555810252,mid,0.0136315656305896
2019-06-14,5389.3395,5509.2109,5383.8242,5400.595,4245504.0,3905679105.0,600519.SH,3654.8799,0.0031359963052999,-0.0082795505163587,0.0114155468216586,0.2814018550845755,mid,-0.0001432190714416
2019-06-17,5366.8284,5479.046,5361.3132,5392.7161,3276903.0,3001512189.0,600519.SH,3654.8248,-0.0014588948069611,-1.5075734773106753e-05,-0.001443819072188,0.2681056854820477,mid,0.0086466255036821
2019-06-18,5423.1061,5439.9893,5342.0662,5423.1061,2944138.0,2687679912.0,600519.SH,3667.6185,0.0056353791737711,0.003500496111332,0.002134883062439,0.25400103456835116,mid,0.0064162528081562
2019-06-19,5552.5447,5590.2507,5507.5788,5507.5788,5372640.0,5051192622.0,600519.SH,3715.9381,0.0155764424376649,0.0131746527071994,0.0024017897304655,0.2568033323509172,mid,-0.0011943807024483
2019-06-20,5510.3364,5752.3304,5508.6481,5749.5165,6727197.0,6468666073.0,600519.SH,3828.5183,0.0439281413458849,0.0302965757152953,0.0136315656305896,0.2937046374745224,mid,0.0053942171170668
2019-06-21,5721.2088,5802.924,5690.4249,5756.8326,4592675.0,4482726902.0,600519.SH,3833.9383,0.0012724722157071,0.0014156912871488,-0.0001432190714416,0.26629890000469686,mid,0.0045056577614297
2019-06-24,5768.0881,5888.466,5749.5165,5817.6125,4577920.0,4532526991.0,600519.SH,3841.2659,0.0105578717018799,0.0019112461981978,0.0086466255036821,0.26235588864654824,mid,0.0169790834783964
2019-06-25,5845.1885,5884.5829,5704.4944,5794.4261,5129595.0,5035624420.0,600519.SH,3801.3098,-0.0039855524925389,-0.0104018053006952,0.0064162528081562,0.26402139496939797,mid,-0.0066210287326572
2019-06-26,5805.7941,5805.7941,5728.2435,5776.8674,2958818.0,2896585581.0,600519.SH,3794.331,-0.0030302742147318,-0.0018358935122835,-0.0011943807024483,0.2651728766002046,mid,-0.0230737855120601
2019-06-27,5805.7941,5895.8384,5783.9584,5869.6693,4797845.0,4772724089.0,600519.SH,3834.8172,0.0160643985008206,0.0106701813837537,0.0053942171170668,0.2573293741892591,mid,-0.0011388769519126
2019-06-28,5893.1877,5909.452,5810.6847,5881.9885,3108840.0,3050739277.0,600519.SH,3825.5873,0.0020987894496886,-0.002406868311741,0.0045056577614297,0.25407457769801306,mid,0.0126732950731334
2019-07-01,5997.4702,6172.3812,5973.2708,6151.3334,5233723.0,5325575854.0,600519.SH,3935.8116,0.0457914700105244,0.0288123865321279,0.0169790834783964,0.28021307826782277,mid,0.0091232591824628
2019-07-02,6112.7269,6138.0518,6062.077,6112.7269,3906109.0,3989722046.0,600519.SH,3937.1691,-0.0062761189305721,0.0003449098020851,-0.0066210287326572,0.2840706945526054,mid,-0.0058725069537944
2019-07-03,6084.5881,6101.4714,5867.9191,5903.9368,6713932.0,6717755678.0,600519.SH,3893.5341,-0.0341566216544042,-0.011082836142344,-0.0230737855120601,0.30828382892928236,high,0.0079129241455562
2019-07-04,5892.1185,5920.2573,5810.0656,5866.2307,4621668.0,4531686001.0,600519.SH,3873.1019,-0.0063866029189202,-0.0052477259670076,-0.0011388769519126,0.3094860920741997,high,-0.0005764227225714
2019-07-05,5893.244,6005.7993,5838.6547,5971.0197,5003271.0,4968920475.0,600519.SH,3893.2025,0.0178630888144237,0.0051897937412903,0.0126732950731334,0.3052698751012415,high,-0.0018088846388866
2019-07-08,5944.1753,5960.2144,5831.3386,5886.8284,3361352.0,3313713091.0,600519.SH,3802.7897,-0.0140999869754239,-0.0232232461578867,0.0091232591824628,0.314973544261535,high,-0.0137597077702195
2019-07-09,5855.538,5910.1273,5793.9139,5837.304,3172332.0,3103986405.0,600519.SH,3793.1297,-0.008412747346262,-0.0025402403924675,-0.0058725069537944,0.2875464374747395,mid,-0.0031112483436425
2019-07-10,5864.7112,5919.0192,5842.5941,5873.6594,2816670.0,2774054724.0,600519.SH,3786.739,0.006228114896877,-0.0016848092486791,0.0079129241455562,0.28582985472641176,mid,-0.0037928212373201
2019-07-11,5915.53,5962.9158,5836.9663,5867.9191,3051419.0,3011117079.0,600519.SH,3785.221,-0.0009772953467475,-0.000400872624176,-0.0005764227225714,0.2865164104822488,mid,-0.0060904513577511
2019-07-12,5866.7935,5924.1967,5859.5337,5893.7505,2817385.0,2778937975.0,600519.SH,3808.7311,0.0044021397636515,0.0062110244025381,-0.0018088846388866,0.2864735631580163,mid,-0.0021979824150539
2019-07-15,5790.8187,5860.0402,5697.0038,5836.5724,5987040.0,5785726590.0,600519.SH,3824.1878,-0.0097014795587292,0.0040582282114902,-0.0137597077702195,0.2902291634563873,mid,0.0080299384607192
2019-07-16,5833.8711,5872.4213,5775.0609,5791.9442,3324524.0,3226755644.0,600519.SH,3806.8449,-0.0076463028197851,-0.0045350544761426,-0.0031112483436425,0.2931238802731369,mid,-0.0051620392550261
2019-07-17,5791.9442,5820.0268,5758.9092,5766.6193,2546887.0,2459954487.0,600519.SH,3804.6384,-0.0043724350797439,-0.0005796138424237,-0.0037928212373201,0.290726388803762,mid,-0.0154006204777209
2019-07-18,5755.3637,5763.8054,5674.7741,5676.575,3925295.0,3748507464.0,600519.SH,3768.4019,-0.015614746754654,-0.0095242953969029,-0.0060904513577511,0.2523751954051003,mid,0.0083387867539419
2019-07-19,5718.7833,5751.4243,5679.3889,5723.6794,2801481.0,2679887449.0,600519.SH,3807.9551,0.008298031823767,0.010496014238821,-0.0021979824150539,0.2542617467798749,mid,3.39835896137064e-05
2019-07-22,5746.9221,5769.4332,5692.0514,5730.1513,2812549.0,2695084029.0,600519.SH,3781.6832,0.0011307237089486,-0.0068992147517705,0.0080299384607192,0.25117059298461863,mid,0.0122033997126352
2019-07-23,5759.8659,5761.498,5656.0899,5713.0429,3248395.0,3087319264.0,600519.SH,3789.9135,-0.0029856803257534,0.0021763589292727,-0.0051620392550261,0.2510189389610831,mid,-0.001734759069681
2019-07-24,5737.4112,5746.3593,5660.761,5670.1594,4677120.0,4450509786.0,600519.SH,3819.8325,-0.0075062450520021,0.0078943754257188,-0.0154006204777209,0.25209675536880977,mid,0.0029465711553796
2019-07-25,5667.9645,5765.8314,5623.9554,5763.8054,3825570.0,3633246146.0,600519.SH,3851.0665,0.0165155850821407,0.0081767983281988,0.0083387867539419,0.2525021441753114,mid,-0.004550873518481
2019-07-26,5758.0088,5808.8275,5738.7618,5775.2298,2646759.0,2556208822.0,600519.SH,3858.5688,0.0019820932885763,0.0019481096989626,3.39835896137064e-05,0.2524847734200481,mid,0.0099789770052319
2019-07-29,5758.3465,5856.6635,5746.9784,5839.2737,2698133.0,2626793557.0,600519.SH,3854.2704,0.0110894115416844,-0.0011139881709508,0.0122033997126352,0.18983432362266411,low,0.0073111705860743
2019-07-30,5839.7802,5876.3607,5808.8275,5853.4557,1953797.0,1911965179.0,600519.SH,3870.3176,0.002428726709625,0.004163485779306,-0.001734759069681,0.19007138858490524,low,0.0145641771519957
2019-07-31,5831.3386,5869.4386,5784.0091,5817.8319,2252620.0,2191909987.0,600519.SH,3835.3589,-0.0060859433855458,-0.0090325145409254,0.0029465711553796,0.14893903455793725,low,0.0028066035990411
2019-08-01,5839.8365,5842.5941,5707.6403,5742.9827,3508952.0,3385045858.0,600519.SH,3803.4694,-0.012865480008111,-0.00831460648963,-0.004550873518481,0.15391657196229766,low,0.0132998299689255
2019-08-02,5656.8778,5735.554,5651.2501,5715.688,3971940.0,3772328947.0,600519.SH,3747.4379,-0.0047527045484568,-0.0147316815536888,0.0099789770052319,0.13714499100139896,low,0.0004037887544598
2019-08-05,5662.5056,5713.1555,5634.3668,5648.0422,3677431.0,3473341317.0,600519.SH,3675.6884,-0.0118351106638431,-0.0191462812499174,0.0073111705860743,0.1347415289130017,low,0.0372692693403953
2019-08-06,5583.7169,5679.3889,5543.197,5669.8217,4399116.0,4121445010.0,600519.SH,3636.3289,0.0038561149560816,-0.0107080621959141,0.0145641771519957,0.13407448492232024,low,0.0083868124329741
2019-08-07,5687.8305,5721.766,5662.5056,5662.5056,2686998.0,2553463419.0,600519.SH,3621.431,-0.0012903580371848,-0.0040969616362259,0.0028066035990411,0.13100675048269014,low,0.0189770578944119
2019-08-08,5710.3416,5825.7108,5701.9,5812.6544,3880813.0,3755086990.0,600519.SH,3669.2936,0.0265163181472174,0.0132164881782919,0.0132998299689255,0.1651804395366326,low,-0.0017284186547137
2019-08-09,5851.0358,5864.8238,5741.238,5758.3465,2846170.0,2760764357.0,600519.SH,3633.5296,-0.0093430464401944,-0.0097468351946543,0.0004037887544598,0.1670515500980592,low,0.004292787849371
2019-08-12,6030.055,6085.1508,5943.9502,6076.878,8149895.0,8208540716.0,600519.SH,3699.1047,0.055316487120044,0.0180472177796486,0.0372692693403953,0.2575879132199291,mid,-0.0205628753823918
2019-08-13,6062.9774,6118.3547,6032.1373,6073.0511,3032970.0,3088013760.0,600519.SH,3665.7515,-0.0006297477092678,-0.0090165601422419,0.0083868124329741,0.25524511254555166,mid,0.0135272789945947
2019-08-14,6140.9783,6264.1138,6140.9783,6215.8838,4141095.0,4327071299.0,600519.SH,3682.4015,0.0235191006378985,0.0045420427434865,0.0189770578944119,0.26433486496262526,mid,-0.001958829297229
2019-08-15,6129.6102,6233.6113,6129.6102,6224.7194,2723739.0,2821331120.0,600519.SH,3694.0006,0.0014214551436757,0.0031498737983894,-0.0017284186547137,0.25439492430722654,mid,0.0306061170425433
2019-08-16,6252.5206,6397.3793,6202.7711,6279.3088,3608673.0,3822488363.0,600519.SH,3710.5386,0.0087697768352417,0.0044769889858706,0.004292787849371,0.25448795301795524,mid,0.0151883912692938
2019-08-19,6315.3265,6365.8638,6248.0747,6286.5123,3286758.0,3471558016.0,600519.SH,3791.0946,0.0011471804030405,0.0217100557854323,-0.0205628753823918,0.2544848447594636,mid,-0.0084083123027313
2019-08-20,6281.5599,6386.6865,6253.421,6365.9764,2860213.0,3038219263.0,600519.SH,3787.7324,0.012640411122714,-0.0008868678718806,0.0135272789945947,0.25421865590514003,mid,-0.0083549089315486
2019-08-21,6366.5391,6405.2019,6319.0408,6343.4653,2506662.0,2678841887.0,600519.SH,3781.7579,-0.0035361582553148,-0.0015773289580858,-0.001958829297229,0.2518954201617177,mid,-0.0038345987883536
2019-08-22,6382.8034,6557.3204,6365.9764,6557.3204,3759078.0,4099045126.0,600519.SH,3793.5061,0.0337126617528749,0.0031065447103315,0.0306061170425433,0.2684989960147177,mid,0.0144462431344817
2019-08-23,6562.9482,6723.6772,6510.1597,6704.2051,4019230.0,4495782910.0,600519.SH,3820.8638,0.0224001102645525,0.0072117189952587,0.0151883912692938,0.2735723115044588,mid,0.022130985132857
2019-08-26,6607.9703,6692.3868,6516.1252,6551.4113,4849789.0,5382792365.0,600519.SH,3765.9105,-0.0227907406949707,-0.0143824283922394,-0.0084083123027313,0.29358210072820035,mid,-0.0155188722936767
2019-08-27,6630.4814,6711.0147,6585.4592,6585.4592,5216421.0,5830617878.0,600519.SH,3816.9459,0.0051970328896921,0.0135519418212408,-0.0083549089315486,0.29330854881717167,mid,-0.0003414470703444
2019-08-28,6585.4592,6665.3172,6439.1936,6535.4284,4700967.0,5169778985.0,600519.SH,3802.5844,-0.007597161941266,-0.0037625631529123,-0.0038345987883536,0.29418686420876383,mid,-0.020884727463886
2019-08-29,6562.9482,6637.1221,6492.6011,6608.5331,2933042.0,3247704307.0,600519.SH,3790.1867,0.011185907874073,-0.0032603352604086,0.0144462431344817,0.28601247586881745,mid,0.0058905052964974
2019-08-30,6675.5035,6793.6866,6664.248,6771.1755,4489077.0,5093877152.0,600519.SH,3799.5863,0.024610968506763,0.0024799833739059,0.022130985132857,0.2887225217077872,mid,-0.0071593359895755
2019-09-02,6759.8637,6787.9463,6698.0146,6752.9416,2823433.0,3210850606.0,600519.SH,3848.3198,-0.002692870683975,0.0128260016097017,-0.0155188722936767,0.281855775143452,mid,-0.0111497596337106
2019-09-03,6759.92,6821.938,6695.5383,6759.92,2948509.0,3358578409.0,600519.SH,3853.6106,0.0010333866947702,0.0013748337651147,-0.0003414470703444,0.282731788515154,mid,-0.0071345300001209
2019-09-04,6764.4222,6776.2968,6647.9837,6675.5598,3360022.0,3785904728.0,600519.SH,3886.0012,-0.0124794672126297,0.0084052602512563,-0.020884727463886,0.29079700887707804,mid,-0.0384809346842285
2019-09-05,6698.0146,6787.496,6692.3868,6782.4311,3293084.0,3746608087.0,600519.SH,3925.323,0.0160093390220248,0.0101188337255273,0.0058905052964974,0.28444730446632943,mid,0.015314521435918
2019-09-06,6785.2449,6794.5308,6709.2701,6773.9331,2617659.0,2978155822.0,600519.SH,3948.5075,-0.0012529430634392,0.0059063929261362,-0.0071593359895755,0.27934870337662454,mid,0.0036916156986898
2019-09-09,6788.0588,6804.9421,6731.7812,6740.3354,2937934.0,3346080774.0,600519.SH,3972.9484,-0.0049598511682968,0.0061899084654137,-0.0111497596337106,0.2205406307521915,mid,0.0125001682710037
2019-09-10,6727.8417,6731.7812,6647.4209,6669.0316,2622707.0,2952753655.0,600519.SH,3959.265,-0.0105786723906943,-0.0034441423905733,-0.0071345300001209,0.22681797445390428,mid,0.0426687359280792
2019-09-11,6642.975,6647.1958,6354.7208,6363.275,8171654.0,8904690560.0,600519.SH,3930.0999,-0.0458472261549938,-0.0073662914707652,-0.0384809346842285,0.2785816923116254,mid,-0.0068798008469823
2019-09-12,6343.4653,6590.9745,6343.4653,6529.1816,4121133.0,4498210332.0,600519.SH,3972.3799,0.0260725176893974,0.0107579962534793,0.015314521435918,0.29211475291157746,mid,0.0074255543377668
2019-09-16,6439.1373,6557.039,6439.1373,6529.1816,3137180.0,3432292113.0,600519.SH,3957.7154,0.0,-0.0036916156986898,0.0036916156986898,0.2912965676819608,mid,0.0045216623476073
2019-09-17,6501.0428,6572.2903,6461.6484,6501.099,2519693.0,2767385769.0,600519.SH,3891.2208,-0.004301090354111,-0.0168012586251148,0.0125001682710037,0.2921769863160513,mid,0.0262447687159697
2019-09-18,6582.6454,6816.1977,6580.8445,6810.0071,6931447.0,7899560194.0,600519.SH,3910.0837,0.0475162891689542,0.0048475532408749,0.0426687359280792,0.3326915520904905,high,-0.0003172236673418
2019-09-19,6804.9421,6816.1977,6743.5995,6788.0588,2447980.0,2800064436.0,600519.SH,3924.3823,-0.0032229481816545,0.0036568526653277,-0.0068798008469823,0.33260447872765225,high,0.0020426868106647
2019-09-20,6821.8254,6872.4753,6802.6347,6857.9557,3762666.0,4346138244.0,600519.SH,3935.6511,0.0102970380869418,0.002871483749175,0.0074255543377668,0.3143736633676865,high,0.0033124836563425
2019-09-23,6855.592,6855.592,6709.2701,6810.5699,3002633.0,3431058973.0,600519.SH,3890.6616,-0.0069096101043638,-0.0114312724519711,0.0045216623476073,0.3068038434889244,high,-0.0101296905195281
2019-09-24,6844.3365,7012.6067,6827.4532,7007.5417,3626913.0,4259833998.0,600519.SH,3901.0758,0.028921485704155,0.0026767169881853,0.0262447687159697,0.3086050207411134,high,0.0080494073756385
2019-09-25,6985.0306,7034.9489,6931.5669,6951.264,2402458.0,2832308420.0,600519.SH,3870.9837,-0.0080310189235119,-0.0077137952561701,-0.0003172236673418,0.31122970835122105,high,-0.0179679525588959
2019-09-26,6956.5541,7003.8837,6865.7783,6911.8697,2608194.0,3050478322.0,600519.SH,3841.1388,-0.0056672139052695,-0.0077099007159343,0.0020426868106647,0.3104416931741029,high,-0.0013902686460018
2019-09-27,6894.9864,7001.9139,6833.081,6955.4849,2282661.0,2671754323.0,600519.SH,3852.6534,0.0063101883995295,0.002997704743187,0.0033124836563425,0.3092134258719269,high,0.0065446038391889
2019-09-30,6889.3586,6925.5452,6816.1977,6816.1977,3082514.0,3565988675.0,600519.SH,3814.5282,-0.0200255197161021,-0.0098958291965739,-0.0101296905195281,0.3079333120762177,high,-0.0062434388706649
2019-10-08,6833.081,6985.0306,6827.5095,6912.4325,3104527.0,3631091491.0,600519.SH,3837.6791,0.0141185458866606,0.006069138511022,0.0080494073756385,0.31137736302923824,high,0.0292744513026613
2019-10-09,6907.3675,6907.3675,6732.0626,6798.2451,3578857.0,4105282379.0,600519.SH,3843.2392,-0.016519134183227,0.0014488183756689,-0.0179679525588959,0.31778184369711937,high,-0.0287823016766253
2019-10-10,6686.759,6866.4536,6585.5718,6844.3365,4117370.0,4685560483.0,600519.SH,3874.6391,0.0067798967707122,0.0081701654167141,-0.0013902686460018,0.31470940965148986,high,0.0101805240246264
2019-10-11,6855.592,6956.8918,6828.635,6954.6407,2868925.0,3343559812.0,600519.SH,3911.7253,0.0161161275457453,0.0095715237065563,0.0065446038391889,0.3147752207582233,high,0.0081682916720371
2019-10-14,7018.7972,7028.1393,6928.753,6985.0306,2718751.0,3209362988.0,600519.SH,3953.2411,0.0043697296971789,0.0106131685678438,-0.0062434388706649,0.3147697677853096,high,-0.0088557242674304
2019-10-15,6985.0306,7185.8293,6968.3162,7159.4914,4003473.0,4806856333.0,600519.SH,3936.2498,0.0249763830669547,-0.0042980682357066,0.0292744513026613,0.32413858897933584,high,-0.0020053116500473
2019-10-16,6917.4974,7027.2389,6872.4753,6928.753,5915059.0,6935972684.0,600519.SH,3922.6854,-0.0322283228107516,-0.0034460211341262,-0.0287823016766253,0.34481186002696673,high,-0.0032864842557814
2019-10-17,6962.5196,7022.5116,6886.5447,7003.7711,3050870.0,3578144114.0,600519.SH,3925.2216,0.0108270709029461,0.0006465468783196,0.0101805240246264,0.2953465398185508,mid,-0.0069737644947679
2019-10-18,6979.4029,7041.252,6938.2639,6961.3377,2829161.0,3335011086.0,600519.SH,3869.3777,-0.0060586503176838,-0.0142269419897209,0.0081682916720371,0.2867958458487148,mid,0.010651384282232
2019-10-21,6939.2206,6978.8401,6891.0469,6920.3113,2527467.0,2955023935.0,600519.SH,3880.8398,-0.00589346498734,0.0029622592800904,-0.0088557242674304,0.2884706373464422,mid,-0.0020147145536386
2019-10-22,6973.7751,6993.4723,6894.3673,6933.2552,1930943.0,2262188262.0,600519.SH,3895.8809,0.0018704216384022,0.0038757332884495,-0.0020053116500473,0.2872084739499306,mid,0.016034254008625
2019-10-23,6917.4974,6973.7751,6850.5833,6866.3411,2308021.0,2684922174.0,600519.SH,3871.0848,-0.009651180876769,-0.0063646966209875,-0.0032864842557814,0.23818664930844294,mid,-0.0024763229798027
2019-10-24,6900.3328,6906.2419,6800.2148,6817.7172,2617844.0,3025245582.0,600519.SH,3870.6678,-0.0070814862372624,-0.0001077217424945,-0.0069737644947679,0.23938143340095014,mid,-0.0018945889767045
2019-10-25,6834.7693,6942.8224,6776.9721,6936.3505,2599845.0,3015928985.0,600519.SH,3896.7923,0.0174007364224493,0.0067493521402173,0.010651384282232,0.24457755097183348,mid,-0.0128665629731958
2019-10-28,6906.2982,6990.7147,6900.6141,6975.4072,2248599.0,2644563044.0,600519.SH,3926.585,0.0056307275706439,0.0076454421242826,-0.0020147145536386,0.2434636808168091,mid,0.0051967418303835
2019-10-29,6991.2775,7097.3609,6972.4807,7058.1916,2780371.0,3314271728.0,600519.SH,3910.226,0.0118680383275688,-0.0041662156810561,0.016034254008625,0.22460551870151257,mid,-0.0066747215986154
2019-10-30,7041.3083,7056.5033,6962.5196,7006.4162,2125475.0,2516524166.0,600519.SH,3891.2255,-0.0073355050321955,-0.0048591820523928,-0.0024763229798027,0.22427028572549998,mid,-0.0002816020667391
2019-10-31,7075.0749,7086.3304,6963.3637,6985.0869,2590927.0,3068884874.0,600519.SH,3886.7519,-0.0030442524953055,-0.001149663518601,-0.0018945889767045,0.223507089070208,mid,0.0049187627476583
2019-11-01,6990.6584,7052.2824,6942.8224,7013.1695,2281196.0,2697638375.0,600519.SH,3952.3872,0.0040203651582344,0.0168869281314303,-0.0128665629731958,0.2228810247314182,mid,0.0076008002477179
2019-11-04,7041.3083,7153.8073,7035.6805,7095.2786,2673798.0,3209264033.0,600519.SH,3978.1216,0.011707844791146,0.0065111029607625,0.0051967418303835,0.21232184598256812,mid,0.0128883454558383
2019-11-05,7094.7721,7125.7248,7052.5638,7091.9582,2225472.0,2667596023.0,600519.SH,4002.8128,-0.0004679731673961,0.0062067484312193,-0.0066747215986154,0.20762632223955585,mid,0.0018811696610903
2019-11-06,7080.7027,7120.097,7035.0052,7058.1916,1973751.0,2362005422.0,600519.SH,3984.8816,-0.0047612519769222,-0.0044796499101831,-0.0002816020667391,0.1981738309152128,mid,0.0186884231242281
2019-11-07,7077.9451,7108.1662,7035.6805,7105.296,1616788.0,1933203877.0,600519.SH,3991.8749,0.0066737207870639,0.0017549580394056,0.0049187627476583,0.19813988108574715,mid,0.0031620875019031
2019-11-08,7125.7248,7185.6605,7106.0839,7125.7248,2451211.0,2964133776.0,600519.SH,3973.0107,0.0028751511548568,-0.0047256490928611,0.0076008002477179,0.19102823857634058,low,0.0034154016630285
2019-11-11,7106.0276,7132.4781,7061.0618,7091.9582,1734246.0,2082060830.0,600519.SH,3902.9783,-0.0047386898803613,-0.0176270353361996,0.0128883454558383,0.19181186732803696,low,-0.0061037979845113
2019-11-12,7120.097,7151.6125,7087.5123,7106.5904,1915055.0,2303205539.0,600519.SH,3903.6888,0.0020632101300315,0.0001820404689412,0.0018811696610903,0.1695005236378095,low,-0.0060962074995944
2019-11-13,7136.9803,7254.0379,7097.586,7232.6523,3197704.0,3890666569.0,600519.SH,3899.9815,0.0177387316426735,-0.0009496914815545,0.0186884231242281,0.1337581117964696,low,0.0110307194155786
2019-11-14,7249.5356,7322.6966,7221.3968,7266.4189,2352112.0,2898399700.0,600519.SH,3905.857,0.0046686331098759,0.0015065456079728,0.0031620875019031,0.1302185437154618,low,0.0027821755938842
2019-11-15,7266.4189,7282.7957,7218.5829,7237.7173,1634072.0,2003665313.0,600519.SH,3877.0892,-0.0039498961448533,-0.0073652978078818,0.0034154016630285,0.12872122034171726,low,-0.0186775727526909
2019-11-18,7238.9554,7263.3237,7198.8858,7251.1114,1803766.0,2204546132.0,600519.SH,3907.9291,0.0018505972870754,0.0079543952715868,-0.0061037979845113,0.12532942673582653,low,-0.016840264395309
2019-11-19,7255.1634,7331.7573,7238.3927,7279.4754,2062375.0,2542105913.0,600519.SH,3947.0392,0.0039116762155937,0.0100078837151882,-0.0060962074995944,0.1254315878947287,low,-0.0011025643100452
2019-11-20,7266.4189,7319.939,7255.5011,7287.5231,1528053.0,1884957278.0,600519.SH,3907.8641,0.0011055329618945,-0.0099251864536841,0.0110307194155786,0.11718650844276222,low,0.0080924352047596
2019-11-21,7272.0467,7297.4279,7216.1067,7273.735,1918739.0,2356277766.0,600519.SH,3889.598,-0.0018920145858611,-0.0046741901797454,0.0027821755938842,0.11262004808927176,low,-0.0078740805535629
2019-11-22,7227.0246,7260.7912,7013.1695,7063.8194,4705428.0,5677646465.0,600519.SH,3849.9948,-0.0288593961699181,-0.0101818234172271,-0.0186775727526909,0.14934093499428436,low,-0.0291264541471324
2019-11-25,7030.3342,7063.8194,6940.3462,6996.6238,3828175.0,4518778939.0,600519.SH,3878.2061,-0.0095126441086531,0.0073276202866559,-0.016840264395309,0.15268674024344633,low,0.0014311167954592
2019-11-26,7022.6241,7089.7071,7001.9139,7013.1695,4023961.0,4794179893.0,600519.SH,3891.6533,0.0023648120111874,0.0034673763212327,-0.0011025643100452,0.1466589044350066,low,-0.0164786633620759
2019-11-27,7057.066,7078.5641,7010.4119,7041.0269,1984881.0,2363839726.0,600519.SH,3875.6186,0.003972155528253,-0.0041202796765066,0.0080924352047596,0.1449252493221233,low,0.0040014120201097
2019-11-28,7069.2783,7083.5728,6923.2378,6961.394,2884499.0,3405325549.0,600519.SH,3862.3029,-0.0113098417504979,-0.003435761196935,-0.0078740805535629,0.15031435483888234,low,-0.0013625650354274
2019-11-29,6903.428,6903.428,6607.3513,6698.0146,8239732.0,9338326554.0,600519.SH,3828.6706,-0.0378342900861522,-0.0087078359390198,-0.0291264541471324,0.20015660705009938,mid,0.0278195682944362
2019-12-02,6637.2347,6760.0325,6637.2347,6720.5256,3078441.0,3479717421.0,600519.SH,3836.0589,0.0033608466604415,0.0019297298649822,0.0014311167954592,0.19456816599236393,mid,-0.0074002309684068
2019-12-03,6720.5256,6720.5256,6634.6459,6636.1091,2734093.0,3066695648.0,600519.SH,3851.0873,-0.0125609967172806,0.0039176666447953,-0.0164786633620759,0.19749331110330814,mid,0.0034051174495071
2019-12-04,6759.92,6786.1454,6636.1091,6660.4774,3528308.0,3980511004.0,600519.SH,3849.819,0.0036720764581763,-0.0003293355619333,0.0040014120201097,0.19889645747686716,mid,-0.0050287476144031
2019-12-05,6675.5035,6714.9541,6636.1091,6702.5168,2133879.0,2402503470.0,600519.SH,3879.3638,0.0063117697839498,0.0076743348193772,-0.0013625650354274,0.19867133622994834,mid,-0.015009843805766
2019-12-06,6737.2401,6928.753,6704.2051,6928.753,3950626.0,4565643688.0,600519.SH,3902.3853,0.0337539176328509,0.0059343493384147,0.0278195682944362,0.23698971396057583,mid,0.0018599661077696
2019-12-09,6956.8918,6962.5196,6850.527,6865.1592,2182412.0,2543532527.0,600519.SH,3895.4468,-0.0091782460711183,-0.0017780151027115,-0.0074002309684068,0.23836549233770749,mid,-0.017188535690426
2019-12-10,6870.2242,6900.6141,6821.8254,6897.2375,1508658.0,1749356289.0,600519.SH,3900.3843,0.0046726228868807,0.0012675054373736,0.0034051174495071,0.23906413276946462,mid,0.004639420274549
2019-12-11,6917.4974,6932.9738,6847.4318,6866.735,1456799.0,1689987674.0,600519.SH,3902.7492,-0.0044224227453383,0.0006063248690648,-0.0050287476144031,0.22824846712712432,mid,0.0006226849004842
2019-12-12,6849.9643,6872.1377,6704.0926,6743.0367,2940916.0,3362699683.0,600519.SH,3891.0242,-0.0180141362670905,-0.0030042924613244,-0.015009843805766,0.2329605635504838,mid,-0.0072268552220662
2019-12-13,6793.6866,6900.6141,6793.6866,6889.3586,3000059.0,3473927971.0,600519.SH,3968.2211,0.0216997039330959,0.0198397378253263,0.0018599661077696,0.2496820022192004,mid,-0.0066514957411129
2019-12-16,6889.3586,6889.3586,6748.3268,6804.4919,3093642.0,3554133640.0,600519.SH,3987.5464,-0.0123185197530579,0.004870015937368,-0.017188535690426,0.251582267923624,mid,0.0149698019453745
2019-12-17,6814.5093,6949.0129,6776.9721,6928.6404,4261696.0,4937041950.0,600519.SH,4041.7996,0.0182450801359614,0.0136056598614124,0.004639420274549,0.26178359374528426,mid,-0.007593061851703
2019-12-18,6951.264,6958.0174,6894.9864,6917.4974,1964009.0,2295963803.0,600519.SH,4032.7826,-0.0016082520316684,-0.0022309369321527,0.0006226849004842,0.2614873099571156,mid,-0.0113025859491371
2019-12-19,6889.3586,6889.3586,6827.4532,6857.8431,1955230.0,2262598597.0,600519.SH,4027.1495,-0.0086236823160931,-0.0013968270940268,-0.0072268552220662,0.26237923337400404,mid,-0.0076286310830027
2019-12-20,6884.7438,6884.7438,6768.3616,6795.3749,2356384.0,2703612358.0,600519.SH,4017.2527,-0.0091090156320432,-0.0024575198909303,-0.0066514957411129,0.24517373015273897,mid,0.0243060763326269
2019-12-23,6754.2922,6886.5447,6737.4089,6812.2582,2591918.0,2981937538.0,600519.SH,3967.0962,0.0024845281163221,-0.0124852738290524,0.0149698019453745,0.24387745170049424,mid,0.003805037081058
2019-12-24,6833.081,6844.3365,6788.0588,6804.9421,1182310.0,1358536199.0,600519.SH,3992.9581,-0.0010739610545003,0.0065191007972027,-0.007593061851703,0.24351184385575864,mid,-0.0059078764239313
2019-12-25,6776.8033,6776.8033,6703.6986,6724.4651,2430597.0,2755735164.0,600519.SH,3990.8671,-0.0118262578604452,-0.000523671911308,-0.0113025859491371,0.24534470004611272,mid,-0.0561852004631112
2019-12-26,6714.8979,6771.063,6647.3084,6732.3439,2287727.0,2585996501.0,600519.SH,4025.9879,0.0011716619660944,0.0088002930490971,-0.0076286310830027,0.24317786704917446,mid,-0.041432047040874
2019-12-27,6816.1977,6940.0085,6816.1977,6889.3586,4706628.0,5486452901.0,600519.SH,4022.0278,0.0233224419804223,-0.0009836343522046,0.0243060763326269,0.21774913377758287,mid,0.0032802567372871
2019-12-30,6929.8785,7072.261,6929.8785,7017.6717,4076066.0,4827682057.0,600519.SH,4081.6334,0.0186248252486087,0.0148197881675506,0.003805037081058,0.22606332179050337,mid,0.0070285751042622
2019-12-31,7001.9139,7030.0528,6965.3897,7001.9139,2258881.0,2666705100.0,600519.SH,4096.5821,-0.0022454455941562,0.003662430829775,-0.0059078764239313,0.21997627190294067,mid,0.005987131243599
2020-01-02,6692.3868,6788.3965,6624.8536,6703.6423,14809916.0,16696837095.0,600519.SH,4152.2408,-0.0425985815106922,0.0135866189524189,-0.0561852004631112,0.27251998367697694,mid,1.0737493638224294e-05
2020-01-03,6630.4814,6630.4814,6404.8079,6414.15,13031878.0,14266380596.0,600519.SH,4144.9649,-0.0431843298082895,-0.0017522827674155,-0.041432047040874,0.3121807426935197,high,0.0087046712529492
2020-01-06,6370.8162,6494.8522,6350.7814,6410.9422,6341478.0,6853917601.0,600519.SH,4129.2954,-0.0005001130313446,-0.0037803697686318,0.0032802567372871,0.2823886033717149,mid,0.0002273409884139
2020-01-07,6408.1846,6529.1816,6401.9941,6504.0255,4785359.0,5220697068.0,600519.SH,4160.2274,0.0145194414636899,0.0074908663594277,0.0070285751042622,0.2887744723281096,mid,-0.0108765087799577
2020-01-08,6450.6742,6509.4844,6436.7737,6468.064,2500825.0,2720371915.0,600519.SH,4112.3172,-0.0055291142385588,-0.0115162454821579,0.005987131243599,0.28766372207022,mid,0.0095733216830098
2020-01-09,6501.0428,6565.143,6478.5317,6550.0043,3740587.0,4110949814.0,600519.SH,4164.3697,0.0126684429838663,0.0126577054902281,1.0737493638224294e-05,0.2929305984571473,mid,-0.000126510645287
2020-01-10,6585.4592,6624.7973,6548.8788,6605.1564,3597587.0,3993457118.0,600519.SH,4163.1849,0.008420162411191,-0.0002845088417582,0.0087046712529492,0.2889987003306063,mid,-0.0009722049555354
2020-01-13,6605.1564,6699.1401,6602.3425,6671.3952,3851575.0,4325687959.0,600519.SH,4203.9883,0.0100283469442146,0.0098010059558006,0.0002273409884139,0.27972870161490165,mid,-0.0215742875672008
2020-01-14,6671.0013,6674.8844,6551.6926,6576.4548,3514465.0,3916300790.0,600519.SH,4189.8862,-0.0142309662602508,-0.0033544574802931,-0.0108765087799577,0.280793975110227,mid,0.0034602309503946
2020-01-15,6585.5155,6656.3691,6562.9482,6603.0742,2602911.0,2895603674.0,600519.SH,4166.7344,0.0040476823470299,-0.0055256393359799,0.0095733216830098,0.27189929501668897,mid,-0.0040984540675013
2020-01-16,6641.0053,6641.0053,6549.329,6574.2037,2319165.0,2571593141.0,600519.SH,4149.0434,-0.004372281626034,-0.004245770980747,-0.000126510645287,0.27198814010849803,mid,0.0110062713575558
2020-01-17,6591.087,6606.7322,6540.4934,6577.0176,2347275.0,2599645144.0,600519.SH,4154.853,0.0004280214195371,0.0014002263750725,-0.0009722049555354,0.27113764948261065,mid,0.0349300260049005
2020-01-20,6601.5547,6601.5547,6433.5096,6484.1595,3539130.0,3858246844.0,600519.SH,4185.8304,-0.0141185725274629,0.0074557150397378,-0.0215742875672008,0.27346564490935626,mid,0.0056317633199498
2020-01-21,6427.8818,6461.6484,6378.9202,6395.8035,3287405.0,3542441308.0,600519.SH,4114.3085,-0.0136264383996105,-0.0170866693500051,0.0034602309503946,0.27577658016775736,mid,-0.0004305424017758
2020-01-22,6365.9764,6444.7651,6283.6984,6396.9854,3620004.0,3875275065.0,600519.SH,4131.9311,0.0001847930443765,0.0042832471118778,-0.0040984540675013,0.27592956041373995,mid,0.0002983673758776
2020-01-23,6399.743,6399.743,6180.2601,6269.1788,5346843.0,5638945742.0,600519.SH,4003.9013,-0.0199791920738164,-0.0309854634313723,0.0110062713575558,0.28088481546025124,mid,0.0043921423773765
2020-02-03,5887.6162,6032.1373,5859.4774,5994.0936,12344288.0,12314991759.0,600519.SH,3688.3578,-0.0438789845968342,-0.0788090106017348,0.0349300260049005,0.31474922289425866,high,-0.0125004003630979
2020-02-04,6056.4492,6292.8154,6033.9944,6185.9441,6262418.0,6490469043.0,600519.SH,3785.6376,0.0320065906211406,0.0263748273011907,0.0056317633199498,0.32661912597667764,high,0.0186324681077389
2020-02-05,6253.421,6275.9321,6157.9178,6253.3648,4741824.0,4956355235.0,600519.SH,3828.5272,0.0108990153984742,0.0113295578002501,-0.0004305424017758,0.32024418208463323,high,-0.0087179332980056
2020-02-06,6306.4909,6394.1152,6264.7891,6371.6041,4717121.0,5011246407.0,600519.SH,3899.7751,0.018908108479454,0.0186097411035763,0.0002983673758776,0.3317385884915823,high,0.0007399457568638
2020-02-07,6366.0326,6405.3707,6315.439,6399.743,3127871.0,3348894576.0,600519.SH,3899.8693,0.0044162976164825,2.415523910603845e-05,0.0043921423773765,0.30063571928666416,high,-0.0096280111131444
2020-02-10,6320.9542,6391.8641,6293.941,6346.2229,3053342.0,3251908506.0,600519.SH,3916.0052,-0.0083628514457534,0.0041375489173445,-0.0125004003630979,0.26029219521370905,mid,-0.017426931566834
2020-02-11,6326.582,6533.0085,6325.4564,6523.5538,4791793.0,5222918915.0,600519.SH,3952.4643,0.027942746858135,0.009310278750396,0.0186324681077389,0.279056531510061,mid,-0.0036184284008619
2020-02-12,6472.9039,6527.9998,6455.3453,6519.4455,2812543.0,3072293973.0,600519.SH,3984.4325,-0.0006297641018917,0.0080881691961138,-0.0087179332980056,0.27447926059339234,mid,0.0124434412770443
2020-02-13,6523.5538,6612.979,6467.3324,6484.1595,3035736.0,3335277425.0,600519.SH,3959.9188,-0.005412423495219,-0.0061523692520829,0.0007399457568638,0.2744469223232759,mid,-0.0044690609522803
2020-02-14,6481.0642,6498.2851,6439.7564,6467.2762,2328760.0,2534568401.0,600519.SH,3987.7342,-0.0026037761717613,0.0070242349413831,-0.0096280111131444,0.2706213234512818,mid,-0.0055083866103926
2020-02-17,6436.3234,6513.3676,6435.7607,6500.0298,2702822.0,2946182657.0,600519.SH,4077.4241,0.0050645123212766,0.0224914438881107,-0.017426931566834,0.2694143034478489,mid,-0.0178770842491559
2020-02-18,6478.588,6517.2507,6439.1373,6444.7651,2666496.0,2897729692.0,600519.SH,4057.5108,-0.0085022225590413,-0.0048837941581794,-0.0036184284008619,0.2676838745429586,mid,-0.0085980258883722
2020-02-19,6450.3929,6543.251,6410.9985,6515.1122,3705147.0,4052365602.0,600519.SH,4051.3107,0.0109153861946031,-0.0015280550824411,0.0124434412770443,0.26681595641863615,mid,0.0113509301422884
2020-02-20,6516.2377,6669.8757,6508.9779,6636.1091,4680262.0,5220660940.0,600519.SH,4144.6561,0.0185717292788909,0.0230407902311713,-0.0044690609522803,0.27483940575576804,mid,0.0091510027278216
2020-02-21,6599.3035,6667.287,6591.1433,6607.295,2894008.0,3225337160.0,600519.SH,4149.4903,-0.0043420172221098,0.0011663693882828,-0.0055083866103926,0.274832467673412,mid,0.0089953170453934
2020-02-24,6565.7621,6591.087,6453.2067,6462.6614,3865036.0,4221857466.0,600519.SH,4132.8388,-0.0218899867494942,-0.0040129025003383,-0.0178770842491559,0.2859873256734599,mid,-0.0069532989956468
2020-02-25,6410.9985,6434.0161,6354.0455,6393.0459,3838562.0,4127432130.0,600519.SH,4123.8543,-0.0107719553433512,-0.002173929454979,-0.0085980258883722,0.2841488972353333,mid,0.018196220313567
2020-02-26,6320.9542,6444.7651,6281.5599,6386.7991,4356097.0,4663278433.0,600519.SH,4073.0152,-0.0009771242218048,-0.0123280543640933,0.0113509301422884,0.27994734078508493,mid,0.007768006455447
2020-02-27,6399.743,6506.6142,6399.743,6463.8432,3449829.0,3758783810.0,600519.SH,4084.8759,0.0120630223048663,0.0029120195770446,0.0091510027278216,0.2831641636014118,mid,0.0130811778137305
2020-02-28,6367.6647,6433.5096,6253.2522,6292.8154,4994657.0,5307929213.0,600519.SH,3940.0488,-0.0264591504942446,-0.0354544675396381,0.0089953170453934,0.29027695820891863,mid,0.0036369982308875
2020-03-02,6254.0401,6515.3936,6253.4773,6456.0769,4766304.0,5154329159.0,600519.SH,4069.6662,0.0259441108029323,0.0328974097985792,-0.0069532989956468,0.2525357882018682,mid,5.960255504910972e-05
2020-03-03,6523.5538,6641.0616,6523.5538,6607.9703,5025015.0,5585227657.0,600519.SH,4091.3615,0.023527198072873,0.005330977759306,0.018196220313567,0.24154630082020156,mid,0.0143155071353475
2020-03-04,6675.5035,6754.2922,6626.2043,6697.5643,5379299.0,6080149243.0,600519.SH,4115.0524,0.0135584749828552,0.0057904685274081,0.007768006455447,0.24282029075467396,mid,0.0153709174125167
2020-03-05,6739.1535,6956.8355,6706.7939,6934.3807,6242645.0,7210485104.0,600519.SH,4206.7251,0.0353585855084661,0.0222774076947356,0.0130811778137305,0.26281966239339544,mid,0.0028287164019474
2020-03-06,6889.3586,6962.5196,6827.3406,6847.1504,3064100.0,3553622358.0,600519.SH,4138.5072,-0.0125793929946763,-0.0162163912255639,0.0036369982308875,0.2696165792547927,mid,-0.0079920650151168
2020-03-09,6731.7812,6731.7812,6598.4594,6613.6544,4340409.0,4865288500.0,600519.SH,3997.1325,-0.0341011933957227,-0.0341607959507718,5.960255504910972e-05,0.2985859639586162,high,0.0046113592561376
2020-03-10,6607.9703,6917.4974,6607.9703,6849.9643,5806293.0,6635936156.0,600519.SH,4082.7315,0.0357306090865587,0.0214151019512112,0.0143155071353475,0.3085916540989209,high,-0.0145411118282742
2020-03-11,6847.1504,6926.3893,6765.5478,6864.1462,3554757.0,4124607952.0,600519.SH,4028.4289,0.002070361155021,-0.0133005562574957,0.0153709174125167,0.3083628994446426,high,-0.0137520797071344
2020-03-12,6766.7859,6833.081,6676.0663,6751.4783,3663063.0,4172606105.0,600519.SH,3950.9111,-0.0164139714856307,-0.0192426878875782,0.0028287164019474,0.314638133771524,high,0.0017560760978733
2020-03-13,6478.5317,6697.902,6422.254,6602.5114,7588531.0,8348496480.0,600519.SH,3895.3128,-0.0220643381168831,-0.0140722731017662,-0.0079920650151168,0.3259646426335058,high,0.0192873044621764
2020-03-16,6557.2079,6579.5501,6320.9542,6349.0931,5123254.0,5548946745.0,600519.SH,3727.8398,-0.0383821071478953,-0.042993466404033,0.0046113592561376,0.3544341106732481,high,0.0187985989934325
2020-03-17,6281.5599,6410.9985,6034.6135,6225.845,7935912.0,8277472787.0,600519.SH,3709.6822,-0.0194119219955996,-0.0048708101673253,-0.0145411118282742,0.3596004499873104,high,0.0073980781729656
2020-03-18,6197.1434,6309.6987,6016.9986,6016.9986,7345988.0,7582762547.0,600519.SH,3636.2565,-0.033545068982604,-0.0197929892754695,-0.0137520797071344,0.37362731418411516,high,-0.0052967652284692
2020-03-19,5938.2099,6056.4492,5747.4849,5949.5217,10226507.0,10075880470.0,600519.SH,3589.0926,-0.0112143785441465,-0.0129704546420198,0.0017560760978733,0.3649308040947319,high,-0.0067271907643564
2020-03-20,6033.9382,6214.0267,6033.9382,6170.5803,6013919.0,6169094444.0,600519.SH,3653.2239,0.0371556927004737,0.0178683882382972,0.0192873044621764,0.3947295376500117,high,0.0061467705248194
2020-03-23,5972.0327,6170.5803,5924.3093,6078.9603,4847210.0,4918121944.0,600519.SH,3530.3058,-0.0148478741942633,-0.0336464731876958,0.0187985989934325,0.39106268630012997,high,0.0066106231076257
2020-03-24,6214.0267,6303.3956,6169.0045,6287.1876,4665096.0,4900364144.0,600519.SH,3625.1146,0.0342537686913337,0.0268556905183681,0.0073980781729656,0.4109921805868461,high,0.0311384871390121
2020-03-25,6467.1636,6486.1854,6389.613,6422.8168,3704866.0,4015061222.0,600519.SH,3722.5181,0.0215723163724268,0.026869081600896,-0.0052967652284692,0.4183849932843929,high,-0.0038192904718593
2020-03-26,6384.7168,6485.285,6320.9542,6337.3873,3004856.0,3231754298.0,600519.SH,3698.0472,-0.0133009398617751,-0.0065737490974187,-0.0067271907643564,0.4188636145418804,high,0.0198992767906762
2020-03-27,6450.3929,6489.7872,6394.1715,6396.9291,3626112.0,3931759353.0,600519.SH,3710.0605,0.0093953228959196,0.0032485523711001,0.0061467705248194,0.408784685462193,high,0.0013873834997846
2020-03-30,6311.1056,6405.3707,6292.8154,6377.2319,3068741.0,3279823025.0,600519.SH,3674.1108,-0.0030791649699541,-0.0096897880775799,0.0066106231076257,0.39826961406222333,high,-0.0060516462038646
2020-03-31,6433.5096,6619.2258,6432.384,6596.7148,4798437.0,5293170703.0,600519.SH,3686.1551,0.0344166408626287,0.0032781537236166,0.0311384871390121,0.4086563768312614,high,0.0044986556753633
2020-04-01,6630.4814,6698.0146,6551.6926,6551.6926,3320535.0,3700184247.0,600519.SH,3675.0758,-0.0068249426214392,-0.0030056521495799,-0.0038192904718593,0.40623600333192844,high,-0.0043295829637106
2020-04-02,6557.3204,6788.0588,6556.6451,6788.0588,4520561.0,5095167594.0,600519.SH,3734.5306,0.0360771199796521,0.0161778431889758,0.0198992767906762,0.40709114675430774,high,0.0115601010427798
2020-04-03,6754.4611,6804.717,6714.7853,6758.7382,2761761.0,3148421866.0,600519.SH,3713.2183,-0.0043194381286149,-0.0057068216283995,0.0013873834997846,0.4049592461418868,high,0.0020221934276977
2020-04-07,6883.4495,6909.0558,6809.9508,6872.1939,4348800.0,5041525481.0,600519.SH,3798.0214,0.016786520892317,0.0228381670961816,-0.0060516462038646,0.38865112439445726,high,-0.0006657716215054
2020-04-08,6827.4532,6907.9865,6827.4532,6871.1247,2422442.0,2809422100.0,600519.SH,3780.3445,-0.0001555835029625,-0.0046542391783258,0.0044986556753633,0.36791310387428733,high,0.0110177336794997
2020-04-09,6906.2419,6923.1252,6804.717,6864.0337,2281697.0,2640230492.0,600519.SH,3792.8105,-0.0010319998995216,0.003297583064189,-0.0043295829637106,0.36789203959469746,high,0.0046747634061807
2020-04-10,6860.5445,6993.4723,6835.8948,6900.6141,2780434.0,3252600672.0,600519.SH,3769.1782,0.0053292861892562,-0.0062308148535236,0.0115601010427798,0.3628888230757388,high,0.0132092446585092
2020-04-13,6900.6141,6928.6404,6807.756,6885.4192,1598147.0,1854563731.0,600519.SH,3753.2566,-0.0022019634455431,-0.0042241568732408,0.0020221934276977,0.3526014229104933,high,-0.0026280200121604
2020-04-14,6962.5196,7050.0313,6906.2419,7013.7322,3679955.0,4340858665.0,600519.SH,3825.6991,0.0186354666684636,0.0193012382899691,-0.0006657716215054,0.3220393373743951,high,-0.0094042383552772
2020-04-15,7052.5638,7120.0407,7024.9878,7039.0572,2933229.0,3501318260.0,600519.SH,3797.3623,0.0036107737332771,-0.0074069599462226,0.0110177336794997,0.3088150193730549,high,0.0270557273202021
2020-04-16,7058.0228,7081.2654,7008.1045,7081.2654,2172774.0,2588431844.0,600519.SH,3802.3806,0.0059962859798894,0.0013215225737086,0.0046747634061807,0.2706229512913268,mid,0.0084517364938291
2020-04-17,7153.8636,7292.0816,7125.7811,7243.9079,3824569.0,4676618151.0,600519.SH,3839.4871,0.0229679994764777,0.0097587548179685,0.0132092446585092,0.26505334176534057,mid,0.007265086471632
2020-04-20,7215.7691,7274.8606,7192.1324,7251.224,2423864.0,2963483323.0,600519.SH,3853.4551,0.0010099659052815,0.003637985917442,-0.0026280200121604,0.24637163533065656,mid,0.0126001252049199
2020-04-21,7215.8816,7232.5961,7058.1916,7097.586,2922422.0,3517018487.0,600519.SH,3808.0474,-0.0211878711787141,-0.0117836328234368,-0.0094042383552772,0.25511565710688033,mid,-0.0045593446793796
2020-04-22,7131.3526,7376.1604,7110.0796,7348.0216,4403473.0,5430377598.0,600519.SH,3839.3834,0.0352846164879157,0.0082288891677135,0.0270557273202021,0.25655036527579245,mid,-0.0078026241364533
2020-04-23,7378.9743,7467.2176,7366.4244,7391.693,2689851.0,3377042463.0,600519.SH,3829.7525,0.0059432868297502,-0.0025084496640789,0.0084517364938291,0.25149134152582564,mid,-0.0186636638055711
2020-04-24,7367.7187,7434.6329,7295.5708,7382.1258,1912240.0,2390444036.0,600519.SH,3796.9721,-0.0012943178240764,-0.0085594042957084,0.007265086471632,0.2419612631440862,mid,0.0197988230496848
2020-04-27,7418.3686,7537.5084,7384.3769,7525.2962,2590391.0,3284513346.0,600519.SH,3822.769,0.0193941967231172,0.0067940715181973,0.0126001252049199,0.24543148890380745,mid,0.0117017421902743
2020-04-28,7577.6907,7660.0249,7502.1098,7542.9111,3466190.0,4458549425.0,600519.SH,3849.1465,0.0023407583611128,0.0069001030404924,-0.0045593446793796,0.24284847469948462,mid,-0.0079663435289134
2020-04-29,7535.4262,7593.3922,7423.9964,7519.1056,2344406.0,2976724957.0,600519.SH,3867.032,-0.0031560096207418,0.0046466145157115,-0.0078026241364533,0.22576842259896215,mid,0.0069738693092992
2020-04-30,7497.1574,7576.0024,7428.9488,7467.3302,2466087.0,3134408881.0,600519.SH,3912.5772,-0.0068858455718455,0.0117778182337255,-0.0186636638055711,0.22581676876415427,mid,0.0072027370006579
2020-05-06,7384.602,7660.3626,7378.9743,7660.3626,3583481.0,4598589768.0,600519.SH,3936.2539,0.0258502563607003,0.0060514333110155,0.0197988230496848,0.210546800622582,mid,9.20550271497067e-05
2020-05-07,7656.9859,7744.7228,7620.9682,7727.8958,2793474.0,3647628296.0,600519.SH,3924.8946,0.0088159273296017,-0.0028858148606725,0.0117017421902743,0.20702051200148688,mid,0.0041453898557336
2020-05-08,7756.0346,7874.2177,7708.2549,7742.5842,2907868.0,3839218026.0,600519.SH,3963.6217,0.0019006985057949,0.0098670420347084,-0.0079663435289134,0.20422336157506465,mid,-0.0066332277120512
2020-05-11,7772.9179,7857.3344,7737.2941,7789.8575,2367119.0,3135990964.0,600519.SH,3960.1803,0.0061056229779199,-0.0008682463313792,0.0069738693092992,0.20290168176313436,mid,0.021587075634476
2020-05-12,7761.6624,7857.2781,7750.4068,7846.0789,1972181.0,2621824685.0,600519.SH,3960.2378,0.0072172565415991,1.451954094111585e-05,0.0072027370006579,0.2010136942154938,mid,-0.0085692726949108
2020-05-13,7846.0789,7874.1614,7789.1259,7862.6808,2201431.0,2931464950.0,600519.SH,3968.2529,0.002115948642831,0.0020238936156813,9.20550271497067e-05,0.2016447087452007,mid,0.0087897800719123
2020-05-14,7829.1956,7856.6591,7801.6758,7810.0049,1857492.0,2467976357.0,600519.SH,3925.2177,-0.0066994834637061,-0.0108448733194398,0.0041453898557336,0.20486170219782343,mid,0.0161376992035913
2020-05-15,7823.5678,7848.8927,7670.9428,7733.5235,2639808.0,3469736812.0,600519.SH,3912.8159,-0.009792746736945,-0.0031595190248938,-0.0066332277120512,0.20717905695234462,mid,-0.0036273056411231
2020-05-18,7694.1292,7950.1925,7689.233,7920.4216,3436211.0,4587989708.0,600519.SH,3922.9117,0.0241672634731116,0.0025801878386355,0.021587075634476,0.21795095968133354,mid,0.0235996680961949
2020-05-19,8020.5396,8020.5396,7874.2177,7919.8589,2478746.0,3342210487.0,600519.SH,3956.2495,-7.104419795023187e-05,0.0084982284969605,-0.0085692726949108,0.2190155494915498,mid,-0.0147863405876595
2020-05-20,7919.8589,7993.4138,7867.5206,7947.3786,2118340.0,2859455106.0,600519.SH,3935.222,0.0034747715012952,-0.005315008570617,0.0087897800719123,0.2093497560228731,mid,-0.0070805229793917
2020-05-21,7969.8897,8065.3366,7957.8463,8032.3579,2305158.0,3147105462.0,600519.SH,3913.7949,0.0106927459074366,-0.0054449532961546,0.0161376992035913,0.20989049750333924,mid,0.0014229316671166
2020-05-22,8031.7951,8032.3579,7789.1259,7819.0656,3442746.0,4608696074.0,600519.SH,3824.064,-0.0265541330024648,-0.0229268273613417,-0.0036273056411231,0.21948721186449202,mid,0.0133891608188887
2020-05-25,7829.1956,8035.0592,7778.5457,8014.3491,3156100.0,4260387678.0,600519.SH,3829.3245,0.0249752988387768,0.0013756307425818,0.0235996680961949,0.2030176892489353,mid,0.0100746603856105
2020-05-26,8053.6309,8054.0248,7969.8897,7986.773,2247019.0,3056188321.0,600519.SH,3872.7701,-0.0034408408787682,0.0113454997088913,-0.0147863405876595,0.20481289849759957,mid,-0.0090154179355479
2020-05-27,7992.4008,7998.0285,7846.0789,7874.2177,2677741.0,3596654307.0,600519.SH,3845.6135,-0.0140927130394215,-0.0070121900600297,-0.0070805229793917,0.21399826916230957,mid,-0.0077720566082873
2020-05-28,7874.0489,7924.5299,7779.2773,7907.9843,2648591.0,3536546893.0,600519.SH,3856.6324,0.0042882482154384,0.0028653165483218,0.0014229316671166,0.20549596757519173,mid,0.0063172678850556
2020-05-29,7841.0139,8054.1937,7841.0139,8035.1718,3044435.0,4144247222.0,600519.SH,3867.0232,0.0160834284913793,0.0026942676724905,0.0133891608188887,0.21101509600861018,mid,0.0067902483816966
2020-06-01,8116.2116,8336.2573,8116.2116,8332.8806,3547976.0,4986178912.0,600519.SH,3971.3402,0.0370507074907844,0.0269760471051738,0.0100746603856105,0.24096540195933727,mid,-0.0178916008706606
2020-06-02,8313.2397,8380.1539,8260.6201,8283.4126,2596010.0,3679210598.0,600519.SH,3983.5677,-0.0059364825172223,0.0030789354183256,-0.0090154179355479,0.2403535091939651,mid,0.0008876682901373
2020-06-03,8307.5557,8321.6251,8199.3337,8219.1998,2355736.0,3308382799.0,600519.SH,3983.6477,-0.0077519741078694,2.008250041796167e-05,-0.0077720566082873,0.23170234517694996,mid,0.0066212268352403
2020-06-04,8200.6281,8285.0446,8200.6281,8268.105,1803741.0,2534459742.0,600519.SH,3982.1851,0.0059501169444742,-0.0003671509405813,0.0063172678850556,0.2310736508630062,mid,-0.0047771950637375
2020-06-05,8252.685,8385.6691,8229.2172,8363.8333,1834706.0,2597524609.0,600519.SH,4001.2509,0.0115780218078991,0.0047877734262025,0.0067902483816966,0.23274139207207192,mid,0.0090836507082829
2020-06-08,8363.8333,8420.111,8234.451,8257.4686,2930045.0,4145298455.0,600519.SH,4021.9549,-0.0127172190292219,0.0051743818414387,-0.0178916008706606,0.23992792993750248,mid,-0.0105703962277241
2020-06-09,8268.1613,8363.8333,8226.9661,8316.2787,2261191.0,3199849660.0,600519.SH,4047.0293,0.0071220494862069,0.0062343811960696,0.0008876682901373,0.2399061127961522,mid,-0.000606904443529
2020-06-10,8363.8333,8410.7126,8318.8112,8356.2921,2270074.0,3234843851.0,600519.SH,4039.7051,0.0048114549119187,-0.0018097719233216,0.0066212268352403,0.23996187215555134,mid,1.1246449671542535e-05
2020-06-11,8285.1009,8324.3827,8206.1996,8225.728,3071171.0,4314846228.0,600519.SH,3995.8846,-0.0156246452897453,-0.0108474502260078,-0.0047771950637375,0.24681755659677257,mid,-0.0012118036595132
2020-06-12,8150.935,8315.2657,8129.2118,8315.2657,2842742.0,3992323389.0,600519.SH,4003.0829,0.0108850791078918,0.0018014283996088,0.0090836507082829,0.24381989997631412,mid,0.004774534895074
2020-06-15,8234.3947,8288.4213,8116.2116,8127.4672,3461541.0,4819512189.0,600519.SH,3954.9883,-0.0225847864368302,-0.0120143902091061,-0.0105703962277241,0.24831666778856812,mid,-0.0013736316415379
2020-06-16,8214.6975,8301.9279,8184.4764,8244.9749,2920664.0,4099718932.0,600519.SH,4014.5702,0.0144580958751823,0.0150650003187113,-0.000606904443529,0.2524903323514847,mid,0.0188496346874385
2020-06-17,8289.8845,8290.1096,8195.1129,8251.278,1945307.0,2730097120.0,600519.SH,4017.5941,0.0007644777669366,0.0007532313172651,1.1246449671542535e-05,0.2524826412971346,mid,-0.0025210073482968
2020-06-18,8250.7152,8297.4257,8223.702,8296.3002,2101041.0,2956800081.0,600519.SH,4044.3842,0.0054563911190483,0.0066681947785616,-0.0012118036595132,0.25076928993995085,mid,0.0091268573622801
2020-06-19,8335.6945,8477.5142,8308.1185,8447.3494,3895833.0,5603232657.0,600519.SH,4098.7095,0.018206814647329,0.013432279752255,0.004774534895074,0.23353745944685875,mid,-0.0133879173497587
2020-06-22,8420.6738,8470.1418,8409.981,8442.6221,2324700.0,3343536637.0,600519.SH,4102.0459,-0.000559619328638,0.0008140123128999,-0.0013736316415379,0.22029577210789564,mid,0.0002390524877868
2020-06-23,8420.111,8684.616,8411.7819,8642.4078,3393426.0,4963194685.0,600519.SH,4121.7944,0.0236639396663271,0.0048143049788886,0.0188496346874385,0.23102764932704736,mid,0.0108943992908248
2020-06-24,8676.8778,8688.7524,8572.2014,8656.6742,2513899.0,3663537115.0,600519.SH,4138.9895,0.0016507436735395,0.0041717510218364,-0.0025210073482968,0.2211764166281273,mid,-0.02067830255278
2020-06-29,8589.0847,8690.3845,8527.2355,8674.4579,2808061.0,4064048236.0,600519.SH,4109.7164,0.0020543339842915,-0.0070725233779885,0.0091268573622801,0.2213923352961428,mid,-0.0207468990544492
2020-06-30,8674.1765,8707.1552,8629.1544,8672.8258,2244614.0,3281641199.0,600519.SH,4163.9637,-0.0001881500860126,0.013199767263746,-0.0133879173497587,0.21782866838971043,mid,0.0464348697365428
2020-07-01,8701.64,8916.0579,8679.2415,8849.4814,3868249.0,5759640251.0,600519.SH,4247.7835,0.020368862937383,0.0201298104495961,0.0002390524877868,0.1905063232141626,low,-0.0199214707507033
2020-07-02,8876.1008,9168.1818,8853.5897,9129.3502,4588372.0,7014289615.0,600519.SH,4335.8445,0.0316254464357652,0.0207310471449404,0.0108943992908248,0.21233409364771247,mid,2.950796535494682e-05
2020-07-03,9163.1168,9177.1862,8976.7252,9116.9129,3512581.0,5395637032.0,600519.SH,4419.5955,-0.0013623423055894,0.0193159602471906,-0.02067830255278,0.20843669527070174,mid,0.0225038592587971
2020-07-06,9095.5836,9534.5494,9060.7478,9444.5051,5182196.0,8228068998.0,600519.SH,4670.0949,0.0359323603936154,0.0566792594480647,-0.0207468990544492,0.2351744461313906,mid,0.0170209936055967
2020-07-07,9461.8949,10259.5182,9450.1329,9939.7486,6666393.0,11219852098.0,600519.SH,4698.1264,0.0524372102885517,0.0060023405520088,0.0464348697365428,0.2855623748717326,mid,-0.0012116311358771
2020-07-08,9894.7264,10114.2093,9782.1711,9902.2676,5316998.0,8963189092.0,600519.SH,4774.0042,-0.0037708197167081,0.0161506510339952,-0.0199214707507033,0.27828625222677367,mid,0.007798579208104
2020-07-09,9956.6319,10074.8149,9905.982,10041.0483,3503324.0,5951732803.0,600519.SH,4840.7712,0.0140150423727187,0.0139855344073638,2.950796535494682e-05,0.27865686489575503,mid,-0.0275679707864294
2020-07-10,9945.3763,10213.258,9945.0387,10085.2263,3710044.0,6352507468.0,600519.SH,4753.1333,0.0043997398160109,-0.0181041194427862,0.0225038592587971,0.2787547528389188,mid,0.013822840300437
2020-07-13,10089.8974,10496.8974,10089.8974,10468.7023,6072716.0,10679460274.0,600519.SH,4852.9612,0.0380235394420451,0.0210025458364484,0.0170209936055967,0.2794350376520272,mid,-0.0362621418842366
2020-07-14,10468.7023,10468.9274,10279.6656,10356.2033,4609351.0,8135834910.0,600519.SH,4806.6902,-0.0107462220986073,-0.0095345909627301,-0.0012116311358771,0.2911640484047863,mid,0.0158031793501844
2020-07-15,10259.8559,10472.1352,10258.8992,10302.9083,4071294.0,7176560649.0,600519.SH,4744.4687,-0.005146190979082,-0.012944770187186,0.007798579208104,0.2701547357305649,mid,0.0007836950489903
2020-07-16,10175.6082,10175.6082,9444.5051,9523.2939,10224219.0,16901373196.0,600519.SH,4516.2532,-0.0756693525070002,-0.0481013817205707,-0.0275679707864294,0.4118368523022333,high,-0.0007580318658655
2020-07-17,9557.0605,9853.0247,9557.0605,9714.9193,6590206.0,10863420089.0,600519.SH,4544.7007,0.0201217564019524,0.0062989161015154,0.013822840300437,0.4133311557948983,high,-0.002110481177279
2020-07-20,9739.9629,9804.6259,9381.9244,9652.5074,4528033.0,7363822989.0,600519.SH,4680.3046,-0.006424335403383,0.0298378064808535,-0.0362621418842366,0.4166394672960328,high,0.0112097037502749
2020-07-21,9706.9842,10023.0395,9618.9096,9827.1932,4196950.0,7026353151.0,600519.SH,4691.0425,0.0180974531032216,0.0022942737530371,0.0158031793501844,0.4166038748488083,high,0.019108933166998
2020-07-22,9770.9156,10063.5594,9770.9156,9883.9211,3920121.0,6637265372.0,600519.SH,4714.4454,0.0057725434766053,0.004988848427615,0.0007836950489903,0.4154980777906053,high,-0.0230994345067034
2020-07-23,9849.7043,9956.6319,9725.8934,9872.2154,3432052.0,5739050333.0,600519.SH,4712.4357,-0.0011843174264108,-0.0004262855605453,-0.0007580318658655,0.4126181679918241,high,0.0094560040959303
2020-07-24,9753.1881,9815.9377,9360.0886,9418.0546,7875201.0,12705941887.0,600519.SH,4505.5906,-0.0460039395007527,-0.0438934583234736,-0.002110481177279,0.45346491949392065,high,-0.0093887431483182
2020-07-27,9534.6057,9612.2126,9444.5051,9571.4113,3878817.0,6279664444.0,600519.SH,4528.45,0.0162832672471446,0.0050735634968697,0.0112097037502749,0.4552076091426458,high,-0.0220396548277101
2020-07-28,9613.3381,9894.7264,9613.3381,9838.4488,5491152.0,9133721867.0,600519.SH,4568.2576,0.0278994906425138,0.0087905574755158,0.019108933166998,0.46156649451880094,high,0.0001982469394132
2020-07-29,9951.0041,9951.0041,9630.2214,9849.7043,5074843.0,8411789967.0,600519.SH,4679.008,0.0011440319738207,0.0242434664805242,-0.0230994345067034,0.45907183630675286,high,-0.00141189280002
2020-07-30,9845.2021,10010.6021,9841.2627,9894.7264,3837304.0,6486855475.0,600519.SH,4656.1506,0.0045709087936782,-0.0048850953022521,0.0094560040959303,0.44879364977052627,high,-0.0142002916578184
2020-07-31,9922.8653,10035.4206,9703.3824,9884.4839,4068474.0,6846747330.0,600519.SH,4695.0462,-0.0010351473690065,0.0083535957793117,-0.0093887431483182,0.4487392414939527,high,0.0074583363967895
2020-08-03,9933.4455,9988.0348,9782.1711,9827.1932,3466114.0,5790041422.0,600519.SH,4771.3108,-0.0057960234018894,0.0162436314258207,-0.0220396548277101,0.43410052121969317,high,-0.001849574225534
2020-08-04,9866.5876,9911.5535,9782.1711,9838.3925,3194051.0,5337185768.0,600519.SH,4775.8024,0.0011396234684792,0.000941376529066,0.0001982469394132,0.39171825865920923,high,0.014095074464371
2020-08-05,9793.9331,9855.8386,9688.2437,9827.1932,2552169.0,4236612469.0,600519.SH,4777.1089,-0.001138326205221,0.000273566594799,-0.00141189280002,0.3915127578380055,high,-0.0017508958063234
2020-08-06,9838.4488,9861.1287,9613.3381,9658.1351,3264878.0,5372942645.0,600519.SH,4762.7642,-0.0172030911125263,-0.0030027994547079,-0.0142002916578184,0.39228375633061124,high,0.0072883287635504
2020-08-07,9696.4602,9724.0363,9436.0635,9618.9659,3424205.0,5560065753.0,600519.SH,4707.9262,-0.004055565551159,-0.0115139019479485,0.0074583363967895,0.391703516070526,high,0.0003099291235979
2020-08-10,9601.9138,9697.5295,9490.1463,9635.7929,2362354.0,3857721122.0,600519.SH,4724.8697,0.0017493564458941,0.0035989306714281,-0.001849574225534,0.3625389884620135,high,-0.006833836786624
2020-08-11,9669.6158,9818.3576,9669.6158,9683.7415,3581818.0,5936904876.0,600519.SH,4681.7837,0.0049760928340416,-0.0091189816303294,0.014095074464371,0.3628857070243059,high,0.0089961081523316
2020-08-12,9630.2214,9675.2436,9474.0509,9596.1734,2793392.0,4529267493.0,600519.SH,4647.6446,-0.009042796113465,-0.0072919003071415,-0.0017508958063234,0.36344099400925606,high,0.0048822231920683
2020-08-13,9613.3381,9663.3127,9495.155,9641.477,2054134.0,3341652186.0,600519.SH,4635.7126,0.0047210068129865,-0.0025673219505638,0.0072883287635504,0.24325293113892388,mid,-5.18092028349848e-05
2020-08-14,9669.053,9814.2494,9618.9659,9787.7989,3765318.0,6230475427.0,600519.SH,4704.6288,0.0151762950842488,0.0148663659606509,0.0003099291235979,0.23861306869159146,mid,-0.0015941720068544
2020-08-17,9860.9598,10031.7625,9838.4488,9951.0041,4357201.0,7363610867.0,600519.SH,4815.2261,0.0166743515745915,0.0235081883612156,-0.006833836786624,0.24377663393390508,mid,0.0037585631855348
2020-08-18,9992.537,10119.8371,9956.6319,10035.4206,3042281.0,5192751797.0,600519.SH,4812.7564,0.0084832142718138,-0.0005128938805177,0.0089961081523316,0.23747391875054716,mid,0.015989034448048
2020-08-19,10007.2818,10102.9538,9911.5535,9934.1208,2691498.0,4578143762.0,600519.SH,4740.6784,-0.0100942256471042,-0.0149764488391725,0.0048822231920683,0.24004823521847665,mid,0.0117221919160147
2020-08-20,9860.9598,9889.0987,9759.66,9804.6822,2238233.0,3727183935.0,600519.SH,4679.1544,-0.0130296986120805,-0.0129778894092456,-5.18092028349848e-05,0.244698498397878,mid,-0.0031420569883762
2020-08-21,9855.3321,9996.0262,9844.0765,9872.2154,2508241.0,4217048420.0,600519.SH,4718.8431,0.0068878520101345,0.0084820240169889,-0.0015941720068544,0.17579279389142172,low,-0.0094953764997403
2020-08-24,10007.2818,10052.3039,9956.6881,9986.7404,3093344.0,5260286523.0,600519.SH,4755.8491,0.0116007395867803,0.0078421764012455,0.0037585631855348,0.17163001017741059,low,0.0218648920976018
2020-08-25,10034.295,10270.5487,9999.5717,10159.2314,4187249.0,7227309774.0,600519.SH,4761.9507,0.0172720019837504,0.0012829675357024,0.015989034448048,0.15371991204073207,low,0.0029224911027743
2020-08-26,10198.6258,10260.5312,10091.8108,10159.2314,2621573.0,4530374186.0,600519.SH,4706.1302,0.0,-0.0117221919160147,0.0117221919160147,0.15382346327193588,low,-0.0040768616455858
2020-08-27,10187.314,10198.5132,10035.4206,10181.7425,2263553.0,3896759446.0,600519.SH,4731.3451,0.0022158270752647,0.005357884063641,-0.0031420569883762,0.15344542042710918,low,0.0044633640756214
2020-08-28,10181.7425,10367.4588,10128.2787,10328.0644,4229962.0,7389242302.0,600519.SH,4844.2652,0.0143710077130705,0.0238663842128108,-0.0094953764997403,0.15971929613210553,low,-0.0025603723204782
2020-08-31,10404.4895,10660.1026,10404.4895,10494.0835,4781036.0,8608932570.0,600519.SH,4816.2153,0.0160745608828698,-0.005790331214732,0.0218648920976018,0.1639265904880333,low,-0.0040177817614237
2020-09-01,10525.0362,10581.3139,10429.4205,10581.2013,3163992.0,5661594315.0,600519.SH,4842.1223,0.0083016110935272,0.0053791199907529,0.0029224911027743,0.164622018830576,low,-0.0120745815797861
2020-09-02,10710.7525,10727.6358,10401.2254,10541.9195,3200929.0,5746351923.0,600519.SH,4843.887,-0.0037124140148435,0.0003644476307422,-0.0040768616455858,0.16587361977306567,low,0.0103142120611041
2020-09-03,10541.9195,10637.5916,10455.8147,10530.664,3043735.0,5471333880.0,600519.SH,4817.0952,-0.0010676898073448,-0.0055310538829662,0.0044633640756214,0.14800020135769784,low,0.0106477025798907
2020-09-04,10378.7143,10440.5635,10266.159,10401.2254,3085796.0,5433479408.0,600519.SH,4770.219,-0.0122915895901721,-0.0097312172696939,-0.0025603723204782,0.15684577741111497,low,0.0053589770550799
2020-09-07,10344.9477,10446.1912,10029.624,10139.5343,3111202.0,5446354619.0,600519.SH,4669.3677,-0.0251596412861122,-0.0211418595246885,-0.0040177817614237,0.18789484265297013,low,0.0130834742792373
2020-09-08,10187.3703,10220.0113,9878.2371,10071.4383,3447238.0,5865962724.0,600519.SH,4694.3894,-0.0067158902948826,0.0053586912849035,-0.0120745815797861,0.19051382513171636,low,-0.0113014997524208
2020-09-09,10005.4246,10069.1872,9894.9515,9939.7486,2596355.0,4401806095.0,600519.SH,4584.5887,-0.0130755604192103,-0.0233897724803144,0.0103142120611041,0.19412697994271463,mid,-0.0123475451119304
2020-09-10,10028.3296,10119.8371,10007.2818,10039.9228,2477833.0,4236694402.0,600519.SH,4581.9775,0.010078142217802,-0.0005695603620887,0.0106477025798907,0.19610581719908973,mid,-0.0249753168272853
2020-09-11,9939.7486,10209.8813,9939.7486,10192.998,3108800.0,5339883408.0,600519.SH,4627.2826,0.0152466510997473,0.0098876740446673,0.0053589770550799,0.19616819071969224,mid,-0.0085310549801977
2020-09-14,10260.5312,10395.5976,10179.3788,10378.7143,3105601.0,5448188995.0,600519.SH,4651.0507,0.0182199878779529,0.0051365135987155,0.0130834742792373,0.19776118888958982,mid,-0.0062645118199233
2020-09-15,10401.1691,10401.1691,10276.0076,10344.9477,2082087.0,3654872009.0,600519.SH,4688.4826,-0.0032534472983806,0.0080480524540402,-0.0113014997524208,0.1971872763625755,mid,0.0112296453825676
2020-09-16,10344.9477,10372.0173,10114.2093,10148.5387,2251598.0,3916457762.0,600519.SH,4657.3584,-0.0189859828870861,-0.0066384377751557,-0.0123475451119304,0.20648421525969718,mid,-0.0125822374404274
2020-09-17,10007.2818,10007.2818,9770.9156,9841.3752,6367985.0,10683350187.0,600519.SH,4632.7142,-0.0302667713135881,-0.0052914544863027,-0.0249753168272853,0.22991809936275232,mid,0.0072316470355543
2020-09-18,9810.3099,9979.1429,9641.5332,9979.1429,4720140.0,7853673241.0,600519.SH,4737.0887,0.0139988260990191,0.0225298810792169,-0.0085310549801977,0.23397558477428385,mid,0.0018664986612231
2020-09-21,9966.5367,9966.5367,9819.652,9820.4399,2244407.0,3756765108.0,600519.SH,4691.4281,-0.015903470026469,-0.0096389582065457,-0.0062645118199233,0.2372367681132817,mid,0.0125100632254746
2020-09-22,9725.8934,9934.0082,9725.8934,9814.1931,2326547.0,3890070212.0,600519.SH,4635.7608,-0.0006361018512011,-0.0118657472337687,0.0112296453825676,0.22752852195333217,mid,-0.0071609733560727
2020-09-23,9641.477,9815.994,9562.8008,9725.7809,3572552.0,5878691069.0,600519.SH,4652.3273,-0.0090086061176033,0.003573631322824,-0.0125822374404274,0.22891640970898547,mid,0.0103205677413874
2020-09-24,9646.9359,9775.868,9595.3293,9609.5112,3005078.0,4915392273.0,600519.SH,4563.0657,-0.0119547932649808,-0.0191864403005351,0.0072316470355543,0.2309083382090649,mid,-0.0046915432007303
2020-09-25,9613.3381,9725.8934,9585.1993,9642.096,2258296.0,3700843486.0,600519.SH,4570.0216,0.0033908904752615,0.0015243918140384,0.0018664986612231,0.2232493235215562,mid,0.0004420764081403
2020-09-28,9642.5462,9830.0071,9642.5462,9787.7989,2423222.0,4019640150.0,600519.SH,4581.9085,0.0151111231416902,0.0026010599162156,0.0125100632254746,0.2221618535649615,mid,-0.0096746868238883
2020-09-29,9834.6782,9835.0721,9738.8373,9738.8373,1743078.0,2895081366.0,600519.SH,4591.7993,-0.0050023095590981,0.0021586637969746,-0.0071609733560727,0.21785783236330156,mid,0.0011301270678942
2020-09-30,9782.1711,9961.6968,9782.1711,9830.0071,2708781.0,4536012540.0,600519.SH,4587.3953,0.0093614665890353,-0.000959101152352,0.0103205677413874,0.22300803970696823,mid,-0.0004730331865161
2020-10-09,9962.2596,10043.412,9939.7486,9984.7707,3423988.0,5817280605.0,600519.SH,4681.1412,0.0157439967667976,0.020435539967528,-0.0046915432007303,0.23309216472928063,mid,-0.0057381764255074
2020-10-12,10007.2818,10292.103,10007.2818,10292.103,4372904.0,7597987786.0,600519.SH,4823.1578,0.0307801059467494,0.030338029538609,0.0004420764081403,0.25803664169115476,mid,0.0002905232137445
2020-10-13,10292.1593,10292.1593,10204.2536,10226.7646,2294389.0,3995560518.0,600519.SH,4839.201,-0.0063484012936907,0.0033262855301976,-0.0096746868238883,0.24225498365826467,mid,0.0117075076035131
2020-10-14,10232.3924,10271.6742,10153.6037,10170.487,2048139.0,3554316589.0,600519.SH,4807.1021,-0.0055029720738855,-0.0066330991417797,0.0011301270678942,0.24181106968453844,mid,-0.0002364517703012
2020-10-15,10126.1965,10204.2536,10125.4648,10147.9759,1620436.0,2801250556.0,600519.SH,4798.7361,-0.0022133748364261,-0.0017403416499099,-0.0004730331865161,0.23668321437099765,mid,0.0081591303352273
2020-10-16,10147.9759,10201.8899,10024.1651,10074.8149,1737738.0,2991246892.0,600519.SH,4791.676,-0.007209417988468,-0.0014712415629606,-0.0057381764255074,0.23598098596850262,mid,-0.0024706526737368
2020-10-19,10147.9759,10198.5132,9961.6968,10001.654,1922632.0,3284383415.0,600519.SH,4755.4879,-0.0072617612061536,-0.0075522844198981,0.0002905232137445,0.23050706248273217,mid,-0.0345527154127877
2020-10-20,10007.2255,10204.0847,9979.1429,10198.6258,2773493.0,4787807536.0,600519.SH,4793.4672,0.0196939226251977,0.0079864150216846,0.0117075076035131,0.2321774393364338,mid,-0.0121723715656131
2020-10-21,10199.1886,10244.4921,10136.7204,10194.8552,1890137.0,3275357440.0,600519.SH,4792.8284,-0.0003697164769002,-0.0001332647065989,-0.0002364517703012,0.23199446024663908,mid,0.0152889101547659
2020-10-22,10176.1147,10260.5312,10094.5684,10246.4618,2248087.0,3897729793.0,600519.SH,4777.9845,0.0050620238333545,-0.0030971065018727,0.0081591303352273,0.222257032075545,mid,-0.0011050700158894
2020-10-23,10236.7821,10275.1071,10086.0705,10093.5554,1929169.0,3339987454.0,600519.SH,4718.4881,-0.0149228487827866,-0.0124521961090497,-0.0024706526737368,0.19953007970947975,mid,0.0128464871512609
2020-10-26,9551.4327,9798.6042,9444.5051,9686.4991,6601529.0,10821908227.0,600519.SH,4691.2359,-0.0403283366334917,-0.005775621220704,-0.0345527154127877,0.24240131009861476,mid,-0.0031480657714815
2020-10-27,9686.4991,9692.1268,9535.2247,9585.1993,4394440.0,7156688307.0,600519.SH,4699.2792,-0.010457834038306,0.0017145375273071,-0.0121723715656131,0.23881688714654636,mid,-3.767422984735092e-05
2020-10-28,9590.8271,9877.8431,9585.6495,9809.2407,3463653.0,5739452181.0,600519.SH,4737.2718,0.0233736819640255,0.0080847718092595,0.0152889101547659,0.2541550698740024,mid,-0.0049723289410317
2020-10-29,9753.1318,10052.3039,9709.0101,9872.2154,3937376.0,6633168613.0,600519.SH,4772.9198,0.0064199362545971,0.0075250062704865,-0.0011050700158894,0.2527203694159521,mid,-0.002289313044574
2020-10-30,9883.4709,9984.7707,9810.3099,9838.5613,2605545.0,4379602068.0,600519.SH,4695.3338,-0.0034089714047365,-0.0162554585559974,0.0128464871512609,0.24875877324435514,mid,-0.0119456236260082
2020-11-02,9866.5876,9979.1429,9849.7043,9861.0161,2106643.0,3544422245.0,600519.SH,4720.8313,0.0022823255672554,0.005430391338737,-0.0031480657714815,0.24866603311918606,mid,0.0040093120435904
2020-11-03,9922.809,10040.4856,9869.4015,9979.1429,2349749.0,3976621208.0,600519.SH,4777.5608,0.0119791711931187,0.0120168454229661,-3.767422984735092e-05,0.2465887281818511,mid,0.0068499875002876
2020-11-04,10007.2818,10029.7928,9922.8653,10004.9181,1644371.0,2788396253.0,600519.SH,4813.6564,0.0025829071953664,0.0075552361363981,-0.0049723289410317,0.24557367273348749,mid,0.0023998593089745
2020-11-05,10102.9538,10190.0716,10075.3777,10130.5298,2352414.0,4053043271.0,600519.SH,4885.1118,0.0125549953277477,0.0148443083723217,-0.002289313044574,0.247192330054117,mid,0.0011742217461618
2020-11-06,10179.21,10185.0629,9951.0041,10010.771,2305153.0,3932702367.0,600519.SH,4885.7178,-0.0118215732409177,0.0001240503850905,-0.0119456236260082,0.2456673548331025,mid,-0.0059165947046098
2020-11-09,10015.0481,10292.4969,10010.771,10246.8558,4146970.0,7198679683.0,600519.SH,4981.3497,0.0235830786659687,0.0195737666223783,0.0040093120435904,0.23489458053852688,mid,0.0043047923345418
2020-11-10,10305.1031,10370.1601,10209.8813,10260.5312,3018944.0,5287968173.0,600519.SH,4953.8756,0.0013345947544221,-0.0055153927458655,0.0068499875002876,0.23377121142265106,mid,-0.0059667509041597
2020-11-11,10260.5312,10443.4336,10181.7425,10183.7122,3485073.0,6122365404.0,600519.SH,4904.8981,-0.0074868443458365,-0.0098867036548111,0.0023998593089745,0.23452567445178707,mid,-0.0117104649247117
2020-11-12,10176.171,10288.6701,10132.6121,10203.0717,2347309.0,4071729792.0,600519.SH,4908.463,0.0019010258361387,0.0007268040899768,0.0011742217461618,0.23442598793907632,mid,0.0075543676816203
2020-11-13,10142.3481,10169.8116,9956.6319,10035.4206,2815548.0,4791276459.0,600519.SH,4856.8513,-0.0164314340748973,-0.0105148393702875,-0.0059165947046098,0.24058775780660757,mid,-0.0032324257126133
2020-11-16,10069.1872,10176.3961,9991.8617,10176.3961,3061349.0,5247897161.0,600519.SH,4904.1716,0.0140477918782995,0.0097429995437576,0.0043047923345418,0.2440244657602823,mid,0.0265782726148462
2020-11-17,10232.3924,10245.6176,10013.3035,10096.2005,2522403.0,4355288047.0,600519.SH,4894.786,-0.0078805501684431,-0.0019137992642833,-0.0059667509041597,0.2354562454457944,mid,-0.0081534064086371
2020-11-18,10091.6982,10122.8198,9912.5102,9971.5454,3517895.0,5973146815.0,600519.SH,4891.6716,-0.0123467338034738,-0.0006362688787621,-0.0117104649247117,0.239244001359092,mid,-0.0071009855383634
2020-11-19,9920.0514,10147.9759,9898.1031,10120.9064,2781576.0,4767508753.0,600519.SH,4927.9891,0.0149787213524594,0.0074243536708391,0.0075543676816203,0.24509374705135875,mid,0.0023499061005793
2020-11-20,10119.8371,10209.8813,10078.473,10119.612,2187466.0,3771894859.0,600519.SH,4943.2882,-0.0001278936835144,0.0031045320290989,-0.0032324257126133,0.2391015670148692,mid,-0.0104982705250247
2020-11-23,10406.9094,10625.7733,10406.9094,10514.9625,6663724.0,11926870595.0,600519.SH,5005.0273,0.0390677527952654,0.0124894801804191,0.0265782726148462,0.22618962245263174,mid,-0.0090911758342113
2020-11-24,10401.1691,10471.5725,10296.9429,10364.6449,3246536.0,5736960168.0,600519.SH,4974.2855,-0.0142955906880315,-0.0061421842793943,-0.0081534064086371,0.22987006485721048,mid,-0.0086562518828268
2020-11-25,10353.3894,10394.9223,10142.3481,10158.5561,2822632.0,4910540741.0,600519.SH,4910.7,-0.0198838264106857,-0.0127828408723222,-0.0071009855383634,0.23281865633231413,mid,0.0005472517676203
2020-11-26,10153.6037,10232.3361,10148.9889,10200.8206,2322830.0,4027749313.0,600519.SH,4919.5912,0.0041604830040757,0.0018105769034963,0.0023499061005793,0.23236845495338687,mid,0.0080412287461274
2020-11-27,10191.0846,10232.5612,10108.5815,10220.5741,2156861.0,3737697985.0,600519.SH,4980.765,0.001936461856804,0.0124347323818287,-0.0104982705250247,0.2315709508354379,mid,0.0223895784013485
2020-11-30,10204.2536,10226.2019,10085.564,10085.564,3194007.0,5520322173.0,600519.SH,4960.2519,-0.0132096395641806,-0.0041184637299692,-0.0090911758342113,0.2377727244969896,mid,0.0189308640355039
2020-12-01,10153.6037,10226.7084,10119.8934,10215.5091,2819620.0,4891829153.0,600519.SH,5067.0983,0.0128842670573503,0.0215405189401771,-0.0086562518828268,0.2383363468968427,mid,0.022348246739705
2020-12-02,10266.159,10283.0423,10181.7425,10221.1931,2357169.0,4101369306.0,600519.SH,5067.1447,0.0005564088822553,9.15711463500557e-06,0.0005472517676203,0.23829767174865998,mid,0.0082233132854243
2020-12-03,10221.1931,10320.5232,10187.933,10283.0423,2950578.0,5147357781.0,600519.SH,5057.0603,0.0060510744093074,-0.00199015433682,0.0080412287461274,0.23527775893091116,mid,-0.0032616071648357
2020-12-04,10299.9256,10570.6211,10299.9256,10531.2831,6249119.0,11176048847.0,600519.SH,5065.9163,0.0241407934303645,0.0017512150290159,0.0223895784013485,0.2440537372251942,mid,0.0035516303554247
2020-12-07,10585.2533,10797.3638,10573.1536,10639.8427,5833133.0,10617305104.0,600519.SH,5022.2351,0.0103082975710717,-0.0086225664644321,0.0189308640355039,0.23326177669813059,mid,-0.0045039421711428
2020-12-08,10654.4749,10992.1408,10643.2193,10851.4467,6145400.0,11333352154.0,600519.SH,5009.8786,0.019887888004209,-0.0024603587354959,0.022348246739705,0.24171897590702093,mid,-0.0088911106071218
2020-12-09,10941.2095,10941.4909,10789.5412,10795.169,3115212.0,5766037609.0,600519.SH,4942.6986,-0.0051861932842558,-0.0134095065696802,0.0082233132854243,0.24054122347045975,mid,0.0108920577151363
2020-12-10,10795.169,10850.1523,10727.6358,10755.2119,3265354.0,6009239911.0,600519.SH,4940.5249,-0.0037013871667964,-0.0004397800019607,-0.0032616071648357,0.2417085668981511,mid,0.0004581830292784
2020-12-11,10765.7921,10780.0866,10597.1279,10682.6137,3077579.0,5595359665.0,600519.SH,4889.6292,-0.0067500483184343,-0.0103016786738591,0.0035516303554247,0.23383447765880316,mid,-0.0070620783848974
2020-12-14,10726.3414,10738.7788,10654.4749,10733.2636,3305200.0,6026813428.0,600519.SH,4934.8352,0.0047413396592259,0.0092452818303687,-0.0045039421711428,0.2304338859227098,mid,-0.0106743372044556
2020-12-15,10758.5885,10779.5238,10598.1972,10660.1589,2960497.0,5383582284.0,600519.SH,4945.1,-0.006811041145025,0.0020800694620968,-0.0088911106071218,0.22980889395280368,mid,0.0363058457808221
2020-12-16,10741.7052,10827.0784,10683.7955,10795.169,3215016.0,5901298275.0,600519.SH,4953.867,0.0126649237845788,0.0017728660694424,0.0108920577151363,0.22501512572219687,mid,-0.0286150101785425
2020-12-17,10826.1217,10952.7465,10795.169,10938.7333,3603064.0,6683421886.0,600519.SH,5017.4784,0.0132989395534242,0.0128407565241457,0.0004581830292784,0.2240118588170486,mid,-0.0044714910541419
2020-12-18,10861.6329,10958.4305,10801.247,10823.3078,2707698.0,5020968993.0,600519.SH,4999.9678,-0.01055199874011,-0.0034899203552125,-0.0070620783848974,0.22953905776459937,mid,-0.0085777772045881
2020-12-21,10795.169,10858.3688,10781.6624,10809.2384,3069672.0,5663526809.0,600519.SH,5046.8396,-0.0012999168331885,0.0093744203712671,-0.0106743372044556,0.18734285333591705,low,0.0180914787779602
2020-12-22,10851.2778,11127.1509,10809.2947,11025.9074,4065060.0,7618583444.0,600519.SH,4964.7727,0.020044797975776,-0.0162610478050461,0.0363058457808221,0.18872119583363559,low,0.0011660479936728
2020-12-23,11121.5232,11167.7271,10688.354,10804.4548,4770609.0,8901002262.0,600519.SH,5007.1235,-0.0200847505757213,0.0085302596028211,-0.0286150101785425,0.1890477152807294,low,0.0198953495654967
2020-12-24,10671.3582,10901.4212,10542.0321,10740.8048,3785714.0,6921989374.0,600519.SH,5000.0154,-0.0058910885535843,-0.0014195974994424,-0.0044714910541419,0.19168650915149474,low,0.0132374043980052
2020-12-25,10586.8854,10834.5634,10570.0584,10738.8914,2308805.0,4218997634.0,600519.SH,5042.0137,-0.0001781430754611,0.008399634129127,-0.0085777772045881,0.19193792051121555,low,-0.0113099918445602
2020-12-28,10719.7569,11069.804,10716.6617,10980.8853,3008037.0,5616528738.0,600519.SH,5064.4147,0.0225343465155072,0.0044428677375469,0.0180914787779602,0.19493533972730603,mid,0.0109606017639738
2020-12-29,10980.8853,11058.5485,10879.5855,10947.1187,2286759.0,4275994834.0,600519.SH,5042.9361,-0.0030750343963613,-0.0042410823900341,0.0011660479936728,0.1938784680321037,low,0.0098118130985527
2020-12-30,10964.002,11318.5513,10963.9457,11318.5513,3445210.0,6604461376.0,600519.SH,5113.7105,0.0339297133957265,0.0140343638302298,0.0198953495654967,0.22132697886642771,mid,0.000646018777781
2020-12-31,11363.5734,11689.8713,11352.3179,11684.3561,3886007.0,7682300728.0,600519.SH,5211.2885,0.03231904775658,0.0190816433585747,0.0132374043980052,0.2413922296355177,mid,-0.019235181431366
2021-01-04,11695.499,11723.6941,11604.4981,11678.7283,4351400.0,8686920261.0,600519.SH,5267.7181,-0.0004816525576449,0.0108283392869152,-0.0113099918445602,0.23323444868654972,mid,0.0143634965343617
2021-01-05,11639.3339,12030.1823,11596.9006,12030.1823,5211605.0,10592557370.0,600519.SH,5368.5049,0.0300935162606701,0.0191329144966962,0.0109606017639738,0.2489307899288189,mid,-0.0004359392073156
2021-01-06,12060.2908,12399.0824,11898.38,12258.3882,4741020.0,9882593867.0,600519.SH,5417.6677,0.0189694465394758,0.0091576334409231,0.0098118130985527,0.24828516202771986,mid,0.0046690123996013
2021-01-07,12241.5049,12483.4989,12117.6941,12483.4989,3793139.0,7991178754.0,600519.SH,5513.6568,0.0183638090364932,0.0177177902587122,0.000646018777781,0.24799667788428814,mid,0.0058951712548475
2021-01-08,12494.7544,12544.729,12050.2734,12202.1105,5386164.0,11345202869.0,600519.SH,5495.4306,-0.0225408278763896,-0.0033056464450236,-0.019235181431366,0.2674426813592497,mid,-0.0212438699526275
2021-01-11,12202.1105,12542.5904,12025.3987,12256.8687,5107990.0,10768565415.0,600519.SH,5441.1583,0.0044876007310374,-0.0098758958033242,0.0143634965343617,0.26301620782158197,mid,-0.0198688462919868
2021-01-12,12190.855,12601.1192,12173.9717,12601.1192,4105859.0,8800558288.0,600519.SH,5596.3525,0.0280863333389544,0.0285222725462701,-0.0004359392073156,0.27318343478671153,mid,-0.0103507259752082
2021-01-13,12618.5652,12671.0723,12455.36,12618.5652,3438993.0,7418330854.0,600519.SH,5577.9711,0.0013844801976001,-0.0032845322020012,0.0046690123996013,0.2687256195400063,mid,0.0077990427505336
2021-01-14,12573.5431,12612.9375,12349.0515,12449.7323,3615220.0,7722089684.0,600519.SH,5470.4563,-0.0133797224426117,-0.0192748936974592,0.0058951712548475,0.27920341776125984,mid,-0.0023052327352404
2021-01-15,12342.8047,12451.702,11858.8168,12157.0884,5950939.0,12372103227.0,600519.SH,5458.0812,-0.0235060395635976,-0.0022621696109701,-0.0212438699526275,0.2986088296241405,high,0.0037680491706044
2021-01-18,12039.243,12210.4396,11922.2417,12050.1609,3914404.0,8076715790.0,600519.SH,5518.5205,-0.0087954859323059,0.0110733603596808,-0.0198688462919868,0.2974222462717676,high,0.0339617042694027
2021-01-19,12107.0576,12237.5655,11734.1618,11748.5689,4634519.0,9479278513.0,600519.SH,5437.5234,-0.0250280475508007,-0.0146773215755925,-0.0103507259752082,0.3160141695212489,high,0.0053829894319072
2021-01-20,11740.6337,12007.8963,11597.1257,11924.2677,4508242.0,9126453277.0,600519.SH,5476.4336,0.0149549108062003,0.0071558680556667,0.0077990427505336,0.31316774741206954,high,-0.0265506923976246
2021-01-21,11965.7444,12202.2231,11926.35,12089.5552,3831017.0,7953455967.0,600519.SH,5564.9693,0.0138614382164532,0.0161666709516936,-0.0023052327352404,0.30134478442071466,high,0.0268288409233358
2021-01-22,12083.9275,12258.3882,12033.8403,12145.5515,2924761.0,6090260364.0,600519.SH,5569.776,0.0046317915815463,0.0008637424109418,0.0037680491706044,0.29822642845284386,high,0.0176914037708501
2021-01-25,12162.7162,12705.7956,12162.7162,12680.4707,5595716.0,12029474558.0,600519.SH,5625.9232,0.0440423969220336,0.0100806926526308,0.0339617042694027,0.3254870195494788,high,-0.015399011774407
2021-01-26,12736.7483,12748.0039,12399.7014,12494.1353,3174746.0,6820173362.0,600519.SH,5512.9678,-0.0146946753325174,-0.0200776647644247,0.0053829894319072,0.33104058579341195,high,0.0009086357544305
2021-01-27,12494.1353,12494.1353,12173.9717,12196.4828,3712017.0,7809446387.0,600519.SH,5528.0034,-0.0238233773568947,0.0027273150407298,-0.0265506923976246,0.34696061871302025,high,0.0230892778046759
2021-01-28,12145.8329,12312.7524,12033.3901,12190.855,3512864.0,7337084455.0,600519.SH,5377.1427,-0.0004614281094218,-0.0272902690327576,0.0268288409233358,0.33087742329474895,high,0.0597825151360622
2021-01-29,12265.0853,12536.8501,12203.3487,12349.4455,3370133.0,7166179277.0,600519.SH,5351.9646,0.0130089727094613,-0.0046824310613887,0.0176914037708501,0.31564786880782253,high,-0.0050015076469421
2021-02-01,12427.2212,12596.0542,12230.2494,12310.839,2934059.0,6219639111.0,600519.SH,5417.6484,-0.0031261727500234,0.0122728390243835,-0.015399011774407,0.316169308512555,high,0.0085368075980243
2021-02-02,12327.1595,12539.7202,12270.2065,12511.6377,3458225.0,7372233582.0,600519.SH,5501.0915,0.0163107242325237,0.0154020884780932,0.0009086357544305,0.3039532393542721,high,0.013942772051767
2021-02-03,12539.7765,12811.4288,12483.4989,12764.3807,3871415.0,8384049314.0,600519.SH,5485.2008,0.0202006328875716,-0.0028886449171042,0.0230892778046759,0.30488750249962626,high,0.035676091848158
2021-02-04,12770.5149,13552.7744,12770.5149,13501.2804,6385101.0,14596930188.0,600519.SH,5473.9475,0.0577309402876082,-0.0020515748484539,0.0597825151360622,0.3596720560641681,high,-0.0417486381614462
2021-02-05,13524.6356,13747.4951,13333.2915,13457.1024,3972906.0,9253566205.0,600519.SH,5483.414,-0.0032721341007034,0.0017293735462386,-0.0050015076469421,0.3469739622117543,high,-0.0061285185917194
2021-02-08,13592.1688,13827.8596,13457.1024,13771.1317,3578573.0,8420758625.0,600519.SH,5564.5618,0.0233355807710877,0.0147987731730634,0.0085368075980243,0.35291008387045164,high,-0.0363474477020134
2021-02-09,13771.1317,14264.2929,13665.3297,14264.2929,3329655.0,7972930045.0,600519.SH,5686.2502,0.035811232565585,0.0218684605138179,0.013942772051767,0.3602890920182033,high,0.0111771353231739
2021-02-10,14425.0782,15079.0246,14425.0782,15077.899,6137057.0,15675929714.0,600519.SH,5807.7191,0.0570379552427726,0.0213618633946146,0.035676091848158,0.40167457239787396,high,-0.0240043575017988
2021-02-18,15004.6255,15229.1734,14312.5229,14346.2894,6591232.0,16704135269.0,600519.SH,5768.3814,-0.0485219857222812,-0.006773347560835,-0.0417486381614462,0.44496181985671596,high,-0.0230850155241175
2021-02-19,14234.6346,14490.6979,13843.1672,14284.384,5938546.0,14525164525.0,600519.SH,5778.842,-0.0043150809435086,0.0018134376482108,-0.0061285185917194,0.4322674117365974,high,0.0120632316662423
2021-02-22,14256.2452,14256.2452,13261.3687,13316.5208,7893547.0,18498777223.0,600519.SH,5597.3327,-0.0677567335070241,-0.0314092858050106,-0.0363474477020134,0.5075645168350313,high,0.0006325788271717
2021-02-23,13187.7575,13636.5719,13186.9696,13423.3358,5745460.0,13316110795.0,600519.SH,5579.6681,0.0080212393014849,-0.003155896021689,0.0111771353231739,0.4945949430134417,high,-0.0319569302674149
2021-02-24,13428.9073,13485.2412,12598.8681,12759.2594,8211578.0,18195034445.0,600519.SH,5437.5683,-0.0494717862902602,-0.0254674287884614,-0.0240043575017988,0.5325256633940454,high,0.0192103575134703
2021-02-25,12871.8147,12959.0451,12377.7531,12539.7765,5972643.0,12982145755.0,600519.SH,5469.5584,-0.017201852640444,0.0058831628836735,-0.0230850155241175,0.5362426167824857,high,-0.0167810084141979
2021-02-26,12258.3882,12708.3281,12074.3603,12386.5887,6652506.0,14097015494.0,600519.SH,5336.7609,-0.0122161507423995,-0.0242793824086419,0.0120632316662423,0.5386314092270854,high,0.0162326399288516
2021-03-01,12702.9817,12702.9817,12370.9435,12584.7986,4491626.0,9686945529.0,600519.SH,5418.7837,0.016001976395648,0.0153693975684763,0.0006325788271717,0.5180840231630034,high,-0.0120884701985816
2021-03-02,12708.6095,12708.6095,11881.3279,12022.022,7076450.0,14796698646.0,600519.SH,5349.6301,-0.0447187609343227,-0.0127618306669077,-0.0319569302674149,0.5399777575377849,high,0.0101721647837527
2021-03-03,11920.7222,12538.4821,11881.3279,12483.4989,5421546.0,11366685429.0,600519.SH,5452.2125,0.0383859636922974,0.019175606178827,0.0192103575134703,0.5507158519773221,high,0.0098249734288453
2021-03-04,12230.2494,12235.8771,11752.452,11881.3279,6508829.0,13297304316.0,600519.SH,5280.7058,-0.0482373575568625,-0.0314563491426646,-0.0167810084141979,0.5786508361626981,high,0.0131744817263439
2021-03-05,11695.6116,12230.2494,11628.0784,12033.8966,6377920.0,13100315985.0,600519.SH,5262.7958,0.0128410478428089,-0.0033915920860426,0.0162326399288516,0.5785985691214225,high,-0.013888889979112
2021-03-08,12117.4689,12173.9717,11470.501,11470.501,6309959.0,12724245990.0,600519.SH,5080.0246,-0.0468173874786326,-0.034728917280051,-0.0120884701985816,0.6014060303150964,high,-0.0024870017995246
2021-03-09,11442.3621,11695.6116,11133.848,11341.0061,8226581.0,16100769579.0,600519.SH,4970.9994,-0.0112893848315779,-0.0214615496153306,0.0101721647837527,0.5977162866742965,high,0.0083653901078211
2021-03-10,11566.173,11694.88,11509.8953,11526.8349,5117174.0,10136910284.0,600519.SH,5003.6121,0.016385565651005,0.0065605922221596,0.0098249734288453,0.5957990647127114,high,0.0052763536524038
2021-03-11,11554.9174,12145.7766,11478.83,11965.7444,5676897.0,11521736384.0,600519.SH,5128.2156,0.0380771915107416,0.0249027097843976,0.0131744817263439,0.5722282081115908,high,0.0106370806514881
2021-03-12,12089.5552,12128.9496,11706.9234,11841.9335,4032251.0,8181594631.0,600519.SH,5146.3786,-0.0103471122114224,0.0035417777676896,-0.013888889979112,0.5724309727290168,high,-0.0016017956794334
2021-03-15,11976.9999,12088.4297,11420.6952,11557.4499,6248487.0,12459955712.0,600519.SH,5035.5441,-0.0240234080017422,-0.0215364062022176,-0.0024870017995246,0.5651536543597391,high,-0.019580506505985
2021-03-16,11554.5235,11808.1106,11498.6398,11754.7031,3464850.0,6918600717.0,600519.SH,5079.3624,0.0170671905746266,0.0087018004668055,0.0083653901078211,0.5495303304642345,high,0.0123788596542838
2021-03-17,11695.6116,11976.9999,11560.6015,11866.4706,3137491.0,6352656523.0,600519.SH,5100.8581,0.0095083218222671,0.0042319681698632,0.0052763536524038,0.49711046113182183,high,0.0127075875994072
2021-03-18,11892.5834,12181.6255,11892.5834,12087.8669,3386488.0,6997030294.0,600519.SH,5141.7681,0.0186572998377463,0.0080202191862581,0.0106370806514881,0.48773685512858944,high,-0.008232993101304
2021-03-19,11892.5834,11937.6055,11651.8839,11751.8893,3578077.0,7211521835.0,600519.SH,5007.0907,-0.0277946144493037,-0.0261928187698703,-0.0016017956794334,0.49243606968644865,high,-0.002166605230057
2021-03-22,11696.1744,11842.44,11445.4574,11639.2777,3691407.0,7323391311.0,600519.SH,5057.152,-0.0095824251850296,0.0099980813209554,-0.019580506505985,0.44141212849327915,high,0.0083258286309593
2021-03-23,11689.3085,11745.1359,11526.7786,11673.1005,2744619.0,5459520703.0,600519.SH,5009.2459,0.0029059191533853,-0.0094729405008985,0.0123788596542838,0.4395747820548328,high,0.0009100627703897
2021-03-24,11588.684,11768.7726,11588.684,11633.7062,2935739.0,5857848160.0,600519.SH,4928.6853,-0.0033747931836961,-0.0160823807831034,0.0127075875994072,0.40935225783813256,high,-0.0129439878342886
2021-03-25,11526.8349,11633.0308,11396.2144,11532.4064,3157523.0,6216733244.0,600519.SH,4926.3469,-0.0087074401105299,-0.0004744470092258,-0.008232993101304,0.40690139902373185,high,0.0046448127096105
2021-03-26,11611.1951,11819.4225,11459.2454,11768.7726,5001642.0,9987629444.0,600519.SH,5037.9899,0.0204958264391377,0.0226624316691947,-0.002166605230057,0.4144927089138438,high,0.0454181971352822
2021-03-29,11938.7311,12237.8469,11842.7777,11887.5184,5699220.0,11740129413.0,600519.SH,5046.8773,0.0100899052123752,0.0017640765814159,0.0083258286309593,0.4115648596783093,high,-0.0119464002341398
2021-03-30,11920.7222,12179.5995,11893.0336,12011.0479,3262697.0,6717493350.0,600519.SH,5094.7291,0.0103915296568541,0.0094814668864644,0.0009100627703897,0.3820604089231792,high,-0.022382445269438
2021-03-31,11949.4238,11954.6014,11695.6116,11746.2615,3715441.0,7489086233.0,600519.SH,5048.3607,-0.0220452372019929,-0.0091012493677042,-0.0129439878342886,0.36169374267947274,high,0.0025484413891758
2021-04-01,11813.7947,11958.9911,11702.4775,11946.0472,2658763.0,5379775870.0,600519.SH,5110.7768,0.0170084498799893,0.0123636371703788,0.0046448127096105,0.32527458636256235,high,-0.0082385342169735
2021-04-02,12010.7665,12624.193,12010.7665,12607.3097,5202757.0,10981752658.0,600519.SH,5161.5569,0.0553540839852029,0.0099358868499206,0.0454181971352822,0.37752438086140133,high,0.0121003369483336
2021-04-06,12601.6819,12607.1972,12271.3321,12404.879,3274177.0,6967525037.0,600519.SH,5140.3418,-0.0160566135691898,-0.00411021333505,-0.0119464002341398,0.33782487050165344,high,0.0074398811694121
2021-04-07,12281.2369,12355.7486,11976.9999,12038.9053,4020097.0,8317799925.0,600519.SH,5103.7428,-0.0295023998218765,-0.0071199545524385,-0.022382445269438,0.35462321007779113,high,0.004088706856538
2021-04-08,11960.2854,12140.2051,11943.2333,12089.5552,2854762.0,5893307514.0,600519.SH,5112.2086,0.0042071848509348,0.0016587434617589,0.0025484413891758,0.351247765164757,high,-0.0084197150054123
2021-04-09,11931.9778,11999.511,11723.8067,11808.1669,2880886.0,5832453812.0,600519.SH,5035.3374,-0.0232753228175012,-0.0150367886005277,-0.0082385342169735,0.3362918811210989,high,0.0153310519700411
2021-04-12,11757.517,11864.4446,11648.9011,11745.6424,3194307.0,6409917318.0,600519.SH,4947.7459,-0.0052950217023101,-0.0173953586506437,0.0121003369483336,0.33479492269308586,high,-0.0088524041048498
2021-04-13,11808.1669,11975.8743,11746.2615,11813.7947,2899215.0,5883787293.0,600519.SH,4939.6438,0.005802347600843,-0.0016375335685691,0.0074398811694121,0.32318240227673456,high,0.00385686909806
2021-04-14,11892.5834,11965.7444,11785.6559,11960.1166,2411465.0,4908790023.0,600519.SH,4980.6279,0.0123856816303062,0.0082969747737682,0.004088706856538,0.3205683828440301,high,-0.0098363204030846
2021-04-15,11869.5096,11959.5538,11639.3339,11783.4047,3436621.0,6903769490.0,600519.SH,4948.9741,-0.0147750984300605,-0.0063553834246481,-0.0084197150054123,0.3236529764689468,high,-0.009488588065047
2021-04-16,11836.756,12078.2997,11763.1448,12005.0262,3029370.0,6183895054.0,600519.SH,4966.1811,0.0188079341788203,0.0034768822087791,0.0153310519700411,0.3237695274820013,high,0.0159658031361116
2021-04-19,12005.1387,12249.1587,11881.3279,12190.855,3175391.0,6610577917.0,600519.SH,5087.0165,0.0154792498495337,0.0243316539543836,-0.0088524041048498,0.3109443260063371,high,-0.0028924982106115
2021-04-20,12095.7458,12421.5934,12089.5552,12229.1238,2829037.0,5949669953.0,600519.SH,5083.3654,0.0031391399536784,-0.0007177291443816,0.00385686909806,0.3079150525777253,high,0.0050926011561165
2021-04-21,12123.3218,12246.0071,12061.9792,12145.8329,2614975.0,5446145952.0,600519.SH,5098.7449,-0.0068108640784223,0.0030254563246623,-0.0098363204030846,0.30973506683215146,high,-0.0297789245619259
2021-04-22,12201.5478,12252.7604,11985.4416,12007.9526,2685002.0,5539295656.0,600519.SH,5089.2435,-0.0113520662712228,-0.0018634782061758,-0.009488588065047,0.312905888844241,high,-0.0161527964528774
2021-04-23,12010.5977,12370.2682,11991.0693,12308.7004,3346277.0,7002695288.0,600519.SH,5135.4534,0.0250457184516199,0.0090799153155083,0.0159658031361116,0.32075949635868484,high,-0.0014262168079347
2021-04-26,12438.4767,12455.36,12109.8152,12133.5644,3404511.0,7160836874.0,600519.SH,5077.2372,-0.0142286345681141,-0.0113361363575026,-0.0028924982106115,0.31997315365600476,high,-0.010744021995161
2021-04-27,12185.6775,12231.6563,12061.9229,12227.0978,2210785.0,4607779002.0,600519.SH,5090.5195,0.0077086499001068,0.0026160487439903,0.0050926011561165,0.3192576985841449,high,-0.01463157565545
2021-04-28,11751.8893,11962.9305,11712.4949,11931.9778,8134295.0,16463574637.0,600519.SH,5119.2421,-0.0241365534836892,0.0056423710782367,-0.0297789245619259,0.3299914386936057,high,-0.0113720314201182
2021-04-29,11960.3417,11976.6622,11774.4003,11843.9595,4128378.0,8370431228.0,600519.SH,5164.1692,-0.0073766731279033,0.0087761233249741,-0.0161527964528774,0.3210560506812277,high,0.034722012136239
2021-04-30,11841.9335,11898.2112,11716.4906,11733.7679,3840137.0,7723747038.0,600519.SH,5123.489,-0.0093036116849268,-0.0078773948769921,-0.0014262168079347,0.31678432824452446,high,0.007993763353852
2021-05-06,11695.6116,11734.1055,11431.1066,11464.8732,5354614.0,10584968907.0,600519.SH,5061.1244,-0.0229163131818893,-0.0121722911867283,-0.010744021995161,0.24727158121788106,mid,0.0041622826899497
2021-05-07,11498.6398,11515.4105,11138.4627,11149.7183,5249339.0,10101703446.0,600519.SH,4996.0527,-0.0274887383839534,-0.0128571627285034,-0.01463157565545,0.25740501690791256,mid,-0.0048462905462438
2021-05-10,11132.835,11183.4849,10941.5472,11014.8207,4600318.0,8677753608.0,600519.SH,4992.422,-0.0120987451315249,-0.0007267137114067,-0.0113720314201182,0.24259380744986822,mid,0.0084835905273399
2021-05-11,10997.7686,11504.2675,10982.5736,11464.8732,4249412.0,8209251914.0,600519.SH,5023.0595,0.0408588130717371,0.006136800935498,0.034722012136239,0.28995214040946143,mid,0.0001274433364513
2021-05-12,11409.0457,11689.9838,11408.5955,11605.5673,3269887.0,6473203286.0,600519.SH,5044.5481,0.0122717536902197,0.0042779903363676,0.007993763353852,0.2835415127966597,mid,-0.001868388565816
2021-05-13,11502.8606,11611.4765,11431.1066,11535.2203,2507751.0,4934954969.0,600519.SH,4992.9738,-0.0060614874035498,-0.0102237700934996,0.0041622826899497,0.2837187473698279,mid,0.0019108055188072
2021-05-14,11594.3118,11867.2585,11560.5452,11751.0451,3561129.0,7150302044.0,600519.SH,5110.5901,0.0187100717963746,0.0235563623426184,-0.0048462905462438,0.2912729641432487,mid,0.002225201920633
2021-05-17,11836.8685,12175.0973,11836.8685,12021.7969,4452400.0,9178509985.0,600519.SH,5184.9853,0.0230406570390917,0.0145570665117518,0.0084835905273399,0.2996686852146991,high,0.00959112112955
2021-05-18,12061.4164,12128.9496,11949.1987,12029.3944,1750428.0,3595891742.0,600519.SH,5187.6013,0.0006319770715808,0.0005045337351294,0.0001274433364513,0.29424452507705967,mid,0.0257256892516104
2021-05-19,12027.6498,12116.6248,11920.7222,11971.3721,2240972.0,4606452358.0,600519.SH,5172.272,-0.0048233766447959,-0.0029549880789798,-0.001868388565816,0.2873605912636058,mid,0.0108225285615104
2021-05-20,12112.0663,12112.6291,11950.8871,12026.9745,2185716.0,4500663211.0,600519.SH,5186.412,0.0046446137949383,0.002733808276131,0.0019108055188072,0.28215347787523415,mid,0.0075626345270749
2021-05-21,12005.589,12145.1576,11903.9515,11932.5406,2424823.0,4976601458.0,600519.SH,5134.1483,-0.0078518417079873,-0.0100770436286203,0.002225201920633,0.282955366717609,mid,-0.0032450122506849
2021-05-24,11982.6277,12146.1706,11870.0723,12096.815,3254808.0,6705879397.0,600519.SH,5155.5875,0.0137669257123667,0.0041758045828166,0.00959112112955,0.28682610406899706,mid,-0.0071685712744845
2021-05-25,12173.9717,12821.7276,12173.9717,12790.2121,6775695.0,14636718750.0,600519.SH,5318.478,0.0573206335717293,0.0315949443201188,0.0257256892516104,0.34799149729377016,high,0.0080984911140133
2021-05-26,12866.0744,13056.4054,12782.2207,12933.7201,3860420.0,8558038174.0,600519.SH,5320.5927,0.0112201423149189,0.0003976137534085,0.0108225285615104,0.33994543097363483,high,0.0015086645601827
2021-05-27,12883.1828,13496.4968,12827.3554,13074.4143,4537338.0,10240368980.0,600519.SH,5338.2329,0.0108780922203504,0.0033154576932754,0.0075626345270749,0.33501449885874085,high,0.0066529727960434
2021-05-28,13051.7344,13102.5531,12852.1738,12989.9978,2580731.0,5741331986.0,600519.SH,5321.0886,-0.0064566180987549,-0.00321160584807,-0.0032450122506849,0.3366757332999176,high,0.0075920175187749
2021-05-31,12908.3952,12924.4343,12663.5874,12922.4646,3173900.0,6960864260.0,600519.SH,5331.5696,-0.0051988615425323,0.0019697097319522,-0.0071685712744845,0.32267024000993216,high,0.0092505021188595
2021-06-01,12944.9757,13096.644,12854.9314,13051.6218,3061634.0,6832594466.0,600519.SH,5341.6798,0.0099947807169851,0.0018962896029717,0.0080984911140133,0.32029544674042537,high,-0.0254308704655904
2021-06-02,13102.5531,13181.3419,12867.2,12944.9757,2286277.0,5088908384.0,600519.SH,5289.9736,-0.0081710994720978,-0.0096797640322805,0.0015086645601827,0.3196465593710084,high,0.0029176999580589
2021-06-03,12933.7201,13160.7442,12877.8927,12946.2138,2345031.0,5242453019.0,600519.SH,5255.2855,9.564328498501418e-05,-0.0065573295110584,0.0066529727960434,0.3028798211728607,high,0.0104266503789109
2021-06-04,12905.5813,13316.4082,12900.1787,13110.9948,3142219.0,7058715115.0,600519.SH,5282.2772,0.0127281228740405,0.0051361053552656,0.0075920175187749,0.27587606151015326,mid,-0.0168857238691315
2021-06-07,13186.9696,13265.7584,13046.3317,13220.7362,2546627.0,5756592694.0,600519.SH,5277.6271,0.0083701810330973,-0.0008803210857621,0.0092505021188595,0.26518761433885446,mid,0.0174156215961943
2021-06-08,13158.8308,13271.3298,12602.5261,12770.5149,4731363.0,10479943156.0,600519.SH,5232.1165,-0.0340541777091051,-0.0086233072435146,-0.0254308704655904,0.27985614449873564,mid,0.0012484454775522
2021-06-09,12776.1427,12899.9536,12596.6732,12818.3509,2550235.0,5591378817.0,600519.SH,5236.4493,0.0037458160751215,0.0008281161170626,0.0029176999580589,0.2787755501229965,mid,-0.0046999159659416
2021-06-10,12793.026,13110.2632,12765.3374,13037.7213,2556663.0,5707338424.0,600519.SH,5271.4661,0.0171137770928084,0.0066871267138974,0.0104266503789109,0.2785772915883861,mid,-0.0296277294260306
2021-06-11,13040.6477,13068.7865,12701.9125,12701.9125,3397066.0,7513797036.0,600519.SH,5224.703,-0.0257567094949329,-0.0088709856258013,-0.0168857238691315,0.2964180731401488,mid,-0.0019198739812524
2021-06-15,12793.5888,12871.1394,12528.521,12781.7705,2936130.0,6412821567.0,600519.SH,5166.5597,0.0062870847205096,-0.0111285368756847,0.0174156215961943,0.288038061437038,mid,-0.0093299421914084
2021-06-16,12776.1427,12793.026,12528.521,12584.7986,2759315.0,5978924528.0,600519.SH,5080.4909,-0.0154103768331625,-0.0166588223107148,0.0012484454775522,0.2954856246763532,mid,-0.0220967806455536
2021-06-17,12571.5734,12753.6316,12508.0359,12578.6644,2106753.0,4558702643.0,600519.SH,5101.8924,-0.0004874293339903,0.0042124866319512,-0.0046999159659416,0.29447459097507217,mid,0.0125331347739146
2021-06-18,12522.8932,12576.357,12061.4164,12207.4006,5402821.0,11329180836.0,600519.SH,5102.4657,-0.0295153593572302,0.0001123700688003,-0.0296277294260306,0.315596023263109,high,0.0038574516656935
2021-06-21,12173.9717,12256.6436,11976.9999,12155.0624,3548826.0,7367986471.0,600519.SH,5090.3854,-0.0042874156190139,-0.0023675416377614,-0.0019198739812524,0.314532213497226,high,0.0027781706186758
2021-06-22,12213.3661,12247.1327,11998.8919,12117.5252,3322818.0,6900830616.0,600519.SH,5122.1583,-0.0030881947590825,0.0062417474323259,-0.0093299421914084,0.31120856273394426,high,-0.006980404034536
2021-06-23,12145.8329,12162.7162,11887.7998,11909.4667,3707901.0,7596735684.0,600519.SH,5147.3938,-0.017170048880938,0.0049267317646155,-0.0220967806455536,0.23244215529988613,mid,-0.0089076546433214
2021-06-24,11920.7785,12145.8329,11813.7947,12078.5811,3147370.0,6452557073.0,600519.SH,5155.9738,0.0141999977211404,0.0016668629472258,0.0125331347739146,0.23516265837526845,mid,0.0213450031268289
2021-06-25,12085.3513,12417.6146,12043.9309,12321.9426,3587543.0,7459680452.0,600519.SH,5239.9684,0.0201481861143442,0.0162907344486507,0.0038574516656935,0.24468942174902397,mid,-0.0133661977750487
2021-06-28,12366.9647,12468.2645,12215.015,12383.9043,2745242.0,5750241214.0,600519.SH,5251.7604,0.0050285658691511,0.0022503952504753,0.0027781706186758,0.24583500867606287,mid,-0.0099227528439344
2021-06-29,12411.9868,12451.3812,12091.2042,12153.1096,3303063.0,6835635172.0,600519.SH,5190.5445,-0.0186366669516333,-0.0116562629170973,-0.006980404034536,0.2524947720425013,mid,0.0095651686330441
2021-06-30,12169.9929,12220.6428,12064.7537,12123.2824,2191566.0,4511484217.0,600519.SH,5224.041,-0.0024542854447721,0.0064533691985493,-0.0089076546433214,0.24785851792030042,mid,-0.0155067058228137
2021-07-01,12141.6852,12423.2424,11982.0255,12395.1035,3370124.0,6970730878.0,600519.SH,5229.6642,0.0224214112178067,0.0010764080909777,0.0213450031268289,0.26360749264386857,mid,0.0011199481597347
2021-07-02,12226.2705,12226.2705,11868.9074,11877.349,4627531.0,9388640194.0,600519.SH,5081.1172,-0.0417708896097559,-0.0284046918347071,-0.0133661977750487,0.29867514223169433,high,-0.0024908914348982
2021-07-05,11804.1881,11916.0681,11719.7716,11770.4215,3442095.0,6872797768.0,600519.SH,5085.7924,-0.0090026402356283,0.000920112608306,-0.0099227528439344,0.2923004889109152,mid,-0.017849397075115
2021-07-06,11776.0493,11882.9768,11579.1337,11876.7863,3528251.0,7015883091.0,600519.SH,5083.1043,0.0090366177625837,-0.0005285508704603,0.0095651686330441,0.2927205992816157,mid,0.0088093619299107
2021-07-07,11860.4657,11966.718,11798.6166,11826.6992,2812212.0,5658210730.0,600519.SH,5140.4899,-0.0042172266751991,0.0112894791476145,-0.0155067058228137,0.27212427837778436,mid,0.0014304869588184
2021-07-08,11804.7509,11826.6992,11624.0996,11719.7716,3551669.0,7027713780.0,600519.SH,5088.2566,-0.0090412039903745,-0.0101611521501092,0.0011199481597347,0.27127362787157905,mid,0.004023184224916
2021-07-09,11604.5149,11724.8929,11494.661,11647.2297,3090790.0,6072340993.0,600519.SH,5069.4361,-0.0061897025365238,-0.0036988111016256,-0.0024908914348982,0.2591836487832903,mid,-0.0090814614038213
2021-07-12,11666.5892,11797.3222,11469.336,11584.7052,3901024.0,7658786228.0,600519.SH,5132.7088,-0.0053681863937138,0.0124812106814011,-0.017849397075115,0.24790292935789743,mid,0.0056269769297154
2021-07-13,11624.0996,11835.1408,11607.2163,11707.9533,2992471.0,5946287259.0,600519.SH,5142.0991,0.0106388637321559,0.0018295018022451,0.0088093619299107,0.25087232335756726,mid,0.0032926644521426
2021-07-14,11657.8662,11660.6801,11494.661,11590.333,3077069.0,6011814880.0,600519.SH,5083.0849,-0.0100461880045249,-0.0114766749633433,0.0014304869588184,0.24842026550146848,mid,-0.012155050792731
2021-07-15,11551.0512,11877.349,11526.1764,11792.8763,4219005.0,8391506229.0,600519.SH,5151.4626,0.0174751924728995,0.0134520082479834,0.004023184224916,0.2597056919699816,mid,-0.0155272165342787
2021-07-16,11691.6328,11785.0537,11522.7998,11556.0036,3540764.0,6958296859.0,600519.SH,5094.7727,-0.0200860836639149,-0.0110046222600935,-0.0090814614038213,0.2489140471257458,mid,-0.007500441987736
2021-07-19,11555.9473,11725.3994,11472.1499,11663.4939,3005234.0,5900348210.0,600519.SH,5113.4945,0.0093016845373776,0.0036747076076621,0.0056269769297154,0.2523570722385631,mid,-0.0157942121911909
2021-07-20,11663.4939,11741.8887,11587.0126,11691.6328,2347521.0,4639300956.0,600519.SH,5108.9941,0.0024125618139174,-0.0008801026382251,0.0032926644521426,0.2527804579004366,mid,-0.0126451438684835
2021-07-21,11742.2827,11837.9547,11590.3893,11629.7273,2978013.0,5902656221.0,600519.SH,5144.0428,-0.0052948549667073,0.0068601958260237,-0.012155050792731,0.2465582290271944,mid,0.0290083244323069
2021-07-22,11579.0774,11657.3034,11460.6692,11466.5784,3909047.0,7619076855.0,600519.SH,5151.7517,-0.0140286092520844,0.0014986072821943,-0.0155272165342787,0.24371183003324157,mid,-0.0291009649936465
2021-07-23,11454.2536,11454.2536,11213.7791,11241.4115,4758547.0,9057761876.0,600519.SH,5089.2282,-0.0196367994135024,-0.0121363574257664,-0.007500441987736,0.23548841248102712,mid,-0.0302641479855152
2021-07-26,11123.2284,11123.2284,10566.0795,10701.765,9861948.0,17894360803.0,600519.SH,4925.299,-0.048005226034115,-0.0322110138429241,-0.0157942121911909,0.27843622358591347,mid,0.017311431214781
2021-07-27,10695.5182,10734.9125,10132.7415,10188.4002,8657699.0,15230805685.0,600519.SH,4751.313,-0.0479701058657145,-0.035324961997231,-0.0126451438684835,0.3119712034222163,high,-0.0032233416177064
2021-07-28,10132.7415,10612.2272,10015.2338,10503.6113,8536884.0,14792470948.0,600519.SH,4760.4826,0.030938233070193,0.0019299086378861,0.0290083244323069,0.3417774489773036,high,-0.0226952817854066
2021-07-29,10734.9688,10808.0735,10309.1157,10396.0647,6386385.0,11299569857.0,600519.SH,4850.2746,-0.0102390117958762,0.0188619531977702,-0.0291009649936465,0.323775545492515,high,-0.0076638543373704
2021-07-30,10256.5524,10256.5524,9878.1414,9997.6189,7773589.0,13109725032.0,600519.SH,4811.1695,-0.038326598717686,-0.0080624507321708,-0.0302641479855152,0.3192887438917869,high,-0.0101085951971848
2021-08-02,9913.2587,10430.9006,9669.6889,10425.3854,9740065.0,16515259089.0,600519.SH,4933.736,0.0427868379739899,0.0254754067592088,0.017311431214781,0.36727156806540745,high,-0.0001112366499596
2021-08-03,10284.6912,10504.1178,10052.8273,10393.3071,5437475.0,9447823227.0,600519.SH,4934.4583,-0.003076941404967,0.0001464002127393,-0.0032233416177064,0.36327969633268536,high,0.0471781860998368
2021-08-04,10307.54,10453.5242,10217.158,10250.9246,3817549.0,6614683378.0,600519.SH,4978.8479,-0.0136994412490707,0.0089958405363359,-0.0226952817854066,0.3640828749178025,high,-0.020059654534119
2021-08-05,10075.7885,10369.1077,9982.8179,10110.2305,4805969.0,8177369851.0,600519.SH,4948.6703,-0.0137250155951786,-0.0060611612578082,-0.0076638543373704,0.36483170658475417,high,-0.0243659992506363
2021-08-06,10053.9528,10082.1479,9815.3355,9952.653,4568610.0,7616109615.0,600519.SH,4921.5647,-0.015585945345163,-0.0054773501479781,-0.0101085951971848,0.36604097257442086,high,0.0111197443054916
2021-08-09,9840.0977,10166.5081,9834.4699,10080.9661,4769775.0,8028155490.0,600519.SH,4985.5627,0.0128923514162504,0.01300358806621,-0.0001112366499596,0.373171862313692,high,0.0005264811541623
2021-08-10,10115.8582,10694.8428,9975.1641,10673.0071,8328505.0,14549496463.0,600519.SH,5043.148,0.0587285974505955,0.0115504113507587,0.0471781860998368,0.4364266884881671,high,-0.0147522369601222
2021-08-11,10566.1358,10594.2746,10397.3028,10400.0604,3866259.0,6821292779.0,600519.SH,5015.3406,-0.0255735518062196,-0.0055138972721006,-0.020059654534119,0.44259421646922636,high,-0.0204071167146731
2021-08-12,10295.9468,10391.6188,10038.1388,10059.5806,4755097.0,8130692626.0,600519.SH,4973.3509,-0.032738252173997,-0.0083722529233607,-0.0243659992506363,0.444606829706007,high,0.0065410538096735
2021-08-13,10059.5806,10189.0192,9997.6752,10116.0834,3790452.0,6418412544.0,600519.SH,4945.9829,0.005616814681121,-0.0055029296243706,0.0111197443054916,0.44435304143727367,high,-0.0228039076216725
2021-08-16,10093.3472,10192.3959,10031.892,10111.356,2805697.0,4773049794.0,600519.SH,4941.0676,-0.0004673152457402,-0.0009937963999026,0.0005264811541623,0.4411566594174672,high,-0.0004812539761145
2021-08-17,10115.8582,10115.8582,9715.6115,9750.0534,6120077.0,10140291982.0,600519.SH,4837.4034,-0.0357323587459484,-0.0209801217858262,-0.0147522369601222,0.45131136097807695,high,0.0221151047216596
2021-08-18,9691.8623,9795.0193,9553.0816,9665.637,5997026.0,9701556273.0,600519.SH,4894.2384,-0.0086580448882465,0.0117490718264265,-0.0204071167146731,0.45113692941473016,high,0.0211288789659955
2021-08-19,9678.1306,9796.2011,9553.0816,9665.4681,4129195.0,6682355678.0,600519.SH,4862.1394,-1.7474275104789605e-05,-0.0065585280847783,0.0065410538096735,0.4517345161029864,high,-0.0200163704274098
2021-08-20,9300.7889,9539.2936,9133.8131,9260.4378,11454454.0,17825198286.0,600519.SH,4769.2678,-0.0419048819787631,-0.0191009743570906,-0.0228039076216725,0.46595303206839656,high,-0.0046883825586672
2021-08-23,9203.4848,9547.4539,9197.238,9385.3179,7159720.0,11218832883.0,600519.SH,4835.8782,0.0134853343542786,0.0139665883303932,-0.0004812539761145,0.44890957988433794,high,-0.0030692735652909
2021-08-24,9412.3875,9792.5431,9360.4432,9694.7888,7259447.0,11703813764.0,600519.SH,4888.3902,0.0329739390074363,0.0108588342857767,0.0221151047216596,0.44080488573305404,high,-0.0150405846915563
2021-08-25,9821.1884,10008.1991,9795.0756,9918.999,5423890.0,9037626406.0,600519.SH,4898.1572,0.0231268782255473,0.0019979992595517,0.0211288789659955,0.4338532998432375,high,0.0253789625780194
2021-08-26,9918.8302,9918.8302,9523.367,9524.9428,5402037.0,8722233201.0,600519.SH,4801.6094,-0.0397274160426872,-0.0197110456152773,-0.0200163704274098,0.45302712184047517,high,-0.001857093964486
2021-08-27,9491.1762,9693.7758,9463.6001,9530.7394,3609545.0,5791426192.0,600519.SH,4827.0433,0.0006085705837519,0.0052969531424191,-0.0046883825586672,0.4345828780076595,high,0.0283792468116075
2021-08-30,9581.2205,9626.2426,9248.9009,9474.2929,5158770.0,8098190333.0,600519.SH,4813.2703,-0.0059225730167378,-0.0028532994514468,-0.0030692735652909,0.40105421955173914,high,-0.0116291992536814
2021-08-31,9495.6784,9645.0956,9300.3949,9316.7155,4367709.0,6888080927.0,600519.SH,4805.6099,-0.0166321013782464,-0.0015915166866901,-0.0150405846915563,0.403309806123408,high,-0.0129239116598792
2021-09-01,9322.3432,9749.9972,9165.3285,9676.9488,7731610.0,12370243405.0,600519.SH,4869.4587,0.0386652678189003,0.0132863052408809,0.0253789625780194,0.4304996038693175,high,-0.0161774316292252
2021-09-02,9738.7416,9795.0756,9558.0903,9658.8836,4283679.0,6939707277.0,600519.SH,4869.4113,-0.0018668281059832,-9.734141497186322e-06,-0.001857093964486,0.4284624129609805,high,0.0009924748770594
2021-09-03,9609.4718,9889.5658,9451.7818,9880.7302,5283518.0,8631165696.0,600519.SH,4843.0624,0.0229681409557518,-0.0054111058558556,0.0283792468116075,0.43399261558062585,high,0.0077048177247944
2021-09-06,9828.8422,10161.7808,9700.2477,9950.7959,5533806.0,9306030671.0,600519.SH,4933.7262,0.0070911459559941,0.0187203452096755,-0.0116291992536814,0.43219017850685204,high,-0.000514173141653
2021-09-07,9896.5442,10028.5153,9840.0977,9941.3975,3121122.0,5204051657.0,600519.SH,4992.8294,-0.0009444872645815,0.0119794243952977,-0.0129239116598792,0.371780185876991,high,0.0166373413633145
2021-09-08,9890.7476,9953.666,9711.1093,9739.3607,3306367.0,5428265636.0,600519.SH,4972.1324,-0.0203227765512846,-0.0041453449220594,-0.0161774316292252,0.36805313528297495,high,-0.0133802519582774
2021-09-09,9699.4036,9806.3311,9688.2043,9744.8759,1995013.0,3257785762.0,600519.SH,4970.0133,0.0005662794684253,-0.000426195408634,0.0009924748770594,0.35097631113357314,high,0.0252830802341493
2021-09-10,9744.8759,9940.2719,9738.7979,9905.2672,3338811.0,5528034093.0,600519.SH,5013.5219,0.0164590397708401,0.0087542220460457,0.0077048177247944,0.3559081135573534,high,0.0175820217960964
2021-09-13,9918.8864,10025.814,9778.7551,9856.981,2772002.0,4605031711.0,600519.SH,4991.6598,-0.0048748003486468,-0.0043606272069938,-0.000514173141653,0.35619515043021593,high,-0.020050030268323
2021-09-14,9885.1198,10020.1862,9851.3532,9873.8643,3376061.0,5638962654.0,600519.SH,4917.1617,0.001712826675835,-0.0149245146874794,0.0166373413633145,0.33177651243993145,high,-0.0080682548933246
2021-09-15,9834.4699,9890.7476,9609.3593,9641.6627,4157005.0,6781755393.0,600519.SH,4867.3187,-0.0235167906854866,-0.0101365387272092,-0.0133802519582774,0.34146869508818567,high,0.0348314091271129
2021-09-16,9569.9649,9800.7033,9468.6651,9767.3307,4596802.0,7458455126.0,600519.SH,4807.6978,0.0130338515160874,-0.0122492287180618,0.0252830802341493,0.3445398464614098,high,0.0841073509899452
2021-09-17,9665.637,10147.3737,9665.637,10037.0695,5513025.0,9242101552.0,600519.SH,4855.9402,0.0276164295327892,0.0100344077366927,0.0175820217960964,0.3177206352896018,high,-0.0181948713058005
2021-09-22,9884.1631,10048.3251,9750.0534,9765.1921,3174300.0,5227723003.0,600519.SH,4821.7675,-0.0270873286271455,-0.0070372983588224,-0.020050030268323,0.33424751634105926,high,0.0091442067024173
2021-09-23,9766.9367,9867.5612,9694.226,9750.0534,3034181.0,4964210091.0,600519.SH,4853.1957,-0.0015502716019277,0.0065179832913968,-0.0080682548933246,0.31393231918170855,high,-0.0014987549611364
2021-09-24,9710.6591,10228.301,9710.6591,10082.0916,6953660.0,11756596091.0,600519.SH,4849.4277,0.0340550134833106,-0.0007763956438022,0.0348314091271129,0.3265364428317771,high,-0.0080801144913889
2021-09-27,10397.2466,11035.4352,10397.2466,10988.162,12686892.0,23270689702.0,600519.SH,4877.3698,0.0898692886305456,0.0057619376406004,0.0841073509899452,0.42211419726939065,high,0.0129389225046174
2021-09-28,10948.7676,11016.3008,10650.496,10802.7834,4922105.0,8973408813.0,600519.SH,4883.828,-0.016870756000867,0.0013241153049334,-0.0181948713058005,0.4303761810996882,high,0.0125761940387526
2021-09-29,10729.2848,10931.9406,10599.2834,10791.1902,4329065.0,7870151768.0,600519.SH,4833.9281,-0.0010731678652374,-0.0102173745676548,0.0091442067024173,0.4288428832913018,high,0.0184045420498715
2021-09-30,10780.9476,10961.2613,10697.7693,10847.4678,4053929.0,7411735790.0,600519.SH,4866.3826,0.0052151429969236,0.0067138979580601,-0.0014987549611364,0.4198846045141857,high,-0.0039587624489737
2021-10-08,10804.8094,11117.6006,10719.3236,10901.4944,4745196.0,8780381118.0,600519.SH,4929.9409,0.0049805725166567,0.0130606870080456,-0.0080801144913889,0.40393220816849146,high,-0.0007918729523064
2021-10-11,10900.9879,11184.571,10853.1519,11056.3705,3767557.0,7040475327.0,600519.SH,4936.1918,0.0142068687390235,0.001267946234406,0.0129389225046174,0.40366567058211344,high,-0.0464407023559318
2021-10-12,11050.0674,11111.9729,10917.3647,11078.15,3060642.0,5688160837.0,600519.SH,4883.8369,0.0019698598197299,-0.0106063342190226,0.0125761940387526,0.39956229270594157,high,-0.003416916039808
2021-10-13,11072.5785,11522.5184,11027.5564,11409.6817,5014261.0,9625769127.0,600519.SH,4940.1089,0.02992663034893,0.0115220882990585,0.0184045420498715,0.40849128952047725,high,0.0176386900142718
2021-10-14,11404.2227,11476.6521,11218.9004,11303.3169,2662255.0,5097602232.0,600519.SH,4913.6123,-0.0093223284221855,-0.0053635659732117,-0.0039587624489737,0.4117675274422441,high,-0.0020838359255803
2021-10-15,11185.6966,11410.1882,11185.6966,11336.9147,2856078.0,5452953879.0,600519.SH,4932.1084,0.002972384150355,0.0037642571026614,-0.0007918729523064,0.3995760969966532,high,0.0229242767037651
2021-10-18,11173.8783,11173.8783,10605.4739,10678.6349,6965202.0,12651498607.0,600519.SH,4874.7753,-0.0580651630024172,-0.0116244606464853,-0.0464407023559318,0.46303759243433273,high,-0.0179873323533781
2021-10-19,10678.6349,10896.9922,10677.9595,10747.1811,4031456.0,7330114082.0,600519.SH,4922.7232,0.0064190039871108,0.0098359200269189,-0.003416916039808,0.46110468135080185,high,-0.0027810789130254
2021-10-20,10864.3511,10958.8976,10712.4577,10909.3733,2866339.0,5246404615.0,600519.SH,4910.1846,0.015091603881133,-0.0025470861331388,0.0176386900142718,0.4611784045889322,high,-0.0083867087834825
2021-10-21,10909.936,11016.3008,10841.8401,10926.2566,2301870.0,4238584294.0,600519.SH,4928.0156,0.0015475957725272,0.0036314316981076,-0.0020838359255803,0.46119667461192365,high,0.0103331629652908
2021-10-22,10988.162,11359.6508,10982.5342,11247.0392,3596260.0,6794850056.0,600519.SH,4959.7254,0.0293588748409951,0.00643459813723,0.0229242767037651,0.4552711709514943,high,-0.0088689300830149
2021-10-25,11128.8562,11157.0513,11005.0453,11089.6306,3246133.0,6076219948.0,600519.SH,4979.5235,-0.0139955589378579,0.0039917734155201,-0.0179873323533781,0.46146536039785563,high,-0.0083142919905951
2021-10-26,11038.9807,11123.1721,10926.2566,11022.21,2113026.0,3934223714.0,600519.SH,4963.0984,-0.0060796073766425,-0.0032985284636171,-0.0027810789130254,0.45674649480992274,high,0.0112580804740257
2021-10-27,10972.967,11006.7336,10679.1976,10785.5624,3464729.0,6302270905.0,600519.SH,4898.1644,-0.0214700681623738,-0.0130833593788912,-0.0083867087834825,0.45190935987692993,high,-0.0169690473192231
2021-10-28,10820.4546,10925.0185,10689.8904,10822.0866,2949093.0,5383196101.0,600519.SH,4864.138,0.0033863973565253,-0.0069467656087655,0.0103331629652908,0.4512475165322648,high,0.0111676258716704
2021-10-29,10819.329,10948.7676,10751.7958,10825.407,2877586.0,5266898950.0,600519.SH,4908.7701,0.0003068169866611,0.009175747069676,-0.0088689300830149,0.4387563081966711,high,0.0136983853639137
2021-11-01,10566.0795,10826.6451,10453.5242,10695.5182,4168998.0,7486936394.0,600519.SH,4890.6851,-0.0119985142360004,-0.0036842222454052,-0.0083142919905951,0.30166906376479563,high,-0.00112127571222
2021-11-02,10660.0632,10927.4947,10611.1017,10704.7477,3250024.0,5875341369.0,600519.SH,4839.8457,0.0008629315408017,-0.010395148933224,0.0112580804740257,0.2959444750062053,mid,-0.0153955575701364
2021-11-03,10678.6349,10734.8,10460.2213,10481.663,2782931.0,4958314535.0,600519.SH,4821.1119,-0.0208397905538679,-0.0038707432346448,-0.0169690473192231,0.30482436764686255,high,-0.0138114690356083
2021-11-04,10554.4863,10768.6791,10506.5378,10702.2715,3113043.0,5592211731.0,600519.SH,4868.7419,0.0210470895696608,0.0098794636979904,0.0111676258716704,0.31432827805817565,high,-0.0076355515987043
2021-11-05,10702.3278,10931.8281,10702.3278,10790.8525,2707723.0,4956331383.0,600519.SH,4842.3458,0.0082768410425768,-0.0054215443213369,0.0136983853639137,0.31530468397936073,high,0.0043368988331384
2021-11-08,10791.1902,10851.9701,10690.1718,10791.753,1770572.0,3220439334.0,600519.SH,4848.1795,8.34503112705498e-05,0.0012047260234906,-0.00112127571222,0.3106252304135546,high,-0.0055279326501881
2021-11-09,10791.0776,10835.4807,10577.3351,10622.4135,2735192.0,4915170028.0,600519.SH,4846.7444,-0.0156915655871664,-0.00029600801703,-0.0153955575701364,0.31466605532517966,high,0.0250189815911312
2021-11-10,10622.4135,10650.496,10312.8301,10419.7013,3534877.0,6204803250.0,600519.SH,4821.1925,-0.0190834408771602,-0.0052719718415519,-0.0138114690356083,0.2964649185603456,high,-0.0073207831494764
2021-11-11,10413.7359,10507.5508,10349.4105,10507.5508,2265187.0,3987243285.0,600519.SH,4898.6529,0.0084310958126985,0.0160666474114028,-0.0076355515987043,0.2992084217411498,high,0.0082670837432077
2021-11-12,10554.824,10594.4998,10491.0051,10531.0748,1760663.0,3124400972.0,600519.SH,4888.3749,0.0022387709988516,-0.0020981278342868,0.0043368988331384,0.29901012209429906,high,0.0084299066897957
2021-11-15,10530.5121,10588.5906,10397.2466,10459.9399,2494735.0,4410975373.0,600519.SH,4882.3777,-0.0067547616317378,-0.0012268289815496,-0.0055279326501881,0.21982778594659202,mid,0.0088587192168714
2021-11-16,10498.5463,10779.9346,10481.663,10723.657,3352624.0,6033536262.0,600519.SH,4883.3206,0.0252121047081732,0.000193123117042,0.0250189815911312,0.2375804020636002,mid,0.0214082886702904
2021-11-17,10706.7737,10794.0041,10622.4135,10650.496,2450546.0,4411450908.0,600519.SH,4885.7544,-0.0068223927714211,0.0004983903780553,-0.0073207831494764,0.2317768765701714,mid,0.0216788258326117
2021-11-18,10572.9454,10718.0292,10509.8019,10633.6127,1952089.0,3485674964.0,600519.SH,4837.6185,-0.0015852125572367,-0.0098522963004444,0.0082670837432077,0.23156906209355088,mid,0.0114848964274301
2021-11-19,10645.9375,10954.3954,10612.2272,10838.5197,3115559.0,5699883800.0,600519.SH,4890.0575,0.019269744514957,0.0108398378251612,0.0084299066897957,0.2161329606096359,mid,0.0001023679439149
2021-11-22,10954.3954,11292.0614,10948.7676,10984.0537,4257268.0,7994018410.0,600519.SH,4912.399,0.0134274794001618,0.0045687601832904,0.0088587192168714,0.21745945331002206,mid,0.0233703777526791
2021-11-23,10971.2787,11337.0835,10971.2787,11221.3203,4578220.0,8676297616.0,600519.SH,4913.3457,0.0216010051006942,0.0001927164304038,0.0214082886702904,0.22970551578008622,mid,-0.0220427257475842
2021-11-24,11241.4115,11612.844,11224.5282,11472.1499,5451235.0,10555736753.0,600519.SH,4916.6579,0.0223529489662639,0.0006741231336522,0.0216788258326117,0.22549430717218866,mid,-0.0013526747032295
2021-11-25,11539.6831,11726.5249,11501.6957,11556.7352,3975288.0,7803035266.0,600519.SH,4896.4416,0.0073730992653782,-0.0041117971620519,0.0114848964274301,0.2259848039013039,mid,-0.0020443639752203
2021-11-26,11606.2596,11618.4718,11382.1056,11472.2062,3265557.0,6337346211.0,600519.SH,4860.1265,-0.0073142629416652,-0.0074166308855802,0.0001023679439149,0.22896137487422002,mid,0.0094097925833365
2021-11-29,11579.0774,11747.9104,11528.8778,11719.7716,4239934.0,8372476083.0,600519.SH,4851.423,0.0215795807435887,-0.0017907970090903,0.0233703777526791,0.23079554649447523,mid,-0.0004999996420871
2021-11-30,11722.0227,11747.3476,11396.175,11414.5778,3692487.0,7192172533.0,600519.SH,4832.026,-0.0260409341083064,-0.0039982083607221,-0.0220427257475842,0.25517266876835476,mid,-0.0115611868814585
2021-12-01,11522.7998,11578.7961,11348.4516,11427.0715,2625440.0,5071457098.0,600519.SH,4843.851,0.0010945389500083,0.0024472136532378,-0.0013526747032295,0.23897192482062934,mid,0.0274335216011734
2021-12-02,11466.5221,11478.6218,11351.7157,11432.7555,2042182.0,3939731543.0,600519.SH,4856.163,0.0004974152826469,0.0025417792578672,-0.0020443639752203,0.23102580697154096,mid,0.0037802541755451
2021-12-03,11421.5,11740.1441,11416.1536,11645.9353,3581839.0,7045848180.0,600519.SH,4901.0175,0.0186464059342474,0.0092366133509109,0.0094097925833365,0.23678519470825654,mid,0.0062211728158223
2021-12-06,11708.5161,11747.9104,11522.7998,11620.1601,3106388.0,6122543819.0,600519.SH,4892.6209,-0.0022132357201056,-0.0017132360780185,-0.0004999996420871,0.2374189833718304,mid,0.0072173306774843
2021-12-07,11695.7973,11735.9233,11504.397,11555.8348,3697989.0,7286659622.0,600519.SH,4922.1015,-0.0055356638330653,0.0060255230483932,-0.0115611868814585,0.22893978236839763,mid,0.0210608278494052
2021-12-08,11606.5409,12057.4376,11522.7998,12046.182,6104807.0,12285101988.0,600519.SH,4995.9298,0.0424328669011433,0.0149993452999699,0.0274335216011734,0.24881195869667275,mid,0.0019989280933899
2021-12-09,12113.3776,12462.1865,12057.4376,12291.2712,6423918.0,13404724467.0,600519.SH,5078.6901,0.0203457991918101,0.0165655450162649,0.0037802541755451,0.2530290473445305,mid,-0.0129311635395485
2021-12-10,12141.8541,12343.2155,12119.343,12310.687,4314822.0,8944582265.0,600519.SH,5055.1172,0.0015796413311586,-0.0046415314846637,0.0062211728158223,0.2532384916091619,mid,-0.0149260028937675
2021-12-13,12670.8641,12817.186,12468.2645,12469.39,6580656.0,14139012290.0,600519.SH,5083.8007,0.0128914820107115,0.0056741513332272,0.0072173306774843,0.2476407334407736,mid,0.0188492783349569
2021-12-14,12469.39,12749.09,12366.9647,12648.353,4044941.0,8673733691.0,600519.SH,5049.6953,0.0143521856321759,-0.0067086422172292,0.0210608278494052,0.2410897672520588,mid,-0.0164024741581488
2021-12-15,12604.175,12732.4881,12507.7714,12563.9365,3007827.0,6444715086.0,600519.SH,5005.8991,-0.0066741100600211,-0.0086730381534111,0.0019989280933899,0.24096616054447714,mid,0.0043914456728195
2021-12-16,12451.3812,12614.8678,12289.4704,12473.836,3721136.0,7865499278.0,600519.SH,5034.7321,-0.0071713590720552,0.0057598044674933,-0.0129311635395485,0.24482254810256432,mid,0.0265824910043011
2021-12-17,12369.7786,12411.9868,12006.7877,12089.5158,4840318.0,9988869785.0,600519.SH,4954.7599,-0.0308101052474956,-0.015884102353728,-0.0149260028937675,0.2770078658089607,mid,0.0389471893208742
2021-12-20,12089.5158,12286.2625,12034.9265,12136.0012,3225769.0,6654596508.0,600519.SH,4880.4178,0.0038451002313923,-0.0150041781035645,0.0188492783349569,0.27551035693457476,mid,-0.0267627007946446
2021-12-21,12057.4376,12193.2356,11876.3923,12019.1688,2628589.0,5354186590.0,600519.SH,4913.4853,-0.0096269271957555,0.0067755469623933,-0.0164024741581488,0.2730548351217671,mid,-0.0045953999573526
2021-12-22,12029.2987,12158.7374,12029.2987,12074.3209,1743079.0,3570928372.0,600519.SH,4914.4544,0.0045886783784916,0.000197232705672,0.0043914456728195,0.26398678048870966,mid,-0.0288423262705465
2021-12-23,12102.4597,12479.52,11944.8822,12479.52,3909854.0,8126298013.0,600519.SH,4948.7389,0.0335587486332253,0.0069762576289242,0.0265824910043011,0.2856225095714245,mid,0.008111477292676
2021-12-24,12642.0499,13025.1882,12642.0499,12896.4812,5612959.0,12295953400.0,600519.SH,4921.3449,0.0334116376270881,-0.0055355516937861,0.0389471893208742,0.3004234996832187,high,-0.015340168059213
2021-12-27,12749.6528,12749.6528,12434.4979,12546.0402,3755590.0,8020677686.0,600519.SH,4919.3238,-0.0271733812165756,-0.000410680421931,-0.0267627007946446,0.31639079136584464,high,0.0051489295375037
2021-12-28,12552.681,12679.3057,12460.3856,12581.8328,2765070.0,5901940633.0,600519.SH,4955.9644,0.0028529001525119,0.0074483001098646,-0.0045953999573526,0.2964863089170098,high,-0.0025775971812199
2021-12-29,12648.353,12672.271,12034.9265,12034.9265,5404902.0,11195625154.0,600519.SH,4883.4804,-0.0434679357684677,-0.0146256094979212,-0.0288423262705465,0.3429208474028142,high,-0.0094457199870205
2021-12-30,12034.9265,12304.9467,11961.7655,12226.2705,3526136.0,7272866657.0,600519.SH,4921.5109,0.0158990584612213,0.0077875811685452,0.008111477292676,0.3458845168280386,high,-0.0201978565945706
2021-12-31,12198.1317,12214.9025,11961.7655,12085.5764,2966491.0,6061415344.0,600519.SH,4940.3733,-0.0115075239010947,0.0038326441581182,-0.015340168059213,0.3450316403373357,high,0.0072727073296217
2022-01-04,12113.7152,12192.2226,11882.9768,12092.4985,3384262.0,6913653122.0,600519.SH,4917.7653,0.0005727571255931,-0.0045761724119106,0.0051489295375037,0.3447135528760866,high,-0.0027812000766523
2022-01-05,12057.4376,12169.9929,11905.4879,11939.2545,2839551.0,5774992117.0,600519.SH,4868.1202,-0.0126726499077093,-0.0100950527264893,-0.0025775971812199,0.34776023129904216,high,0.003014110159528
2022-01-06,11928.0552,12006.7877,11458.1367,11704.1264,5179475.0,10226933847.0,600519.SH,4818.2318,-0.0196937003059948,-0.0102479803189742,-0.0094457199870205,0.32048105481957334,high,-0.0269657265023397
2022-01-07,11663.4939,11741.6073,11462.6952,11477.7777,2981669.0,5831695311.0,600519.SH,4822.3689,-0.0193392221054617,0.0008586344891088,-0.0201978565945706,0.31594824780626146,high,0.0029613446931154
2022-01-10,11399.0452,11674.7495,11340.1788,11612.844,2962670.0,5792738145.0,600519.SH,4844.0451,0.0117676351233042,0.0044949277936825,0.0072727073296217,0.3200479868953109,high,-0.0113214199579181
2022-01-11,11511.5442,11607.2163,11416.8289,11469.6174,2227664.0,4332180604.0,600519.SH,4797.7735,-0.0123334645673359,-0.0095522644906835,-0.0027812000766523,0.3162311589137896,high,0.0059860266234628
2022-01-12,11511.5442,11684.8794,11511.5442,11618.4718,2747410.0,5384359628.0,600519.SH,4845.5787,0.0129781486869824,0.0099640385274544,0.003014110159528,0.31521059761450315,high,0.0167652250106796
2022-01-13,11606.2033,11624.0433,11047.5912,11114.1677,5674735.0,10781720544.0,600519.SH,4765.9191,-0.043405372813316,-0.0164396463109762,-0.0269657265023397,0.3448397565225355,high,0.0196017203319538
2022-01-14,11114.1677,11202.0171,11033.1841,11055.6952,2932164.0,5506186026.0,600519.SH,4726.7317,-0.0052610777143483,-0.0082224224074638,0.0029613446931154,0.34481201010401274,high,0.0166466296349108
2022-01-17,11061.323,11119.2889,10877.5201,11025.3615,2735382.0,5074077665.0,600519.SH,4767.2762,-0.0027437171024757,0.0085777028554423,-0.0113214199579181,0.3319545566035793,high,-0.0182592935420227
2022-01-18,11025.7555,11291.2172,10971.2787,11197.9088,3121577.0,5906705861.0,600519.SH,4813.3472,0.015650035602007,0.0096640089785442,0.0059860266234628,0.3384194035278016,high,0.0191060586929632
2022-01-19,11348.339,11348.339,11178.8307,11308.9447,2637094.0,5026993463.0,600519.SH,4780.3784,0.0099157710589679,-0.0068494539517117,0.0167652250106796,0.34105392118157307,high,-0.0013564568802924
2022-01-20,11331.4557,11691.5765,11331.4557,11632.6538,3401391.0,6665294954.0,600519.SH,4823.5091,0.0286241650823528,0.009022444750399,0.0196017203319538,0.35821852726605036,high,0.0244876461177121
2022-01-21,11579.0774,11767.5513,11528.4838,11719.7153,3081258.0,6091427695.0,600519.SH,4779.3142,0.0074842337352118,-0.0091623958996989,0.0166466296349108,0.3354942296804337,high,-0.0256741969071694
2022-01-24,11550.9386,11714.1438,11418.3484,11523.9253,2398580.0,4685441775.0,600519.SH,4786.7377,-0.0167060372191805,0.0015532563228422,-0.0182592935420227,0.30967954040491424,high,-0.0250022501915098
2022-01-25,11483.4054,11612.844,11415.8722,11483.4054,2551012.0,4971078498.0,600519.SH,4678.4511,-0.0035161543436941,-0.0226222130366573,0.0191060586929632,0.2988429238321812,high,-0.009271323401908
2022-01-26,11478.0028,11629.7273,11348.339,11550.9386,2390513.0,4655706528.0,600519.SH,4712.3109,0.0058809384191904,0.0072373952994828,-0.0013564568802924,0.29998792285696185,high,0.0200318438264706
2022-01-27,11809.8721,11865.0805,11534.0553,11607.2163,4266516.0,8450329058.0,600519.SH,4619.8765,0.0048721322092388,-0.0196155139084732,0.0244876461177121,0.2625776370988339,mid,-0.0089054860283696
2022-01-28,11550.9386,11624.0996,11128.9124,11168.2505,4102011.0,7889492895.0,600519.SH,4563.772,-0.0378183527087369,-0.0121441558015674,-0.0256741969071694,0.28330360712340086,mid,-0.003396856758576
2022-02-07,11246.983,11317.724,10960.0232,11061.0978,3515042.0,6601799703.0,600519.SH,4634.0899,-0.0095944033490295,0.0154078468424803,-0.0250022501915098,0.2827445099833546,mid,0.0204049550824941
2022-02-08,11066.2754,11088.7302,10622.3572,10898.1177,4171306.0,7585130459.0,600519.SH,4608.7729,-0.0147345320461771,-0.005463208644269,-0.009271323401908,0.2844849255293224,mid,0.0005272342713384
2022-02-09,10898.6242,11286.4336,10830.4157,11218.7879,3388479.0,6346699784.0,600519.SH,4652.0609,0.0294243656406829,0.0093925218142123,0.0200318438264706,0.3077808238087198,high,-0.0029175763122932
2022-02-10,11241.4115,11274.6153,11001.6124,11089.4618,2303183.0,4315456868.0,600519.SH,4639.8625,-0.0115276357083103,-0.0026221496799407,-0.0089054860283696,0.3032118497960173,high,-0.0052139285532146
2022-02-11,10999.4175,11245.8574,10909.3733,10959.8543,3374649.0,6296909575.0,600519.SH,4601.3953,-0.0116874472663766,-0.0082905905078005,-0.003396856758576,0.2987659950054945,high,0.0053154485695845
2022-02-14,10903.7455,11111.9729,10888.6068,11065.0936,2019587.0,3762313349.0,600519.SH,4551.6878,0.009602253562805,-0.010802701519689,0.0204049550824941,0.29752571237605047,high,-0.0113332689180399
2022-02-15,11065.8252,11303.3169,11010.6731,11188.623,2710586.0,5131842112.0,600519.SH,4600.1025,0.0111638820660313,0.0106366477946928,0.0005272342713384,0.2986470963695102,high,-0.0220249433296895
2022-02-16,11241.4115,11280.8058,11173.8783,11199.4846,1458685.0,2769034316.0,600519.SH,4617.9893,0.0009707718277753,0.0038883481400686,-0.0029175763122932,0.29416363161891207,mid,-0.0006438119844913
2022-02-17,11244.8444,11306.0182,11134.4839,11168.1942,1821366.0,3450265032.0,600519.SH,4629.1649,-0.0027939142842341,0.0024200142689805,-0.0052139285532146,0.2497063717093823,mid,-0.0124098098828799
2022-02-18,11115.5183,11286.321,11048.154,11280.8058,1938549.0,3670339742.0,600519.SH,4651.2358,0.0100832415682743,0.0047677929986897,0.0053154485695845,0.25106149383160453,mid,0.0090363272564357
2022-02-21,11241.4115,11280.2431,11066.6693,11111.9166,2081573.0,3920377358.0,600519.SH,4634.3141,-0.0149713773106526,-0.0036381083926126,-0.0113332689180399,0.2572380461671051,mid,-0.006363790670006
2022-02-22,11016.3571,11021.9286,10678.7474,10722.9254,5229881.0,9473992638.0,600519.SH,4574.1527,-0.0350066702264486,-0.0129817268967591,-0.0220249433296895,0.2795859093175246,mid,0.0277586461074421
2022-02-23,10742.8477,10869.9789,10679.0851,10830.6408,2811161.0,5118197820.0,600519.SH,4623.0465,0.0100453370681847,0.0106891490526761,-0.0006438119844913,0.2796596201767817,mid,0.001940502403962
2022-02-24,10723.657,10757.3673,10386.5538,10476.6543,6535925.0,11578557075.0,600519.SH,4529.3189,-0.0326838002050625,-0.0202739903221825,-0.0124098098828799,0.2752248524719049,mid,-0.0172148089202994
2022-02-25,10537.9407,10725.2328,10537.9407,10673.3448,3897913.0,6999524161.0,600519.SH,4573.4247,0.0187741710633708,0.009737843806935,0.0090363272564357,0.2848090435966429,mid,0.001850397709545
2022-02-28,10605.8116,10661.7516,10492.9186,10624.6083,2892303.0,5158148387.0,600519.SH,4581.6459,-0.0045661880987861,0.0017976025712198,-0.006363790670006,0.2811513249733044,mid,-0.0071894246835728
2022-03-01,10689.8904,11036.392,10689.8904,11007.7466,4737930.0,8721229267.0,600519.SH,4619.6862,0.0360614047296219,0.0083027586221797,0.0277586461074421,0.314944204103442,high,0.0456788219410454
2022-03-02,10903.7455,10965.5947,10819.329,10931.209,2007448.0,3690612341.0,600519.SH,4578.6007,-0.0069530670337196,-0.0088935694376817,0.001940502403962,0.3140185902196145,high,0.0231918427084401
2022-03-03,10936.3865,10961.4301,10644.8683,10678.6349,3154693.0,5703580558.0,600519.SH,4551.6283,-0.0231057790588398,-0.0058909701385403,-0.0172148089202994,0.3208575119448123,high,-0.0076064365563075
2022-03-04,10521.0574,10638.6214,10425.9482,10568.8934,3104703.0,5509157654.0,600519.SH,4496.4301,-0.0102767349036343,-0.0121271326131794,0.001850397709545,0.29626896739130953,mid,-0.0166237836697454
2022-03-07,10454.6498,10498.5463,10137.2438,10155.2526,4915581.0,8487507372.0,600519.SH,4352.7775,-0.0391375695018364,-0.0319481448182635,-0.0071894246835728,0.32289727487786624,high,-0.0063765464112304
2022-03-08,10453.4117,10603.5605,10295.9468,10415.2554,5721546.0,10087484369.0,600519.SH,4265.391,0.0256027900280886,-0.0200760319129568,0.0456788219410454,0.3366730332346278,high,-0.0082259600554386
2022-03-09,10476.5981,10706.7737,10234.6604,10561.4648,5643442.0,10018590069.0,600519.SH,4226.3463,0.0140380042912822,-0.0091538384171578,0.0231918427084401,0.3216923493995395,high,-0.0009309363310718
2022-03-10,10723.657,10796.8179,10627.985,10647.2882,3646178.0,6587438866.0,600519.SH,4292.8374,0.0081260887220873,0.0157325252783948,-0.0076064365563075,0.3221994465329948,high,0.0058641590381125
2022-03-11,10487.2908,10549.1962,10217.6083,10504.2304,4772677.0,8335618341.0,600519.SH,4306.5217,-0.013436078493677,0.0031877051760684,-0.0166237836697454,0.32296745948271216,high,-0.013456023757424
2022-03-14,10284.6912,10397.2466,10115.8582,10115.8582,4900661.0,8416841920.0,600519.SH,4174.7577,-0.0369729323530451,-0.0305963859418146,-0.0063765464112304,0.3426386160080863,high,-0.0002557754455174
2022-03-15,9834.4699,10031.4418,9569.9649,9569.9649,8905587.0,14567142622.0,600519.SH,3983.812,-0.0539641115174983,-0.0457381514620597,-0.0082259600554386,0.3797547253863297,high,-0.0043512198963507
2022-03-16,9744.4257,10025.2512,9513.6873,9974.8827,7759281.0,12753010156.0,600519.SH,4156.081,0.0423113150603091,0.043242251391381,-0.0009309363310718,0.4183847979083029,high,0.0269180360709409
2022-03-17,10228.4136,10425.3854,10181.478,10229.2577,6835196.0,11843531813.0,600519.SH,4237.6956,0.0255015530157562,0.0196373939776437,0.0058641590381125,0.43257470590671837,high,-0.0110049279072927
2022-03-18,10217.158,10369.1077,10072.4119,10159.6985,3834868.0,6564085394.0,600519.SH,4265.9017,-0.0068000242089901,0.0066559995484338,-0.013456023757424,0.42941049161943173,high,0.0010397549315754
2022-03-21,10250.9246,10260.2104,10087.7757,10140.0576,2787716.0,4763083283.0,600519.SH,4258.7459,-0.0019332168174085,-0.001677441371891,-0.0002557754455174,0.42783398766475506,high,-0.0100817235602566
2022-03-22,10250.2493,10250.2493,10038.9267,10087.7194,2105404.0,3578291198.0,600519.SH,4255.295,-0.005161528865477,-0.0008103089691262,-0.0043512198963507,0.4121782852637324,high,0.0069785649843012
2022-03-23,10143.9971,10509.8019,10098.9749,10409.5714,5806739.0,10096341448.0,600519.SH,4276.5174,0.0319053283738246,0.0049872923028837,0.0269180360709409,0.4281564169474589,high,0.0067453882578156
2022-03-24,10329.7134,10340.9689,10213.5,10233.6474,2581532.0,4457504430.0,600519.SH,4251.3061,-0.016900215507432,-0.0058952876001392,-0.0110049279072927,0.4164813394370182,high,0.0013315479658018
2022-03-25,10183.3914,10307.2023,10031.4418,10059.5806,2970866.0,5054831352.0,600519.SH,4174.5742,-0.0170092629925866,-0.0180490179241621,0.0010397549315754,0.41348335605008535,high,0.0209023131722867
2022-03-28,9693.7758,9917.7609,9575.5927,9895.2498,5754164.0,9392008017.0,600519.SH,4148.4663,-0.0163357506176747,-0.0062540270574181,-0.0100817235602566,0.4163138939281695,high,-0.0051143069703455
2022-03-29,9899.1892,10068.0222,9899.1892,9930.142,2593498.0,4343365464.0,600519.SH,4134.1441,0.0035261565604942,-0.003452408423807,0.0069785649843012,0.39083467250336956,high,0.0128384943801024
2022-03-30,10104.6027,10285.254,10087.7194,10285.254,4243343.0,7276379091.0,600519.SH,4254.0989,0.0357610193288273,0.0290156310710116,0.0067453882578156,0.41636050055793933,high,0.0050537162056689
2022-03-31,10228.4136,10333.09,10165.3826,10222.7858,2517386.0,4338022922.0,600519.SH,4222.5968,-0.0060735690144356,-0.0074051169802374,0.0013315479658018,0.4096313047181909,high,-0.0031236345623331
2022-04-01,10284.3536,10639.2405,10237.9245,10566.1358,4486191.0,7936957252.0,600519.SH,4276.158,0.0335867352321908,0.012684422059904,0.0209023131722867,0.42690602253112375,high,0.0146249074245443
2022-04-06,10414.1299,10615.2099,10414.1299,10481.663,2781977.0,4910792426.0,600519.SH,4263.8411,-0.0079946729437264,-0.0028803659733809,-0.0051143069703455,0.40232250425666516,high,0.0027090578596601
2022-04-07,10442.2687,10594.2184,10397.8093,10481.663,2019571.0,3568182341.0,600519.SH,4209.0998,0.0,-0.0128384943801024,0.0128384943801024,0.39245061735488024,high,0.0089101376924329
2022-04-08,10498.5463,10615.0411,10490.3298,10588.5906,2294132.0,4081618543.0,600519.SH,4230.7669,0.0102013964768756,0.0051476802712067,0.0050537162056689,0.39094276192243865,high,-0.0009057536405971
2022-04-11,10509.8019,10509.8019,10149.7937,10228.4136,4386359.0,7568782591.0,600519.SH,4100.0703,-0.0340155752173475,-0.0308919406550144,-0.0031236345623331,0.40816054244668587,high,-0.0026308286929875
2022-04-12,10279.0635,10610.9328,10160.8804,10577.3351,4162956.0,7284546261.0,600519.SH,4179.9727,0.0341129635195824,0.0194880560950381,0.0146249074245443,0.4245790729416505,high,0.0072809757152315
2022-04-13,10492.9186,10650.496,10403.3245,10504.1741,3114766.0,5534915753.0,600519.SH,4139.737,-0.0069167705578316,-0.0096258284174918,0.0027090578596601,0.40202510056840823,high,0.0190544061613975
2022-04-14,10611.1017,10880.6717,10567.2051,10729.2848,3764986.0,6834657201.0,600519.SH,4191.5684,0.0214305949098843,0.0125204572174513,0.0089101376924329,0.3477670139671121,high,0.0094299049968643
2022-04-15,10691.0159,10779.9346,10655.5047,10712.3452,2104113.0,3800797635.0,600519.SH,4188.7472,-0.0015788191212894,-0.0006730654806922,-0.0009057536405971,0.3207675782940863,high,-0.0080772614481356
2022-04-18,10572.4389,10667.3793,10498.5463,10626.972,1979315.0,3525102977.0,600519.SH,4166.3844,-0.0079696087463648,-0.0053387800533772,-0.0026308286929875,0.31258435097943926,high,0.014670335351651
2022-04-19,10678.6349,10864.2949,10540.7546,10624.0455,2420476.0,4359851980.0,600519.SH,4134.9017,-0.0002753841828132,-0.0075563598980448,0.0072809757152315,0.3109765711335152,high,0.0216303562167937
2022-04-20,10688.1458,10791.1902,10502.3732,10661.7516,2415572.0,4342043328.0,600519.SH,4070.7889,0.0035491282487447,-0.0155052779126527,0.0190544061613975,0.31056779322482514,high,0.0046776382327886
2022-04-21,10623.4828,10712.4015,10509.8019,10565.967,2895261.0,5160788004.0,600519.SH,3995.83,-0.0089839459399897,-0.0184138509368541,0.0094299049968643,0.3121422238430174,high,0.0146151048484191
2022-04-22,10470.4075,10610.4263,10454.5372,10526.6852,2789975.0,4955360846.0,600519.SH,4013.2498,-0.0037177666748344,0.0043594947733012,-0.0080772614481356,0.292637340863748,mid,-0.027687577218027
2022-04-25,10397.2466,10546.3824,10127.1138,10160.8804,5365802.0,9352986852.0,600519.SH,3814.9127,-0.0347502364752011,-0.0494205718268522,0.014670335351651,0.3130403744879173,high,0.0059774962151468
2022-04-26,10134.5987,10391.5062,10115.8582,10298.6481,4456396.0,7692845226.0,600519.SH,3784.1198,0.0135586380880932,-0.0080717181287005,0.0216303562167937,0.3100252510298988,high,0.0025392588912546
2022-04-27,10493.5939,10734.9125,10493.5939,10650.0458,5740244.0,10289893014.0,600519.SH,3895.5361,0.0341207599859636,0.0294431217531749,0.0046776382327886,0.32328743269768473,high,-0.0136598376130649
2022-04-28,10639.2405,10931.8843,10602.66,10875.6067,4401006.0,8038681950.0,600519.SH,3921.1073,0.0211793361489582,0.0065642313005391,0.0146151048484191,0.3290537104277012,high,-0.0032709313575924
2022-04-29,10881.2344,10954.3954,10740.4277,10838.3509,3488527.0,6384066537.0,600519.SH,4016.241,-0.0034256295788998,0.0242619476391272,-0.027687577218027,0.30887088097294546,high,-0.0134565128354204
2022-05-05,10847.4678,11072.5785,10841.7275,10886.8622,3366094.0,6235017580.0,600519.SH,4010.2102,0.0044758930991983,-0.0015016031159484,0.0059774962151468,0.30711528592502757,high,0.0015898290678232
2022-05-06,10762.9951,10785.5624,10571.7073,10639.2405,2859618.0,5138176680.0,600519.SH,3908.815,-0.0227450017691965,-0.0252842606604511,0.0025392588912546,0.29847969475406405,high,0.0008273970650911
2022-05-09,10566.0795,10566.0795,10329.7134,10408.5021,3035182.0,5324616273.0,600519.SH,3877.4364,-0.0216874879367564,-0.0080276503236914,-0.0136598376130649,0.307477825735456,high,-0.0027519524640643
2022-05-10,10228.4136,10593.9933,10144.0534,10488.3601,4011919.0,7018451097.0,600519.SH,3919.8684,0.0076723816004227,0.0109433129580152,-0.0032709313575924,0.30873823543364554,high,-0.0070850381198597
2022-05-11,10425.3854,10613.803,10408.5021,10498.5463,3031267.0,5372950033.0,600519.SH,3976.4231,0.0009711909109604,0.0144277037463809,-0.0134565128354204,0.30650754680088843,high,-0.0002608767734897
2022-05-12,10414.1299,10554.824,10397.2466,10468.5503,2203823.0,3888480084.0,600519.SH,3958.74,-0.002857157471411,-0.0044469865392342,0.0015898290678232,0.2797704400847018,mid,-0.0046171349054912
2022-05-13,10566.0795,10667.0417,10487.2908,10556.1747,2073052.0,3690141231.0,600519.SH,3988.6002,0.008370251609719,0.0075428545446278,0.0008273970650911,0.2534172223116635,mid,0.0042420778323848
2022-05-16,10661.7516,10661.7516,10355.995,10442.2687,2776531.0,4881208653.0,600519.SH,3956.5378,-0.0107904618137855,-0.0080385093497211,-0.0027519524640643,0.2551906120422478,mid,-0.0042264272692872
2022-05-17,10509.1265,10537.9407,10425.3854,10498.5463,2014474.0,3557048801.0,600519.SH,4005.8934,0.0053894035498243,0.012474441669684,-0.0070850381198597,0.24325294336087078,mid,0.0122121823321019
2022-05-18,10530.3995,10531.8627,10357.9647,10459.152,2485044.0,4362486907.0,600519.SH,3991.9069,-0.0037523576002136,-0.0034914808267239,-0.0002608767734897,0.24344681109754762,mid,-0.008485280840503
2022-05-19,10369.1077,10436.6409,10335.3411,10431.0131,1977626.0,3459059182.0,600519.SH,3999.5984,-0.0026903615130556,0.0019267733924355,-0.0046171349054912,0.24218418664651853,mid,-0.0093361100463882
2022-05-20,10453.4679,10685.1068,10408.5021,10678.6911,4194960.0,7493460272.0,600519.SH,4077.5998,0.0237443858641113,0.0195023080317264,0.0042420778323848,0.2574284187648457,mid,0.0046491861671646
2022-05-23,10678.6349,10700.5269,10521.0574,10571.7073,2215713.0,3950856594.0,600519.SH,4053.9823,-0.0100184375592622,-0.005792010289975,-0.0042264272692872,0.2597090293281346,mid,0.005622063215406
2022-05-24,10599.8461,10605.4739,10428.1993,10453.5242,2734222.0,4824599922.0,600519.SH,3959.1541,-0.0111791876795529,-0.0233913700116549,0.0122121823321019,0.26079755694644474,mid,-0.0018549496756863
2022-05-25,10483.1825,10521.0574,10380.3633,10428.2555,2238869.0,3929477102.0,600519.SH,3983.1784,-0.0024172422157878,0.0060680386247151,-0.008485280840503,0.2606193538351413,mid,-0.0062601639070342
2022-05-26,10459.152,10459.152,10284.6912,10356.7266,2805344.0,4888109192.0,600519.SH,3993.0446,-0.0068591434108993,0.0024769666354889,-0.0093361100463882,0.22861970230717404,mid,-0.002758370171933
2022-05-27,10453.4679,10566.0795,10414.1861,10426.2858,2511958.0,4436904896.0,600519.SH,4001.2988,0.0067163306212987,0.002067144454134,0.0046491861671646,0.22491570454287124,mid,-0.0176483749105234
2022-05-30,10487.2908,10625.4525,10487.2908,10557.1314,3446569.0,6135631304.0,600519.SH,4029.0179,0.012549588847833,0.006927525632427,0.005622063215406,0.1932169448209801,low,0.0127270616014709
2022-05-31,10536.6463,10762.4886,10492.806,10701.3148,4075082.0,7329201058.0,600519.SH,4091.5176,0.013657441073434,0.0155123907491203,-0.0018549496756863,0.1837020531755653,low,0.0151685566782355
2022-06-01,10689.8904,10761.8132,10560.4518,10612.5086,2176001.0,3897858999.0,600519.SH,4083.1772,-0.0082986251371655,-0.0020384612301312,-0.0062601639070342,0.18545163227211564,low,0.0040411438161465
2022-06-02,10610.9328,10654.9982,10566.0795,10599.8461,1691473.0,3019718032.0,600519.SH,4089.5682,-0.0011931674665496,0.0015652027053834,-0.002758370171933,0.18432492832880418,low,0.0092403538735401
2022-06-06,10622.3572,10650.496,10442.2687,10611.1017,3674126.0,6535329352.0,600519.SH,4166.085,0.0010618644736737,0.0187102393841971,-0.0176483749105234,0.16599956119222414,low,-0.0106107619825029
2022-06-07,10589.3785,10819.329,10511.5465,10779.3719,3504859.0,6356031009.0,600519.SH,4179.1285,0.0158579386719099,0.003130877070439,0.0127270616014709,0.15426695849743716,low,-0.0001886912637782
2022-06-08,10819.329,11140.1117,10819.329,11047.8163,4435381.0,8236953846.0,600519.SH,4219.8122,0.0249035289338148,0.0097349722555792,0.0151685566782355,0.17385346274809757,low,-0.0111578997133849
2022-06-09,11083.834,11175.848,10954.3954,10976.9065,2632902.0,4897066622.0,600519.SH,4175.6747,-0.0064184448830852,-0.0104595886992318,0.0040411438161465,0.17675908979032778,low,0.007544542846979
2022-06-10,10931.9406,11280.8058,10875.6067,11244.7881,4734462.0,8882462598.0,600519.SH,4238.9936,0.0244041069312197,0.0151637530576795,0.0092403538735401,0.19205869549697513,low,0.023599854725594
2022-06-13,11185.1338,11196.3893,10949.2179,10993.7898,3675518.0,6847248995.0,600519.SH,4189.3527,-0.0223213010123329,-0.0117105390298299,-0.0106107619825029,0.21192920661368553,mid,-0.0093473177979543
2022-06-14,10869.9789,11103.081,10858.7234,11078.2063,2941623.0,5467949348.0,600519.SH,4222.3114,0.0076785623097868,0.0078672535735651,-0.0001886912637782,0.20709467626989597,mid,0.0029478968432684
2022-06-15,11072.5785,11269.5503,11033.1278,11101.2801,3366362.0,6354869100.0,600519.SH,4278.2178,0.0020828101025704,0.0132407098159554,-0.0111578997133849,0.20692984992513958,mid,0.0079349660163944
2022-06-16,11210.9653,11284.3513,11102.5745,11111.9729,2688670.0,5087605391.0,600519.SH,4250.0614,0.0009632042344378,-0.0065813386125411,0.007544542846979,0.20559936354790567,mid,-0.0067770903891799
2022-06-17,11118.1071,11534.0553,11118.1071,11528.4275,5054161.0,9749530916.0,600519.SH,4309.0444,0.0374780071682858,0.0138781524426918,0.023599854725594,0.23752790569913515,mid,0.0135490711033183
2022-06-20,11522.7998,11635.3551,11410.2445,11477.8902,3497478.0,6802792459.0,600519.SH,4330.4328,-0.0043837114818998,0.0049636063160545,-0.0093473177979543,0.22911112082865218,mid,-0.010530405672853
2022-06-21,11517.172,11618.4155,11398.9889,11498.8255,2371702.0,4617805127.0,600519.SH,4325.5657,0.0018239676138391,-0.0011239292294292,0.0029478968432684,0.22348460092148725,mid,0.0016655450817684
2022-06-22,11550.9386,11567.8219,11421.5,11444.0111,1964665.0,3813775294.0,600519.SH,4270.6227,-0.0047669564165488,-0.0127019224329433,0.0079349660163944,0.2186998672444715,mid,0.0125889643676796
2022-06-23,11481.7171,11607.4414,11466.5221,11562.7569,2684352.0,5239860443.0,600519.SH,4343.8781,0.0103762394987541,0.017153329887934,-0.0067770903891799,0.2179488760870085,mid,0.0028417227297761
2022-06-24,11635.3551,11916.7434,11607.2163,11854.8943,3963465.0,7921199792.0,600519.SH,4394.7723,0.0252653759416148,0.0117163048382964,0.0135490711033183,0.22399256432261544,mid,-0.003291372858674
2022-06-27,11916.4057,12085.2387,11805.8764,11863.561,4011517.0,8124448900.0,600519.SH,4444.2639,0.0007310651432801,0.0112614708161331,-0.010530405672853,0.22505273425217887,mid,-0.0117062043994292
2022-06-28,11915.2802,12034.9265,11809.8159,12006.7877,2524571.0,5112298787.0,600519.SH,4490.5166,0.0120728253515112,0.0104072802697428,0.0016655450817684,0.22489110084793376,mid,0.0084672630663067
2022-06-29,11961.7655,12040.5543,11866.1498,11973.0211,3036012.0,6142508408.0,600519.SH,4421.357,-0.0028122925834693,-0.015401256951149,0.0125889643676796,0.22558396123668156,mid,0.0001960597399472
2022-06-30,11926.1699,12359.5079,11926.1136,12179.4194,3898243.0,7984019438.0,600519.SH,4485.0108,0.0172386149056398,0.0143968921758637,0.0028417227297761,0.22272252656156077,mid,-0.0100659315347224
2022-07-01,12235.6971,12307.5636,12011.7682,12089.6565,2159645.0,4385555299.0,600519.SH,4466.7179,-0.0073700475410183,-0.0040786746823442,-0.003291372858674,0.2267793151545609,mid,0.0075736473909954
2022-07-04,12038.7815,12062.8684,11931.854,12027.4697,2507589.0,5042804258.0,600519.SH,4496.0303,-0.005143802059223,0.0065624023402062,-0.0117062043994292,0.2298719042861549,mid,3.340622795910964e-05
2022-07-05,12068.4398,12232.6018,11982.4476,12111.9425,2632940.0,5345189852.0,600519.SH,4489.5383,0.007023322619553,-0.0014439404467536,0.0084672630663067,0.22716530145212946,mid,0.002121723628225
2022-07-06,12106.2584,12145.6528,11847.3812,11937.4255,3275166.0,6566374982.0,600519.SH,4423.9698,-0.0144086714414306,-0.0146047311813779,0.0001960597399472,0.22650104537581606,mid,0.003250474052407
2022-07-07,11954.3087,11978.7895,11841.8097,11869.8923,2093177.0,4179088240.0,600519.SH,4443.4736,-0.0056572667196959,0.0044086648150265,-0.0100659315347224,0.2260534322505253,mid,-0.0029761193542003
2022-07-08,11954.3087,12009.9674,11904.5593,11920.5422,1564389.0,3134903462.0,600519.SH,4428.781,0.0042670901066221,-0.0033065572843732,0.0075736473909954,0.21287952276179747,mid,0.0153275194856334
2022-07-11,11871.0178,11896.7367,11647.5955,11721.3192,2394921.0,4709248310.0,600519.SH,4354.6167,-0.0167125787281722,-0.0167459849561313,3.340622795910964e-05,0.20480666111475102,mid,-0.0093261459875464
2022-07-12,11729.1981,11773.0947,11532.564,11635.8335,2344686.0,4562731381.0,600519.SH,4313.6184,-0.0072931807880464,-0.0094149044162714,0.002121723628225,0.20742739428441456,mid,0.0012816956188231
2022-07-13,11616.6428,11768.5925,11592.2746,11694.8125,1985377.0,3893406034.0,600519.SH,4321.4617,0.0050687387371088,0.0018182646847018,0.003250474052407,0.20761106297138318,mid,6.778625135428484e-06
2022-07-14,11701.0593,11795.6057,11594.1317,11661.6649,2052724.0,4014985518.0,600519.SH,4322.0742,-0.002834384903563,0.0001417344506373,-0.0029761193542003,0.20846538202585524,mid,0.0057812270295035
2022-07-15,11617.2618,11924.369,11613.8852,11641.9677,3341623.0,6588730699.0,600519.SH,4248.5273,-0.0016890555652993,-0.0170165750509327,0.0153275194856334,0.16261711111957783,low,0.0033731974238635
2022-07-18,11658.0631,11695.4315,11487.2042,11654.1237,2422072.0,4701936868.0,600519.SH,4292.5858,0.0010441533865448,0.0103702993740912,-0.0093261459875464,0.16157553709592978,low,0.0049005240063852
2022-07-19,11616.6428,11654.0674,11509.7152,11605.95,2195603.0,4250852886.0,600519.SH,4269.3401,-0.0041336183860825,-0.0054153140049056,0.0012816956188231,0.16246170836154075,low,-0.0052182671574438
2022-07-20,11694.0246,11757.3369,11616.6428,11645.3444,1870461.0,3659970961.0,600519.SH,4283.8027,0.0033943279093913,0.0033875492842558,6.778625135428484e-06,0.16152379889148288,low,-0.0098601456821155
2022-07-21,11605.95,11677.9854,11557.6075,11582.8762,1406137.0,2735503093.0,600519.SH,4236.0578,-0.0053642209156131,-0.0111454479451167,0.0057812270295035,0.1589464570754008,low,-0.0107455504484373
2022-07-22,11640.392,11712.3148,11560.3651,11627.8983,2511357.0,4894378605.0,600519.SH,4238.2341,0.0038869533976371,0.0005137559737735,0.0033731974238635,0.12950309390792886,low,0.0133690246594907
2022-07-25,11642.024,11657.7255,11537.8541,11614.6731,1691244.0,3285451347.0,600519.SH,4212.6441,-0.0011373680487041,-0.0060378920550894,0.0049005240063852,0.1293541016828343,low,-0.0084891705569197
2022-07-26,11661.6086,11729.0293,11628.0109,11645.9634,2068510.0,4041100077.0,600519.SH,4245.9758,0.0026940319138211,0.007912299071265,-0.0052182671574438,0.12075392104554189,low,0.0143583745867938
2022-07-27,11599.7595,11633.5261,11459.0653,11473.6975,2148987.0,4149807166.0,600519.SH,4225.0357,-0.0147918977660534,-0.0049317520839379,-0.0098601456821155,0.1296446140897993,low,0.0122623193123586
2022-07-28,11482.1392,11577.2484,11322.0855,11352.1378,3486986.0,6669448409.0,600519.SH,4225.6733,-0.0105946404809783,0.000150909967459,-0.0107455504484373,0.11087764376822179,low,0.0069747335972554
2022-07-29,11335.8173,11470.2646,11240.1452,11354.614,3703236.0,7028415881.0,600519.SH,4170.1019,0.0002181263162608,-0.0131508983432299,0.0133690246594907,0.110624962744089,low,-0.0095945895206763
2022-08-01,11307.1719,11408.4154,11257.4787,11308.804,2103741.0,3988198590.0,600519.SH,4188.6784,-0.0040344832505975,0.0044546873063222,-0.0084891705569197,0.11042412686647898,low,-0.0039580838376682
2022-08-02,11250.838,11295.7476,11127.0834,11250.7254,2822088.0,5284516568.0,600519.SH,4107.024,-0.0051356978156134,-0.0194940724024073,0.0143583745867938,0.10395395190847924,low,-0.0027341312029882
2022-08-03,11307.0594,11385.9044,11233.9547,11278.9768,2459842.0,4642442196.0,600519.SH,4066.9754,0.0025110736415272,-0.0097512456708314,0.0122623193123586,0.09792664408872638,low,-0.0055549494844988
2022-08-04,11307.1156,11493.3947,11251.5696,11453.4938,3035714.0,5797110733.0,600519.SH,4101.5367,0.0154727687710112,0.0084980351737558,0.0069747335972554,0.11671327382130182,low,-0.0049044994883624
2022-08-05,11519.8452,11560.3651,11390.9694,11498.2346,2008584.0,3857406327.0,600519.SH,4156.9111,0.0039063014990237,0.0135008910197,-0.0095945895206763,0.1164730186888944,low,0.0109843891040262
2022-08-08,11448.654,11548.4343,11405.6578,11428.2814,1679901.0,3220702892.0,600519.SH,4148.0746,-0.0060838209023844,-0.0021257370647161,-0.0039580838376682,0.10381816877868119,low,-0.0026558250952751
2022-08-09,11428.2814,11470.2646,11391.5321,11419.671,1387461.0,2651800008.0,600519.SH,4156.2907,-0.0007534291201474,0.0019807020828408,-0.0027341312029882,0.10133038283984686,low,0.0008682610791009
2022-08-10,11419.5584,11464.6931,11164.0578,11228.3269,2792662.0,5259452686.0,600519.SH,4109.7373,-0.0167556578468854,-0.0112007083623866,-0.0055549494844988,0.11315274802841405,low,-0.00928553708359
2022-08-11,11284.6046,11402.7877,11239.6387,11402.2249,2606149.0,4940834195.0,600519.SH,4193.5428,0.0154874365120238,0.0203919360003863,-0.0049044994883624,0.12896547973660588,low,-0.0023040930155351
2022-08-12,11402.2249,11532.2263,11363.3933,11520.9708,2025983.0,3882570566.0,600519.SH,4191.152,0.0104142744983042,-0.0005701146057219,0.0109843891040262,0.13522754246384203,low,0.006700589805187
2022-08-15,11478.5374,11585.6901,11450.9051,11475.3296,1932314.0,3717178491.0,600519.SH,4185.6794,-0.0039615758769218,-0.0013057507816466,-0.0026558250952751,0.1356421630482968,low,-0.0078161600876656
2022-08-16,11498.122,11553.5555,11453.4376,11463.7927,1483584.0,2854189586.0,600519.SH,4177.837,-0.0010053654580866,-0.0018736265371875,0.0008682610791009,0.13505677439007932,low,-0.0070485084058957
2022-08-17,11532.2263,11532.2263,11335.2545,11464.6931,1836063.0,3508295541.0,600519.SH,4216.9586,7.854294155196229e-05,0.0093640800251419,-0.00928553708359,0.1342726828818067,low,0.0109563918678428
2022-08-18,11408.4154,11437.0045,11256.8597,11338.0684,2316777.0,4384060205.0,600519.SH,4180.0996,-0.0110447526938161,-0.0087406596782809,-0.0023040930155351,0.13831634013821698,low,0.0073235235902691
2022-08-19,11352.1378,11410.3852,11295.8601,11335.3108,1354417.0,2572000762.0,600519.SH,4151.0738,-0.0002432160314009,-0.006943805836588,0.006700589805187,0.13714041060448665,low,0.0085986388814445
2022-08-22,11279.0331,11402.7877,11258.6043,11329.5142,1542667.0,2925285473.0,600519.SH,4181.3965,-0.0005113754798853,0.0073047846077802,-0.0078161600876656,0.137164500590293,low,-0.0051201286434364
2022-08-23,11355.5144,11355.5144,11177.677,11194.6166,2375636.0,4452538978.0,600519.SH,4161.0823,-0.0119067417736234,-0.0048582333677277,-0.0070485084058957,0.14138402105293213,low,-0.0010578665447813
2022-08-24,11194.504,11223.9935,11087.6328,11105.6416,1872761.0,3486382969.0,600519.SH,4082.4195,-0.0079480167279689,-0.0189044085958117,0.0109563918678428,0.13507716234760414,low,0.0263995982111118
2022-08-25,11132.6549,11295.8601,11105.6416,11278.9768,2192534.0,4107597895.0,600519.SH,4116.2396,0.0156078510583306,0.0082843274680615,0.0073235235902691,0.14366989878073316,low,-0.012494049670137
2022-08-26,11363.3933,11430.9265,11284.6046,11352.1378,2314195.0,4397161135.0,600519.SH,4107.5455,0.0064864926400061,-0.0021121462414384,0.0085986388814445,0.1456697657289653,low,0.0020322612581819
2022-08-29,11267.7213,11363.2245,11217.0714,11244.1972,1356962.0,2555981192.0,600519.SH,4089.5205,-0.009508394092961,-0.0043882654495245,-0.0051201286434364,0.1489538733092933,low,-0.0180238529404501
2022-08-30,11264.0632,11278.9768,11105.6416,11194.5603,1823539.0,3400091358.0,600519.SH,4075.7937,-0.0044144458796935,-0.0033565793349121,-0.0010578665447813,0.14866147767674243,low,-0.004060777525261
2022-08-31,11138.8454,11507.239,11138.3389,11498.4597,4469151.0,8518225337.0,600519.SH,4078.8402,0.0271470599876977,0.0007474617765859,0.0263995982111118,0.17755249815236282,low,-0.0144081837512561
2022-09-01,11431.7707,11453.4376,11255.8467,11255.8467,2684508.0,5088658955.0,600519.SH,4043.7395,-0.0210996086719336,-0.0086055590017966,-0.012494049670137,0.18536425993765918,low,0.0027123232737656
2022-09-02,11306.778,11323.7738,11173.006,11222.6992,1939132.0,3635162804.0,600519.SH,4023.6131,-0.0029449139530304,-0.0049771752112123,0.0020322612581819,0.18464843705838954,low,0.0015070125126284
2022-09-05,11153.14,11188.9326,10913.172,10997.5885,3682187.0,6764549173.0,600519.SH,4015.4264,-0.0200585167603886,-0.0020346638199384,-0.0180238529404501,0.1959219931500891,mid,0.0131863915338432
2022-09-06,10999.6145,11071.875,10941.3108,11053.8662,2083004.0,3832086313.0,600519.SH,4052.2802,0.0051172763920017,0.0091780539172627,-0.004060777525261,0.19745871606062454,mid,0.0061251229566745
2022-09-07,10997.7573,11012.5584,10862.5784,10901.9728,2830616.0,5151537330.0,600519.SH,4054.983,-0.0137412012459496,0.0006669825053065,-0.0144081837512561,0.19465048998984052,mid,0.0149391368356535
2022-09-08,10913.172,10980.7052,10885.0332,10885.0332,1659057.0,3026766448.0,600519.SH,4037.6839,-0.0015538105176706,-0.0042661337914363,0.0027123232737656,0.1841547473532332,low,0.0129456351069227
2022-09-09,10941.3108,11093.2605,10890.6609,11052.6843,2708986.0,4991679523.0,600519.SH,4093.7874,0.0154019833398395,0.0138949708272111,0.0015070125126284,0.18947975125058963,low,0.0075804237169351
2022-09-13,11250.838,11297.9987,11128.3215,11245.2102,2869309.0,5387987148.0,600519.SH,4111.1145,0.0174189269117184,0.0042325353778751,0.0131863915338432,0.20137719763682224,mid,0.0019635170361256
2022-09-14,11160.85,11250.838,11155.166,11188.9326,1604157.0,3002693247.0,600519.SH,4065.359,-0.0050045840850533,-0.0111297070417278,0.0061251229566745,0.20189513062110026,mid,-0.0076217077146409
2022-09-15,11194.5603,11324.6743,11194.3352,11250.838,2081021.0,3917954256.0,600519.SH,4027.1186,0.0055327350885998,-0.0094064017470536,0.0149391368356535,0.20325403146103355,mid,-0.0050122014423723
2022-09-16,11204.6903,11282.3535,11110.7629,11132.6549,2412127.0,4501527357.0,600519.SH,3932.6826,-0.0105043819847019,-0.0234500170916246,0.0129456351069227,0.20290377033837056,mid,0.0104638758230997
2022-09-19,11110.1438,11299.1805,11098.213,11203.7899,1858351.0,3479680771.0,600519.SH,3928.0001,0.006389760631132,-0.001190663085803,0.0075804237169351,0.20452054750253132,mid,0.0196408602161914
2022-09-20,11194.4478,11276.7257,11130.1224,11239.5824,1411630.0,2645281859.0,600519.SH,3932.8361,0.0031946779009126,0.001231160864787,0.0019635170361256,0.2049415929249621,mid,-0.0018838581631299
2022-09-21,11232.0975,11267.7213,11070.7495,11070.7495,2099454.0,3904096421.0,600519.SH,3903.7348,-0.015021278726512,-0.007399571011871,-0.0076217077146409,0.20755865445237576,mid,0.0138450999189992
2022-09-22,11025.7273,11031.4677,10895.4445,10917.7305,2270429.0,4147900996.0,600519.SH,3869.344,-0.013821918741816,-0.0088097172994436,-0.0050122014423723,0.21137574072237253,mid,-0.0009144488710286
2022-09-23,10917.7305,11110.1438,10917.7305,10994.3807,2828769.0,5191904760.0,600519.SH,3856.0212,0.0070207081957189,-0.0034431676273807,0.0104638758230997,0.20464225459484894,mid,0.0018898985852274
2022-09-26,10913.172,11295.8601,10913.0595,11155.166,3513492.0,6566771227.0,600519.SH,3836.6773,0.0146243162200121,-0.0050165439961793,0.0196408602161914,0.21064600248444407,mid,-0.0213675489282345
2022-09-27,11188.1447,11346.51,11088.2518,11295.8601,2882019.0,5422668135.0,600519.SH,3892.295,0.0126124613475049,0.0144963195106349,-0.0018838581631299,0.2131249748975945,mid,-0.0049686965359251
2022-09-28,11253.6519,11360.0166,11217.1277,11267.7213,2144597.0,4042506330.0,600519.SH,3828.7098,-0.0024910719282014,-0.0163361718472007,0.0138450999189992,0.21266777526581038,mid,-0.0257146983683673
2022-09-29,11352.0252,11375.6618,11200.9197,11252.8077,2158966.0,4075515187.0,600519.SH,3827.1434,-0.0013235684130739,-0.0004091195420452,-0.0009144488710286,0.18774761236234905,low,-0.0235752498387592
2022-09-30,11355.627,11374.5926,11172.0493,11208.6297,2128908.0,4000917951.0,600519.SH,3804.8853,-0.0039259535200267,-0.0058158521052542,0.0018898985852274,0.1726691253796438,low,-0.0032488593130723
2022-10-10,11307.1156,11312.7434,10689.1869,10721.828,4858413.0,8865386496.0,600519.SH,3720.9365,-0.0434309735471054,-0.0220634246188708,-0.0213675489282345,0.231224849453886,mid,-0.011317970975341
2022-10-11,10738.7113,10834.3833,10575.506,10688.0051,3204719.0,5712249507.0,600519.SH,3727.6867,-0.0031545833415719,0.0018141131943532,-0.0049686965359251,0.22146734323735742,mid,-0.0047769964626249
2022-10-12,10652.3813,10682.4336,10282.8622,10575.506,4819500.0,8372252823.0,600519.SH,3784.3064,-0.0105257341241351,0.0151889642442322,-0.0257146983683673,0.22238365566570184,mid,-0.0156041370269783
2022-10-13,10352.9842,10434.8119,10220.9568,10237.7838,6396927.0,10919727537.0,600519.SH,3752.6729,-0.031934377418915,-0.0083591275801557,-0.0235752498387592,0.24338381564260037,mid,0.0031748330327633
2022-10-14,10294.1177,10547.3672,10248.7579,10449.5004,4651970.0,8045032623.0,600519.SH,3842.4698,0.0206799248876501,0.0239287842007225,-0.0032488593130723,0.2575498621346176,mid,-0.0078579387373953
2022-10-17,10384.162,10395.3613,10225.459,10341.9537,3354951.0,5740146639.0,600519.SH,3846.4119,-0.0102920422874954,0.0010259286878455,-0.011317970975341,0.250696631496484,mid,-0.0411399560359142
2022-10-18,10378.5342,10406.6731,10243.4678,10270.65,2808277.0,4800689502.0,600519.SH,3838.2667,-0.0068946063837048,-0.0021176099210798,-0.0047769964626249,0.23874779040890537,mid,-0.0116573739229113
2022-10-19,10248.9831,10248.9831,9945.1962,9945.1962,6012093.0,9997656284.0,600519.SH,3776.5335,-0.0316877510186793,-0.0160836139917009,-0.0156041370269783,0.25766248196795244,mid,-0.0179186189935689
2022-10-20,9793.2466,10060.1715,9736.9689,9919.8713,4277807.0,7020555512.0,600519.SH,3754.9269,-0.0025464454889285,-0.0057212785216919,0.0031748330327633,0.25454838429079896,mid,-0.0327985638880128
2022-10-21,9900.1741,9944.0707,9731.3411,9810.1298,3890740.0,6317945876.0,600519.SH,3742.8929,-0.0110627947360567,-0.0032048559986613,-0.0078579387373953,0.25468271334954173,mid,-0.0022360334331037
2022-10-24,9506.2305,9613.158,9044.8099,9119.4904,13209804.0,20217576174.0,600519.SH,3633.3733,-0.0704006383279455,-0.0292606822920312,-0.0411399560359142,0.33698551835050033,high,0.0024523807098588
2022-10-25,8996.4674,9196.7033,8954.7094,8998.3246,8136156.0,12136909034.0,600519.SH,3627.4542,-0.0132864660946405,-0.0016290921717292,-0.0116573739229113,0.3334740000615548,high,0.0404809511868042
2022-10-26,9049.2559,9196.6471,8887.1762,8910.1375,8178083.0,12120993864.0,600519.SH,3656.9027,-0.0098003910639097,0.0081182279296592,-0.0179186189935689,0.3331211807041695,high,-0.0057132163889075
2022-10-27,8999.7315,9044.6411,8458.6218,8555.138,10710590.0,15258551283.0,600519.SH,3631.1448,-0.0398422022106841,-0.0070436383226712,-0.0327985638880128,0.34890803114806446,high,-0.0122684898549821
2022-10-28,8497.566,8583.2768,8317.1398,8324.3996,9314275.0,12823821843.0,600519.SH,3541.3295,-0.0269707396888279,-0.0247347062557241,-0.0022360334331037,0.3453261103115755,high,0.0167483819745666
2022-10-31,8268.1219,8448.2667,8172.4499,8268.1219,7184665.0,9758303071.0,600519.SH,3508.7034,-0.0067605716573241,-0.009212952367183,0.0024523807098588,0.3301689043220539,high,-0.0079394476500634
2022-11-01,8318.7718,8940.0772,8318.7718,8898.488,11876648.0,16859775304.0,600519.SH,3634.1732,0.0762405426073844,0.0357595914205801,0.0404809511868042,0.45391668572693356,high,-0.0067898153690413
2022-11-02,8887.1762,9146.0534,8752.1098,8954.4843,7977715.0,11717204099.0,600519.SH,3677.8051,0.0062927881680574,0.0120060045569649,-0.0057132163889075,0.4572797486649281,high,-0.0062235183180051
2022-11-03,8794.712,8901.2456,8707.6505,8771.807,4515970.0,6509550787.0,600519.SH,3647.8966,-0.0204006499849466,-0.0081321601299644,-0.0122684898549821,0.4569220822732169,high,0.0172577778596055
2022-11-04,8763.1402,9268.5699,8763.1402,9205.5389,8000795.0,11996968945.0,600519.SH,3767.1746,0.0494461289446972,0.0326977469701306,0.0167483819745666,0.5060433381725745,high,0.0054621668942609
2022-11-07,9078.8016,9216.288,9036.8185,9152.3003,4269835.0,6414049133.0,600519.SH,3775.2971,-0.0057833224733859,0.0021561251766775,-0.0079394476500634,0.4897652053093514,high,0.0014716963303162
2022-11-08,9157.309,9213.5304,8937.601,9027.195,3932491.0,5842320995.0,600519.SH,3749.3251,-0.0136692739419838,-0.0068794585729424,-0.0067898153690413,0.48996871692223365,high,0.0143241244852234
2022-11-09,9021.9612,9049.7061,8830.8985,8886.6134,3609016.0,5276777530.0,600519.SH,3714.2704,-0.0155731209971646,-0.0093496026791595,-0.0062235183180051,0.49064638418982953,high,0.0065585446333346
2022-11-10,8797.1319,9027.8704,8747.3262,8971.5927,3771967.0,5518325849.0,600519.SH,3685.6885,0.0095626192087976,-0.0076951586508079,0.0172577778596055,0.4861262307908657,high,-0.0066061990867427
2022-11-11,9269.8643,9362.4411,9084.0355,9270.7085,7394715.0,11252112275.0,600519.SH,3788.4387,0.03334032317361,0.027878156279349,0.0054621668942609,0.4973374015191509,high,0.0045538982894254
2022-11-14,9357.0947,9469.8188,9269.8643,9298.0031,5737015.0,8858049581.0,600519.SH,3794.0171,0.0029441762730431,0.0014724799427268,0.0014716963303162,0.497866457950892,high,-0.0194269282963195
2022-11-15,9292.3754,9669.2669,9230.4699,9607.5303,5631760.0,8858377894.0,600519.SH,3865.9726,0.033289642590031,0.0189655181048076,0.0143241244852234,0.5157808312678556,high,0.0120648988084428
2022-11-16,9568.1359,9663.8079,9494.9749,9592.0539,2684776.0,4250886805.0,600519.SH,3834.3899,-0.0016108614302261,-0.0081694060635607,0.0065585446333346,0.5043879803319979,high,0.0044052584061746
2022-11-17,9621.5997,9654.2407,9409.8831,9489.3472,3057988.0,4793001162.0,600519.SH,3818.664,-0.010707477363112,-0.0041012782763693,-0.0066061990867427,0.5054798302419381,high,-0.0129593589478547
2022-11-18,9539.9971,9585.0192,9427.4418,9490.0788,2360871.0,3703793426.0,600519.SH,3801.5686,7.709697880997624e-05,-0.0044768013106154,0.0045538982894254,0.5042994050226494,high,-0.0038166771055623
2022-11-21,9344.995,9344.995,9104.014,9224.7296,3909600.0,5917086070.0,600519.SH,3769.1269,-0.0279606951208876,-0.008533766824568,-0.0194269282963195,0.4461907383743924,high,0.0038739261458258
2022-11-22,9210.4351,9448.4896,9202.9502,9337.1161,2990062.0,4582790131.0,600519.SH,3769.5727,0.0121831755371992,0.0001182767287564,0.0120648988084428,0.4445753852316939,high,0.0238543303367
2022-11-23,9269.8643,9433.0695,9230.695,9388.0474,2217746.0,3428793052.0,600519.SH,3773.5287,0.0054547142238061,0.0010494558176314,0.0044052584061746,0.44239960532427774,high,-0.0011989588253098
2022-11-24,9444.325,9499.9274,9190.963,9224.7859,2768738.0,4241974248.0,600519.SH,3756.8082,-0.0173903574453617,-0.004430998497507,-0.0129593589478547,0.42019865965170156,high,0.0076771220608655
2022-11-25,9227.7123,9292.3754,9168.5645,9236.154,1862104.0,2833988373.0,600519.SH,3775.7764,0.0012323429641873,0.0050490200697497,-0.0038166771055623,0.40415864626376835,high,0.0078761593175177
2022-11-28,9026.6322,9196.7033,8836.5263,9167.8892,4772321.0,7040991068.0,600519.SH,3733.2424,-0.0073910417691174,-0.0112649679149432,0.0038739261458258,0.40441864378233455,high,-0.0019199444751185
2022-11-29,9503.7543,9675.0635,9399.3029,9669.4357,7342013.0,11587859176.0,600519.SH,3848.4224,0.0547068675306416,0.0308525371939416,0.0238543303367,0.3591341273981916,high,0.0075457052469853
2022-11-30,9602.5778,9697.5745,9590.647,9669.4357,3149730.0,5019450678.0,600519.SH,3853.0365,0.0,0.0011989588253098,-0.0011989588253098,0.35938931256896556,high,0.0002453847090762
2022-12-01,10012.7294,10125.2848,9848.3424,9848.3987,5135768.0,8480772923.0,600519.SH,3894.7687,0.0185081121124781,0.0108309900516125,0.0076771220608655,0.3506584238661733,high,0.001488172217086
2022-12-02,9872.0353,9973.2788,9794.3721,9865.7322,2388390.0,3910860618.0,600519.SH,3870.9478,0.0017600323187565,-0.0061161269987611,0.0078761593175177,0.3109636064750565,high,0.0139292105471158
2022-12-05,10057.7516,10119.657,9950.824,10040.3055,3612746.0,6018521304.0,600519.SH,3946.8759,0.0176949157407697,0.0196148602158883,-0.0019199444751185,0.3126814442606649,high,0.0160830136405026
2022-12-06,9984.5906,10389.227,9967.7073,10170.3069,4414748.0,7477917194.0,600519.SH,3968.1979,0.012947952629529,0.0054022473825436,0.0075457052469853,0.306006870773577,high,0.0078723435359827
2022-12-07,10112.9599,10350.3954,10069.1759,10147.7958,3552626.0,6012253045.0,600519.SH,3958.4409,-0.0022134140317829,-0.0024587987408591,0.0002453847090762,0.29696723838722183,high,0.0088326318208731
2022-12-08,10136.5403,10209.7012,10040.8683,10164.7917,1972956.0,3323420877.0,600519.SH,3959.1798,0.0016748366182142,0.0001866644011281,0.001488172217086,0.297321243553968,high,0.0092615018196737
2022-12-09,10192.8179,10406.6731,10136.5403,10406.6731,3921526.0,6716944493.0,600519.SH,3998.2442,0.0237960016435949,0.0098667910964791,0.0139292105471158,0.28763503339520585,mid,-0.0006293839859219
2022-12-12,10327.0964,10609.2726,10322.2566,10457.4355,3475517.0,6063957619.0,600519.SH,3953.4433,0.0048778701427643,-0.0112051434977383,0.0160830136405026,0.2874488757450106,mid,0.0081512413818106
2022-12-13,10446.0674,10579.3892,10406.6731,10519.2284,2138546.0,3735089152.0,600519.SH,3945.6813,0.0059089917408527,-0.0019633517951299,0.0078723435359827,0.2688608554230228,mid,-0.014161624075633
2022-12-14,10479.834,10692.5636,10479.834,10636.6799,2909840.0,5141262368.0,600519.SH,3954.8857,0.0111654101930136,0.0023327783721405,0.0088326318208731,0.26872242259263507,mid,0.0126877122868978
2022-12-15,10828.7555,10890.6609,10688.0614,10727.3995,3063444.0,5497063390.0,600519.SH,3951.9885,0.0085289395613006,-0.0007325622583731,0.0092615018196737,0.26210262270566587,mid,0.0141736713225379
2022-12-16,10650.0739,10749.9668,10479.834,10726.7241,3330266.0,5901587128.0,600519.SH,3954.227,-6.296027289742767e-05,0.0005664237130245,-0.0006293839859219,0.2621470387576301,mid,0.0036254370938102
2022-12-19,10793.8634,10793.8634,10576.4628,10648.667,2498710.0,4447236356.0,600519.SH,3893.2207,-0.0072768814851871,-0.0154281228669977,0.0081512413818106,0.2352228975870307,mid,-0.0192996041834242
2022-12-20,10605.502,10605.502,10139.0728,10322.2566,4619840.0,7944120661.0,600519.SH,3829.0173,-0.0306527004741531,-0.0164910763985201,-0.014161624075633,0.2700130658106081,mid,-0.0046389241624853
2022-12-21,10372.9065,10457.323,10337.1701,10457.323,2281614.0,3948926227.0,600519.SH,3830.5384,0.013084968261688,0.0003972559747902,0.0126877122868978,0.27147667250535445,mid,0.0042670326612058
2022-12-22,10556.9344,10704.9447,10491.0896,10620.5282,2317534.0,4093861570.0,600519.SH,3836.028,0.0156067857902064,0.0014331144676684,0.0141736713225379,0.2595061916744905,mid,-0.0037083452692217
2022-12-23,10532.735,10699.3169,10491.0896,10637.4115,1731921.0,3063608409.0,600519.SH,3828.2188,0.001589685529953,-0.0020357515638571,0.0036254370938102,0.25940037384118064,mid,0.0004289087481592
2022-12-26,10637.4115,10637.4115,10434.9244,10474.5439,2138380.0,3749121030.0,600519.SH,3843.4887,-0.0153108300830516,0.0039887741003725,-0.0192996041834242,0.2667336935815297,mid,-0.0025898862527793
2022-12-27,10574.9995,10626.4936,10504.6525,10546.8607,1790505.0,3109270166.0,600519.SH,3887.854,0.0069040524046111,0.0115429765670964,-0.0046389241624853,0.1980226834914975,mid,-0.0039707583355831
2022-12-28,10619.3463,10625.6494,10406.2228,10546.8607,2143790.0,3699948995.0,600519.SH,3871.2644,0.0,-0.0042670326612058,0.0042670326612058,0.1980226834914975,mid,0.0212940275497304
2022-12-29,10456.8165,10513.0378,10367.0536,10468.072,2241780.0,3844499655.0,600519.SH,3856.7007,-0.0074703461286825,-0.0037620008594608,-0.0037083452692217,0.19496850213406405,mid,-0.0016757100097026
2022-12-30,10563.744,10659.3598,10513.0941,10513.0941,2533312.0,4409544297.0,600519.SH,3871.6338,0.0043008970515296,0.0038719883033704,0.0004289087481592,0.1949407196236412,mid,0.0111493594372189
2023-01-03,10536.7307,10577.4195,10394.9673,10530.0337,2603380.0,4487760231.0,600519.SH,3887.8992,0.0016112858725387,0.0042011721253181,-0.0025898862527793,0.18735135429281746,low,0.0055992696077769
2023-01-04,10529.9774,10578.939,10451.1887,10501.8949,2041575.0,3523582306.0,600519.SH,3892.9477,-0.0026722421600607,0.0012985161755223,-0.0039707583355831,0.18391639825351166,low,-0.0029080447972812
2023-01-05,10569.3718,10929.5488,10546.8607,10929.5488,4794285.0,8541587089.0,600519.SH,3968.5782,0.0407215939668184,0.0194275664170879,0.0212940275497304,0.22941222563175814,mid,-0.007468193074792
2023-01-06,10958.363,10990.8915,10850.7601,10945.1377,2490375.0,4480838898.0,600519.SH,3980.8888,0.0014263077355947,0.0031020177452973,-0.0016757100097026,0.22944468839666213,mid,0.0127702405853526
2023-01-09,11120.8929,11205.1968,10967.9302,11155.785,3097723.0,5684181147.0,600519.SH,4013.1196,0.0192457423354299,0.008096382898211,0.0111493594372189,0.22470571919505086,mid,-0.0028358599116862
2023-01-10,11143.7416,11286.912,11095.5679,11230.3529,2273173.0,4204783734.0,600519.SH,4017.4737,0.0066842360264203,0.0010849664186434,0.0055992696077769,0.224935854138975,mid,-0.0022111063551576
2023-01-11,11239.076,11261.587,11131.248,11176.8891,2272031.0,4201487773.0,600519.SH,4010.0309,-0.0047606518224373,-0.0018526070251561,-0.0029080447972812,0.2267066300474342,mid,-0.0056458525892154
2023-01-12,11194.0538,11239.076,11109.6373,11115.2651,1719317.0,3162637136.0,600519.SH,4017.8692,-0.0055135198576855,0.0019546732171065,-0.007468193074792,0.22659950942130738,mid,-0.0125085540179301
2023-01-13,11172.5558,11419.1645,11149.0317,11413.5367,3193965.0,5969876222.0,600519.SH,4074.3772,0.0268344117136711,0.0140641711283184,0.0127702405853526,0.2420629740088687,mid,-0.0161339081831854
2023-01-16,11407.9089,11683.6695,11379.7701,11559.2958,3684826.0,7059982640.0,600519.SH,4137.9643,0.0127707216291685,0.0156065815408548,-0.0028358599116862,0.24403688686981448,mid,0.0092479189882808
2023-01-17,11560.7591,11616.1363,11458.5588,11531.7198,2129923.0,4068321409.0,600519.SH,4137.2422,-0.002385612452274,-0.0001745060971164,-0.0022111063551576,0.24168360797805827,mid,-0.0102285641129353
2023-01-18,11565.4864,11629.0801,11430.42,11447.3033,2106293.0,4008665438.0,600519.SH,4130.3143,-0.0073203738439777,-0.0016745212547623,-0.0056458525892154,0.20919070826757472,mid,-0.0097978393241819
2023-01-19,11444.4894,11444.602,11295.3536,11375.3242,2343889.0,4401994437.0,600519.SH,4156.0077,-0.0062878651952902,0.0062206888226399,-0.0125085540179301,0.21088438626595596,mid,-0.0009377370105203
2023-01-20,11425.8615,11476.8491,11250.3315,11261.6433,2560875.0,4807356071.0,600519.SH,4181.5267,-0.0099936404449905,0.0061402677381949,-0.0161339081831854,0.212251957515982,mid,0.0002918370126283
2023-01-30,11537.3476,11537.3476,11374.1423,11419.1645,3592255.0,6799756571.0,600519.SH,4201.345,0.0139874080366229,0.004739489048342,0.0092479189882808,0.2156794059700374,mid,0.0014801652059355
2023-01-31,11467.0005,11486.4163,11110.0313,11181.4476,3299068.0,6128311548.0,600519.SH,4156.8578,-0.0208173636521307,-0.0105887995391953,-0.0102285641129353,0.2228622117236187,mid,-0.0007667946833445
2023-02-01,11233.3356,11255.9592,10988.0776,11177.0017,3397389.0,6244678925.0,600519.SH,4195.9332,-0.0003976139905175,0.0094002253336644,-0.0097978393241819,0.22283070132128063,mid,-0.0022886826475474
2023-02-02,11196.1924,11255.9592,11070.243,11127.1397,2975886.0,5465509510.0,600519.SH,4181.1493,-0.0044611248471047,-0.0035233878365843,-0.0009377370105203,0.22418536295759348,mid,0.0042383038986735
2023-02-03,11036.4764,11070.243,10899.6091,11025.2208,3494490.0,6324635031.0,600519.SH,4141.6319,-0.0091594877702488,-0.0094513247828772,0.0002918370126283,0.22528668961152742,mid,0.0018587473585888
2023-02-06,10811.3657,10895.7822,10698.8104,10895.7822,4266095.0,7595739044.0,600519.SH,4086.8779,-0.0117402274610227,-0.0132203926669582,0.0014801652059355,0.2308920054831089,mid,0.0146812396245432
2023-02-07,10969.3934,10973.4454,10854.8684,10907.0377,2432171.0,4373671735.0,600519.SH,4094.2335,0.0010330144080892,0.0017998090914337,-0.0007667946833445,0.2309103406789791,mid,-0.0067022817726811
2023-02-08,10923.9773,10957.5188,10783.2269,10833.8768,1667577.0,2980574806.0,600519.SH,4076.1411,-0.0067076782910543,-0.0044189956435068,-0.0022886826475474,0.23240028952826106,mid,0.0038053195057397
2023-02-09,10800.1102,11091.3471,10783.2832,11025.2208,2975366.0,5401399088.0,600519.SH,4130.8565,0.0176616370605211,0.0134233331618476,0.0042383038986735,0.19187236839292063,low,0.017828081977967
2023-02-10,10980.7615,11027.9784,10929.8302,10980.1987,1798451.0,3253859317.0,600519.SH,4106.3097,-0.0040835554059831,-0.0059423027645719,0.0018587473585888,0.19251715958268734,low,-0.0060819310991185
2023-02-13,10980.1987,11343.1896,10980.1987,11241.0457,3814670.0,7058382498.0,600519.SH,4143.574,0.0237561274733579,0.0090748878488147,0.0146812396245432,0.19898334706374665,mid,0.003103097090026
2023-02-14,11241.6647,11246.9548,11120.8929,11170.3609,1956576.0,3601769574.0,600519.SH,4145.2902,-0.0062880982682955,0.0004141835043856,-0.0067022817726811,0.19892502962430414,mid,-0.0065963898027822
2023-02-15,11170.3046,11235.1365,11125.4514,11154.6595,1817691.0,3351422211.0,600519.SH,4123.6893,-0.0014056305020547,-0.0052109500077944,0.0038053195057397,0.19825879755178166,mid,-0.0064126177227646
2023-02-16,11156.5729,11413.5367,11081.4985,11271.8295,3324595.0,6196915130.0,600519.SH,4093.4876,0.0105041305832778,-0.0073239513946892,0.017828081977967,0.20051845477052718,mid,-0.0082997927087059
2023-02-17,11206.2098,11334.748,11036.7578,11040.866,2644283.0,4880328952.0,600519.SH,4034.507,-0.020490329453617,-0.0144083983544984,-0.0060819310991185,0.18897947519746733,low,-0.0049321771901773
2023-02-20,11042.1041,11367.389,11020.7186,11346.0035,2966869.0,5488800056.0,600519.SH,4133.4896,0.0276370983942746,0.0245340013042485,0.003103097090026,0.2101466511254114,mid,0.0158526402412404
2023-02-21,11340.3757,11340.3757,11210.9371,11300.9814,1875052.0,3491633510.0,600519.SH,4144.3536,-0.0039681020722407,0.0026282877305414,-0.0065963898027822,0.21037517877261133,mid,-0.0046277502023635
2023-02-22,11233.5045,11283.5353,11102.884,11126.5206,2186916.0,4031016045.0,600519.SH,4106.9506,-0.0154376680949144,-0.0090250503721497,-0.0064126177227646,0.21555637580564388,mid,-0.0014439175253393
2023-02-23,11149.0317,11198.556,10953.4668,11025.2208,2188097.0,3983991208.0,600519.SH,4103.6463,-0.0091043555880353,-0.0008045628793293,-0.0082997927087059,0.2166441540517689,mid,-0.0030890680859009
2023-02-24,10980.8178,10981.268,10823.6343,10856.3879,2463461.0,4415621498.0,600519.SH,4061.0457,-0.0153133350399657,-0.0103811578497884,-0.0049321771901773,0.22021242802134447,mid,-0.0081700206113467
2023-02-27,10802.9241,11008.3375,10783.3394,10982.5061,2206489.0,3978128676.0,600519.SH,4043.8444,0.0116169577912743,-0.004235682449966,0.0158526402412404,0.21811785788632276,mid,-0.0003486630566448
2023-02-28,11030.8486,11047.7882,10829.9374,11001.2466,2395181.0,4314877096.0,600519.SH,4069.4587,0.0017063955921681,0.0063341457945316,-0.0046277502023635,0.20649479509604868,mid,0.0049701968204143
2023-03-01,10997.082,11194.0538,10942.0987,11140.7589,2445810.0,4475592195.0,600519.SH,4126.9415,0.0126814992039174,0.0141254167292568,-0.0014439175253393,0.21192343162521296,mid,-0.0056256738571193
2023-03-02,11087.1263,11143.3476,11042.6669,11081.4985,1314419.0,2405292304.0,600519.SH,4117.7377,-0.0053192426594925,-0.0022301745735916,-0.0030890680859009,0.21218055459863291,mid,0.0033249048485374
2023-03-03,11147.7373,11158.0924,10937.8779,11025.4459,1619806.0,2946842659.0,600519.SH,4130.5513,-0.0050582148253685,0.0031118057859782,-0.0081700206113467,0.21035498048565093,mid,0.0026380793946532
2023-03-06,11026.2338,11028.0347,10905.7434,10964.1033,2064586.0,3730079522.0,600519.SH,4109.0102,-0.0055637296265722,-0.0052150665699274,-0.0003486630566448,0.2068637596917232,mid,-0.004128159676435
2023-03-07,10957.5751,11017.342,10856.3879,10858.0762,2278539.0,4101302456.0,600519.SH,4048.8519,-0.0096703849917212,-0.0146405818121355,0.0049701968204143,0.20989127687183112,mid,0.0080864682491403
2023-03-08,10811.4783,10844.7947,10705.1135,10757.4517,2276370.0,4035787172.0,600519.SH,4034.1077,-0.0092672493862218,-0.0036415755291024,-0.0056256738571193,0.2111460561813129,mid,-0.008461111187446
2023-03-09,10743.8325,10839.5046,10586.2551,10755.2006,2761150.0,4881442710.0,600519.SH,4019.8505,-0.0002092595963038,-0.0035341644448412,0.0033249048485374,0.20026504163528291,mid,0.0125426334229818
2023-03-10,10651.3683,10816.9935,10642.5327,10642.5327,2116082.0,3725139075.0,600519.SH,3967.1352,-0.0104756669996467,-0.0131137463942999,0.0026380793946532,0.20277074425119493,mid,-0.0102703386355406
2023-03-13,10648.1605,10783.2269,10636.905,10710.0659,2056043.0,3626476291.0,600519.SH,4008.686,0.0063455947849706,0.0104737544614057,-0.004128159676435,0.18242475473429437,low,-0.0015980296937141
2023-03-14,10720.0834,10810.6904,10577.8134,10732.577,2370492.0,4177289027.0,600519.SH,3984.6956,0.0021018638176633,-0.005984604431477,0.0080864682491403,0.1824559306804038,low,0.0132765774654117
2023-03-15,10802.1925,10838.8292,10643.2081,10647.7103,1921253.0,3392698490.0,600519.SH,3986.902,-0.0079073926047769,0.0005537185826691,-0.008461111187446,0.18366163333186586,low,-0.0051461360563982
2023-03-16,10586.2551,10755.0881,10580.6836,10653.732,1764624.0,3096791142.0,600519.SH,3939.1505,0.0005655394286976,-0.0119770939942842,0.0125426334229818,0.1777954444812172,low,-0.0091243354135472
2023-03-17,10755.0881,10788.2356,10563.744,10597.5106,2702291.0,4744249369.0,600519.SH,3958.8194,-0.0052771554606404,0.0049931831749001,-0.0102703386355406,0.1654415147756691,low,0.0049442979654091
2023-03-20,10648.1605,10670.6716,10518.7219,10527.7263,2049093.0,3557872017.0,600519.SH,3939.077,-0.0065849710025295,-0.0049869413088153,-0.0015980296937141,0.12339787460587918,low,-0.0020238286902215
2023-03-21,10558.1162,10844.2882,10496.042,10783.2269,3114182.0,5491052284.0,600519.SH,3982.3782,0.0242693049495406,0.0109927274841288,0.0132765774654117,0.15836048604556138,low,0.0105699593629423
2023-03-22,10811.3657,10884.5267,10730.0445,10773.9411,1533026.0,2727648674.0,600519.SH,3999.4427,-0.0008611336927353,0.0042850023636629,-0.0051461360563982,0.15057720390157928,low,0.0026069213743906
2023-03-23,10732.577,10873.8902,10727.0055,10782.439,1735566.0,3082821551.0,600519.SH,4039.0895,0.0007887457264825,0.0099130811400298,-0.0091243354135472,0.1480827220915332,low,-0.0029045547093207
2023-03-24,10749.9105,10831.6257,10732.577,10803.5994,1276996.0,2269649179.0,600519.SH,4027.0457,0.0019624873370485,-0.0029818106283606,0.0049442979654091,0.13842881331346496,low,0.0072331439920867
2023-03-27,10803.4869,10803.4869,10676.2993,10742.6507,1529555.0,2700755933.0,600519.SH,4012.4771,-0.0056415179555805,-0.0036176892653589,-0.0020238286902215,0.13229546515585314,low,-0.0189288320144884
2023-03-28,10755.0881,10867.6434,10727.0618,10821.4957,1726135.0,3073113077.0,600519.SH,3999.5147,0.0073394362529164,-0.0032305231100259,0.0105699593629423,0.1353398330828969,low,0.0033781638430134
2023-03-29,10918.2933,10923.921,10839.8985,10867.6434,1539299.0,2761909333.0,600519.SH,4006.144,0.0042644474737445,0.0016575260993538,0.0026069213743906,0.12728676149914367,low,-0.0074391552039495
2023-03-30,10884.5267,10952.0599,10805.738,10923.921,1925701.0,3453573052.0,600519.SH,4038.5257,0.0051784547880913,0.008083009497412,-0.0029045547093207,0.12824257613065465,low,-0.0095832982627539
2023-03-31,11064.6152,11194.0538,11030.8486,11036.4764,2744633.0,5024790356.0,600519.SH,4050.9257,0.0103035714007817,0.003070427408695,0.0072331439920867,0.13280636577072583,low,-0.0055051479601846
2023-04-03,11064.6152,11080.2041,10924.3713,10935.5705,2141743.0,3875811673.0,600519.SH,4090.5676,-0.009142945297287,0.0097858867172013,-0.0189288320144884,0.13540705702053288,low,-0.0125611699795611
2023-04-04,10991.4542,11009.2943,10850.7601,11006.0302,2006626.0,3614275263.0,600519.SH,4103.1052,0.0064431663624682,0.0030650025194547,0.0033781638430134,0.13234111266592838,low,-0.026547520383053
2023-04-06,10952.0599,11013.4025,10857.626,10906.8126,1487422.0,2676251956.0,600519.SH,4096.64,-0.0090148398829579,-0.0015756846790083,-0.0074391552039495,0.13209152813863073,low,0.0226570202100986
2023-04-07,10895.7822,10957.7439,10858.3013,10873.2149,1352468.0,2428160574.0,600519.SH,4123.2799,-0.0030804324995918,0.006502865763162,-0.0095832982627539,0.13275163760012706,low,-0.0107967644033408
2023-04-10,10872.5958,10872.5958,10608.7661,10764.6553,2941822.0,5171150567.0,600519.SH,4104.8118,-0.0099841308204071,-0.0044789828602225,-0.0055051479601846,0.13221915868005638,low,0.007319059366617
2023-04-11,10884.5267,10884.5267,10608.7661,10617.2078,2920919.0,5138854627.0,600519.SH,4100.1479,-0.0136973731058531,-0.001136203126292,-0.0125611699795611,0.139608943821824,low,-0.0004084436972158
2023-04-12,10627.1127,10642.5327,10320.7371,10327.9406,5110492.0,8732657376.0,600519.SH,4097.2876,-0.0272451293644266,-0.0006976089813736,-0.026547520383053,0.1685102813521328,low,0.0095301245547351
2023-04-13,10304.8668,10493.9034,10271.1565,10490.5831,2954268.0,5049310126.0,600519.SH,4068.9786,0.0157478152033523,-0.0069092050067462,0.0226570202100986,0.177919798742529,low,-0.006212359087981
2023-04-14,10507.4664,10546.8607,10388.1577,10436.6691,2123162.0,3646526766.0,600519.SH,4091.9988,-0.0051392758139441,0.0056574885893967,-0.0107967644033408,0.17854000029819997,low,0.010845300419176
2023-04-17,10586.2551,10659.416,10518.7219,10659.416,3046723.0,5303401395.0,600519.SH,4149.3836,0.0213427193931059,0.0140236600264889,0.007319059366617,0.19432629374791466,mid,0.0014135030327985
2023-04-18,10659.416,10749.4603,10620.1342,10687.5549,1831389.0,3220107647.0,600519.SH,4162.032,0.0026398162901231,0.0030482599873389,-0.0004084436972158,0.19270418504022968,low,0.018764121178445
2023-04-19,10710.0659,10729.7631,10642.5327,10693.1826,1460056.0,2568632845.0,600519.SH,4124.5589,0.0005265657161677,-0.0090035588385674,0.0095301245547351,0.17167266659430405,low,0.0080961204816437
2023-04-20,10699.4295,10726.9492,10524.3497,10596.8353,1988537.0,3468366835.0,600519.SH,4113.0192,-0.0090101612966002,-0.0027978022086192,-0.006212359087981,0.17440127127889485,low,6.0734526151406953e-05
2023-04-21,10620.0217,10631.7274,10480.9033,10504.4836,1851787.0,3210937222.0,600519.SH,4032.5672,-0.0087150264570028,-0.0195603268761789,0.010845300419176,0.17652383002613967,low,-0.0088272018584982
2023-04-24,10479.3275,10484.9553,10366.7722,10389.2833,2023091.0,3456728718.0,600519.SH,3982.6429,-0.0109667742258172,-0.0123802772586157,0.0014135030327985,0.17935024488787055,low,-0.0058730048908229
2023-04-25,10394.911,10563.6315,10372.4,10532.116,2058251.0,3534989917.0,600519.SH,3962.6658,0.0137480801972162,-0.0050160409812287,0.018764121178445,0.18701698930321906,low,0.0033702155695797
2023-04-26,10608.7661,10704.4382,10473.6998,10608.2596,2789160.0,4861477657.0,600519.SH,3959.2323,0.0072296583136759,-0.0008664621679678,0.0080961204816437,0.1869530571824605,low,-0.0269871626108515
2023-04-27,10631.2772,10755.0881,10529.9774,10687.1046,2560504.0,4489906864.0,600519.SH,3988.4185,0.0074324161524101,0.0073716816262587,6.0734526151406953e-05,0.18845236530155232,low,0.0093576289407903
2023-04-28,10715.75,10826.9546,10664.875,10701.7368,2622464.0,4636084177.0,600519.SH,4029.0858,0.0013691453904174,0.0101963472489157,-0.0088272018584982,0.18733936597709014,low,0.0093080705095353
2023-05-04,10749.4603,10798.253,10563.744,10641.97,2746642.0,4818999650.0,600519.SH,4030.2471,-0.0055847757347201,0.0002882291561028,-0.0058730048908229,0.1831102477642985,low,-0.0026968954890334
2023-05-05,10732.577,10732.577,10565.9388,10642.5327,2071421.0,3621305973.0,600519.SH,4016.8774,5.287554841815201e-05,-0.0033173400211615,0.0033702155695797,0.18108761833960935,low,0.0075140295553512
2023-05-08,10745.6334,10749.4603,10457.7732,10476.6262,3317126.0,5742915994.0,600519.SH,4062.6624,-0.015589005425372,0.0113981571854795,-0.0269871626108515,0.18543563427690227,low,-0.0101641116862116
2023-05-09,10445.5609,10586.1425,10400.9327,10484.9553,2937796.0,5057346564.0,600519.SH,4027.8754,0.0007950173883266,-0.0085626115524637,0.0093576289407903,0.18405650136898383,low,-0.0018326133859998
2023-05-10,10446.6302,10563.744,10445.5609,10501.8386,2077260.0,3588550877.0,600519.SH,3996.8695,0.0016102405319744,-0.0076978299775608,0.0093080705095353,0.18441243304603797,low,0.0032931879297524
2023-05-11,10535.6052,10558.1162,10445.5609,10457.2104,1524612.0,2623835905.0,600519.SH,3990.6637,-0.0042495606435999,-0.0015526651545665,-0.0026968954890334,0.18209300671693013,low,-0.0043946392053827
2023-05-12,10445.5609,10529.3021,10389.3395,10397.1621,1946045.0,3335038590.0,600519.SH,3937.7622,-0.0057422866809679,-0.0132563162363192,0.0075140295553512,0.17707940716528883,low,0.0075540026508542
2023-05-15,10372.4,10456.8165,10311.6201,10452.877,2574018.0,4384647977.0,600519.SH,3998.8872,0.0053586641685619,0.0155227758547735,-0.0101641116862116,0.1484647187624798,low,0.0189798627053991
2023-05-16,10439.8769,10473.6435,10344.2611,10379.6598,2222377.0,3785811907.0,600519.SH,3978.2054,-0.0070045022054694,-0.0051718888194696,-0.0018326133859998,0.13945603467357348,low,0.0027765329930327
2023-05-17,10406.1666,10434.3054,10355.5729,10366.7722,1677691.0,2858697942.0,600519.SH,3960.165,-0.001241620655043,-0.0045348085847954,0.0032931879297524,0.13841678995689288,low,0.0065071110901933
2023-05-18,10389.227,10391.5344,10304.8668,10310.4945,1921928.0,3260170684.0,600519.SH,3956.0701,-0.0054286617776745,-0.0010340225722917,-0.0043946392053827,0.11322664790224637,low,-0.0031187215154737
2023-05-19,10197.9392,10385.5127,10110.9902,10358.3305,2674116.0,4504022549.0,600519.SH,3944.5403,0.0046395446891513,-0.0029144579617028,0.0075540026508542,0.11444476809570994,low,-0.0057847785936131
2023-05-22,10304.923,10653.7883,10304.8668,10620.0217,4128432.0,7165754129.0,600519.SH,3969.3277,0.0252638395733753,0.0062839768679761,0.0189798627053991,0.1488725479583853,low,0.0035652645881656
2023-05-23,10664.9875,10665.0438,10499.3061,10499.3061,1689421.0,2934118394.0,600519.SH,3913.1882,-0.011366794099865,-0.0141433270928977,0.0027765329930327,0.15092185402077707,low,-0.0123106137664809
2023-05-24,10543.0901,10549.956,10418.0411,10422.4871,1847927.0,3182416491.0,600519.SH,3859.0935,-0.0073165787594285,-0.0138236898496219,0.0065071110901933,0.14998105991923852,low,-0.0115532196241137
2023-05-25,10394.8548,10417.4221,10304.8668,10366.7722,2246560.0,3814504093.0,600519.SH,3850.4996,-0.0053456434597075,-0.0022269219442337,-0.0031187215154737,0.14597715786329796,low,0.0017746559846343
2023-05-26,10372.4,10389.2833,10220.5066,10308.0183,1829110.0,3090691546.0,600519.SH,3850.9511,-0.0056675210824059,0.0001172575112071,-0.0057847785936131,0.13763438039975445,low,0.0050774918871561
2023-05-29,10344.2611,10351.8586,10237.3336,10299.239,1777141.0,2998147159.0,600519.SH,3833.9416,-0.0008516961984826,-0.0044169607866483,0.0035652645881656,0.134139879479341,low,0.0014623452412113
2023-05-30,10299.239,10354.8976,10127.9298,10182.688,2645340.0,4424706688.0,600519.SH,3837.7531,-0.0113164671681081,0.0009941465983727,-0.0123106137664809,0.13419540481034997,low,0.0104889273535805
2023-05-31,10141.7178,10168.2246,9948.4603,9961.0103,3695697.0,6053737281.0,600519.SH,3798.5434,-0.0217700571794009,-0.0102168375552872,-0.0115532196241137,0.14984335479256422,low,-0.0039567119283957
2023-06-01,9899.6676,10220.394,9899.6676,10000.5172,2864525.0,4708722933.0,600519.SH,3806.8679,0.0039661539151305,0.0021914979304962,0.0017746559846343,0.1519335055575024,low,0.0014026294530344
2023-06-02,10051.6173,10210.0389,10001.5865,10195.6881,2505802.0,4163116244.0,600519.SH,3861.8337,0.0195160806283098,0.0144385887411537,0.0050774918871561,0.17165115352025995,low,-0.0054288563926505
2023-06-05,10170.7008,10264.7971,10152.9171,10164.1726,1620050.0,2704294313.0,600519.SH,3844.2492,-0.0030910616027964,-0.0045534068440078,0.0014623452412113,0.1641827966525332,low,0.0145867086700177
2023-06-06,10192.3114,10271.1002,10088.4792,10175.3719,1991392.0,3326778183.0,600519.SH,3808.1629,0.001101840793219,-0.0093870865603614,0.0104889273535805,0.16424234441570107,low,-0.0036928535927691
2023-06-07,10209.1385,10241.8358,10079.7561,10084.8211,1788964.0,2971782064.0,600519.SH,3789.3418,-0.0088990162610175,-0.0049423043326217,-0.0039567119283957,0.1658762491195694,low,0.0153799355897045
2023-06-08,10112.566,10220.4503,10079.8124,10181.0559,1470272.0,2441569677.0,600519.SH,3820.1867,0.0095425391333912,0.0081399096803567,0.0014026294530344,0.17052440129149313,low,-0.0008556093935474
2023-06-09,10203.5107,10237.1647,10169.8004,10169.8004,1758041.0,2938014322.0,600519.SH,3836.7026,-0.0011055336608061,0.0043233227318444,-0.0054288563926505,0.16970842349956985,low,0.0128724509657351
2023-06-12,10169.9129,10406.1666,10144.588,10338.6334,2702944.0,4562308599.0,600519.SH,3844.4324,0.0166014074376523,0.0020146987676346,0.0145867086700177,0.17973611899137623,low,-0.0195071277827095
2023-06-13,10326.7025,10387.0884,10276.7279,10355.5167,1466254.0,2485398902.0,600519.SH,3864.9074,0.0016330301449705,0.0053258837377396,-0.0036928535927691,0.1781914820951508,low,0.0014103986910479
2023-06-14,10468.072,10553.8391,10396.0929,10512.4188,3150580.0,5438040356.0,600519.SH,3864.0247,0.0151515471941636,-0.0002283883955408,0.0153799355897045,0.18607273390377987,low,0.0112931980456308
2023-06-15,10531.8909,10674.3296,10490.5831,10670.6716,2522257.0,4395900802.0,600519.SH,3925.4994,0.0150538903568036,0.015909499750351,-0.0008556093935474,0.19116796420794052,low,-0.0002327863138025
2023-06-16,10681.9271,10923.921,10643.0955,10910.9209,3791789.0,6742301361.0,600519.SH,3963.3509,0.0225149183674624,0.0096424674017272,0.0128724509657351,0.20475314979099798,mid,-0.0082725298125416
2023-06-19,10867.6434,10912.3841,10574.9995,10608.7661,3169992.0,5584248725.0,600519.SH,3930.9079,-0.0276928778761468,-0.0081857500934372,-0.0195071277827095,0.2133915197206417,mid,0.0105620905206145
2023-06-20,10586.2551,10726.9492,10558.1162,10605.7271,2094674.0,3659824529.0,600519.SH,3924.2377,-0.0002864612124873,-0.0016968599035352,0.0014103986910479,0.20912265578410008,mid,-0.0029120028143173
2023-06-21,10586.2551,10679.676,10558.1162,10562.7873,1772061.0,3088635934.0,600519.SH,3864.0323,-0.004048737026243,-0.0153419350718739,0.0112931980456308,0.20780214673113728,mid,-0.0036663806905827
2023-06-26,10474.3188,10529.9774,10333.0056,10411.7943,2399268.0,4098619510.0,600519.SH,3809.6962,-0.0142948064475368,-0.0140620201337343,-0.0002327863138025,0.21363039271640052,mid,0.0046904114089525
2023-06-27,10417.3658,10472.0114,10361.6509,10423.3312,1517446.0,2598138744.0,600519.SH,3845.4334,0.0011080606922864,0.009380590504828,-0.0082725298125416,0.2124695937317104,mid,0.0018622016908547
2023-06-28,10435.3184,10552.4885,10423.0499,10520.8604,1857356.0,3199294221.0,600519.SH,3840.7986,0.0093568167535535,-0.0012052737670609,0.0105620905206145,0.2145973791239019,mid,-0.0002731376141958
2023-06-29,10535.6052,10558.06,10434.3617,10438.3011,1423116.0,2446524134.0,600519.SH,3821.8435,-0.0078472004057765,-0.0049351975914592,-0.0029120028143173,0.21226456739893645,mid,0.0001460742844542
2023-06-30,10506.9655,10557.5591,10430.8781,10456.3156,2045869.0,3472586730.0,600519.SH,3842.4516,0.0017258076604054,0.0053921883509882,-0.0036663806905827,0.19395263253190806,low,-0.0024867929982881
2023-07-03,10501.3377,10649.2354,10461.9434,10642.5946,1913909.0,3286737792.0,600519.SH,3892.8821,0.0178149749037797,0.0131245634948271,0.0046904114089525,0.2014265668126109,mid,0.0009842703453295
2023-07-04,10643.1574,10700.7857,10608.7155,10679.1751,1247238.0,2155553635.0,600519.SH,3899.0133,0.0034371787496256,0.0015749770587709,0.0018622016908547,0.19201049104128207,low,-0.0016726921335346
2023-07-05,10675.7985,10686.8852,10506.9655,10593.5205,1474539.0,2523960725.0,600519.SH,3868.8054,-0.008020713135418,-0.0077475755212221,-0.0002731376141958,0.19465560870947374,mid,0.0087564831305995
2023-07-06,10558.5158,10692.6818,10506.9655,10523.7362,1514062.0,2589459002.0,600519.SH,3842.7547,-0.0065874512632511,-0.0067335255477053,0.0001460742844542,0.19709898900763817,mid,-0.00122683873229
2023-07-07,10512.5932,10557.5591,10450.6878,10450.8567,1516742.0,2571458553.0,600519.SH,3825.6988,-0.0069252496085941,-0.004438456610306,-0.0024867929982881,0.19580382538710786,mid,0.007488109024847
2023-07-10,10535.1043,10591.1569,10506.9655,10512.0305,1347741.0,2298241728.0,600519.SH,3844.3269,0.0058534722804113,0.0048692019350817,0.0009842703453295,0.19431542470413687,mid,-0.0038063785588675
2023-07-11,10563.2431,10592.3387,10518.7838,10563.2431,1258270.0,2151079270.0,600519.SH,3869.4861,0.0048718085435539,0.0065445006770885,-0.0016726921335346,0.1943405552406334,mid,-0.0006157761642227
2023-07-12,10580.3516,10636.4041,10570.7281,10584.6287,1328467.0,2280785351.0,600519.SH,3843.4369,0.0020245297582899,-0.0067319533723095,0.0087564831305995,0.1865164964842575,low,0.0011624030102226
2023-07-13,10630.7201,10762.5223,10613.9493,10723.0717,2580654.0,4479772500.0,600519.SH,3898.4229,0.0130796274412536,0.0143064661735436,-0.00122683873229,0.1912014790816877,low,0.0075851041135254
2023-07-14,10822.1204,10836.1898,10738.8294,10805.2371,1855030.0,3245530255.0,600519.SH,3899.1027,0.0076624872330193,0.0001743782081722,0.007488109024847,0.18605155418317096,low,0.025480111909603
2023-07-17,10793.9816,10793.9816,10656.6641,10675.6296,1433648.0,2482069846.0,600519.SH,3867.1749,-0.0119948779282224,-0.0081884993693548,-0.0038063785588675,0.18456915329950255,low,0.0042892736936185
2023-07-18,10695.9459,10701.1797,10625.1486,10635.2785,1473765.0,2544005063.0,600519.SH,3854.9393,-0.003779739604304,-0.0031639634400812,-0.0006157761642227,0.16472534268221894,low,0.0007362005336373
2023-07-19,10591.4383,10664.5429,10584.6287,10636.4041,1248322.0,2147704435.0,600519.SH,3850.8663,0.0001058364386037,-0.0010565665716188,0.0011624030102226,0.13174055514557093,low,0.002069543137082
2023-07-20,10664.4867,10782.6135,10630.7763,10642.0319,1669265.0,2897176490.0,600519.SH,3823.6946,0.0005291073888402,-0.0070559967246851,0.0075851041135254,0.13173547792662377,low,0.0059451179769773
2023-07-21,10686.3787,10914.9785,10653.2874,10908.2252,3937740.0,6931535726.0,600519.SH,3821.91,0.025013390534941,-0.000466721374662,0.025480111909603,0.1572200834013503,low,0.0062477746168672
2023-07-24,10791.2802,10907.381,10791.2802,10907.381,1971337.0,3476648177.0,600519.SH,3805.221,-7.739114150318027e-05,-0.0043666648351217,0.0042892736936185,0.14577102024212232,low,-0.0134385553355547
2023-07-25,11069.7421,11232.272,11069.6858,11230.4148,4308646.0,7837450019.0,600519.SH,3915.1153,0.0296160737394248,0.0288798732057875,0.0007362005336373,0.17474803098190933,low,0.0082543236745978
2023-07-26,11230.4148,11272.2854,11154.6088,11230.4148,1961145.0,3580171484.0,600519.SH,3907.0128,0.0,-0.002069543137082,0.002069543137082,0.1739512462308755,low,0.0026525529808743
2023-07-27,11272.3417,11378.0874,11231.259,11283.766,2034043.0,3749635290.0,600519.SH,3902.3458,0.0047505992387741,-0.0011945187382031,0.0059451179769773,0.16889415457310702,low,-0.0095861892351029
2023-07-28,11249.8306,11632.5187,11227.3758,11615.6354,3901792.0,7330314112.0,600519.SH,3992.7376,0.0294112267127835,0.0231634520959163,0.0062477746168672,0.19116964210604798,low,0.0034393524877638
2023-07-31,11677.5408,11829.4905,11486.1968,11523.2275,4537861.0,8615279839.0,600519.SH,4014.6301,-0.0079554752553612,0.0054830800801934,-0.0134385553355547,0.19074943457411622,low,0.004878869281746
2023-08-01,11508.7641,11671.6317,11508.0888,11570.6133,1923062.0,3635857283.0,600519.SH,3998.001,0.0041121986006091,-0.0041421250739887,0.0082543236745978,0.1907356862951266,low,0.0036189876283269
2023-08-02,11539.0978,11576.241,11445.6769,11519.9634,1850872.0,3478674239.0,600519.SH,3969.895,-0.004377460268247,-0.0070300132491213,0.0026525529808743,0.188089008662805,low,0.0031933645213173
2023-08-03,11463.6857,11576.241,11353.9443,11511.3529,2154347.0,4031087705.0,600519.SH,4004.9839,-0.0007474416107954,0.0088387476243074,-0.0095861892351029,0.18473158308725704,low,-0.009481833695228
2023-08-04,11563.9725,11669.2117,11531.2189,11595.7694,2457364.0,4655813751.0,600519.SH,4020.5792,0.0073333256944976,0.0038939732067337,0.0034393524877638,0.1798441117951803,low,0.0029268708244685
2023-08-07,11525.3098,11621.2632,11469.4823,11564.5916,2389245.0,4491893140.0,600519.SH,3990.1531,-0.0026887219747574,-0.0075675912565035,0.004878869281746,0.18202049027931877,low,-0.0081942440937405
2023-08-08,11520.1322,11597.1201,11430.3693,11576.241,1773618.0,3333559505.0,600519.SH,3979.7322,0.0010073334539544,-0.0026116541743724,0.0036189876283269,0.18252897138080487,low,0.0074961652315017
2023-08-09,11576.241,11660.6575,11536.6216,11577.8168,1852346.0,3506306394.0,600519.SH,3967.5652,0.0001361236346064,-0.0030572408867108,0.0031933645213173,0.18301184637294682,low,0.0108772783181307
2023-08-10,11531.2189,11570.6133,11420.3519,11491.8246,1843619.0,3454219140.0,600519.SH,3975.7166,-0.0074273242948532,0.0020545094003747,-0.009481833695228,0.184813117348459,low,0.0007077538877624
2023-08-11,11548.1022,11550.3533,11260.4108,11261.0861,2678649.0,4959166751.0,600519.SH,3884.2538,-0.0200784912780516,-0.0230053621025201,0.0029268708244685,0.20202100988347368,mid,-0.0004683331026104
2023-08-14,11126.0198,11210.3237,11047.231,11086.6254,2373119.0,4285362053.0,600519.SH,3855.9061,-0.015492351132987,-0.0072981070392464,-0.0081942440937405,0.20561709469014525,mid,0.0085046915148897
2023-08-15,11120.392,11171.0419,11075.4261,11142.7905,1481799.0,2682125119.0,600519.SH,3846.5357,0.0050660230659547,-0.002430142165547,0.0074961652315017,0.20473218010725786,mid,-0.0092199933672679
2023-08-16,11112.4006,11201.1504,11103.5087,11182.2974,1318431.0,2396261791.0,600519.SH,3818.3338,0.0035455122305314,-0.0073317660875993,0.0108772783181307,0.2045823492325876,mid,0.0092277267769642
2023-08-17,11103.9589,11261.0861,11078.4651,11227.6009,1729037.0,3141408018.0,600519.SH,3831.1008,0.0040513588915995,0.0033436050038371,0.0007077538877624,0.20449518445603987,mid,0.0145444424886469
2023-08-18,11249.7743,11266.6576,11084.318,11084.318,1702334.0,3084761577.0,600519.SH,3784.0038,-0.0127616666531137,-0.0122933335505033,-0.0004683331026104,0.19364711270105167,low,0.0082111018469099
2023-08-21,11030.3477,11148.4745,11013.8584,11019.0922,1891181.0,3405415645.0,600519.SH,3729.555,-0.0058845117940499,-0.0143892033089396,0.0085046915148897,0.19511593437039437,mid,-0.0067038956691392
2023-08-22,11075.3136,11084.1492,10906.6494,11002.2089,2665036.0,4763131152.0,600519.SH,3758.2271,-0.0015321861087612,0.0076878072585067,-0.0092199933672679,0.16218688437325435,low,-0.0018176360883408
2023-08-23,11052.8588,11069.7421,10901.3593,10923.4202,1991222.0,3556178584.0,600519.SH,3696.6339,-0.0071611710626581,-0.0163888978396223,0.0092277267769642,0.16360082389732214,low,0.0027351721352418
2023-08-24,10955.0482,11227.3195,10929.0479,11161.4747,2605509.0,4703417600.0,600519.SH,3723.4293,0.0217930369464318,0.0072485944577849,0.0145444424886469,0.18214228569258734,low,0.0016859721228308
2023-08-25,11119.2102,11282.3028,11103.565,11210.3237,1883086.0,3433296756.0,600519.SH,3709.1517,0.0043765722104804,-0.0038345296364294,0.0082111018469099,0.14567394018633628,low,-0.0049536102943388
2023-08-28,11624.5273,11624.5273,11249.1553,11266.5451,4105213.0,7633221012.0,600519.SH,3752.6194,0.0050151451023665,0.0117190407715057,-0.0067038956691392,0.14560287221998383,low,-0.0077469295481582
2023-08-29,11227.3195,11458.5082,11227.3195,11358.6153,2895028.0,5371260173.0,600519.SH,3790.1067,0.0081719994179936,0.0099896355063344,-0.0018176360883408,0.14821485394967657,low,0.0038487297995687
2023-08-30,11451.8674,11452.4302,11315.4504,11384.897,1981181.0,3672570260.0,600519.SH,3788.5097,0.0023138119661469,-0.0004213601690948,0.0027351721352418,0.1480253034679407,low,0.0033051530739902
2023-08-31,11407.4081,11407.4081,11300.5368,11334.2471,1482022.0,2738445519.0,600519.SH,3765.2678,-0.0044488676533481,-0.006134839776179,0.0016859721228308,0.14867307046862854,low,0.0027072633370566
2023-09-01,11367.057,11438.1919,11328.7882,11357.0396,1314519.0,2438622738.0,600519.SH,3791.4912,0.0020109408061166,0.0069645511004554,-0.0049536102943388,0.1460196771036964,low,-0.0048082991380202
2023-09-04,11422.0403,11519.6257,11370.9964,11441.1747,2387100.0,4453823216.0,600519.SH,3848.9517,0.0074081893665316,0.0151551189146899,-0.0077469295481582,0.14884159666047275,low,-0.0055163875001158
2023-09-05,11452.4302,11452.4302,11389.3992,11400.092,1565874.0,2915625961.0,600519.SH,3820.3174,-0.0035907763911688,-0.0074395061907376,0.0038487297995687,0.1491208726071867,low,0.0007289551557052
2023-09-06,11396.1525,11444.889,11345.5589,11413.0358,1112143.0,2067605990.0,600519.SH,3812.0283,0.0011354118896582,-0.0021697411843319,0.0033051530739902,0.14923949822736682,low,0.0063444218655069
2023-09-07,11365.7626,11389.9057,11245.2721,11283.5972,1698157.0,3128587116.0,600519.SH,3758.4748,-0.0113412944871337,-0.0140485578241903,0.0027072633370566,0.15220562596004192,low,0.000227262951706
2023-09-08,11266.3762,11266.3762,11153.8772,11173.8558,1221178.0,2224338144.0,600519.SH,3739.9927,-0.0097257459704428,-0.0049174468324225,-0.0048082991380202,0.13871560173250344,low,-0.0118582687740449
2023-09-11,11114.7642,11294.8527,11114.7642,11194.5097,1592600.0,2902617736.0,600519.SH,3767.537,0.0018484129712861,0.0073648004714019,-0.0055163875001158,0.12675468157209577,low,0.0191176759963291
2023-09-12,11219.4407,11221.5792,11159.8989,11182.0723,1216801.0,2214514112.0,600519.SH,3760.6048,-0.0011110267741337,-0.001839981929839,0.0007289551557052,0.12570492764231392,low,0.0008017048766567
2023-09-13,11238.1249,11238.1249,11070.0235,11181.7909,1950143.0,3540583633.0,600519.SH,3736.6513,-2.5165281751893254e-05,-0.0063695871472588,0.0063444218655069,0.12508411072566278,low,0.0025067892541028
2023-09-14,11196.5357,11221.5792,11103.5087,11174.925,1750459.0,3180447848.0,600519.SH,3733.5077,-0.0006140250753571,-0.0008412880270631,0.000227262951706,0.12418640368348215,low,-0.0038916294532587
2023-09-15,11176.6697,11181.0593,10964.5029,10968.386,2843146.0,5105749077.0,600519.SH,3708.7766,-0.0184823611791576,-0.0066240924051127,-0.0118582687740449,0.13319122311028495,low,0.0076462488816735
2023-09-18,10936.4203,11235.7612,10917.7924,11234.0729,3255892.0,5905121000.0,600519.SH,3727.711,0.0242229713651578,0.0051052953688286,0.0191176759963291,0.15765395668087864,low,-0.0017371577624576
2023-09-19,11194.6785,11232.9473,11114.7642,11221.3541,1498950.0,2727858953.0,600519.SH,3720.5021,-0.0011321628507501,-0.0019338677274068,0.0008017048766567,0.15757467087955213,low,-0.0023478507049078
2023-09-20,11193.553,11238.5751,11171.3233,11204.8085,1250178.0,2281583949.0,600519.SH,3705.6898,-0.001474474457588,-0.0039812637116909,0.0025067892541028,0.15492303195473003,low,-0.003067188559075
2023-09-21,11171.0982,11193.553,11060.6814,11060.6814,1948919.0,3521486755.0,600519.SH,3672.4448,-0.0128629686085219,-0.0089713391552632,-0.0038916294532587,0.142517292609296,low,-0.0048325681671377
2023-09-22,11101.4264,11350.9053,11027.0274,11345.5026,3439046.0,6287832575.0,600519.SH,3738.9327,0.0257507824065885,0.018104533524915,0.0076462488816735,0.16965980571605327,low,-0.0096656473400658
2023-09-25,11337.061,11339.8749,11219.3844,11251.9692,1397913.0,2565773541.0,600519.SH,3714.6037,-0.0082440948891943,-0.0065069371267366,-0.0017371577624576,0.17165526439817824,low,0.003889880184243
2023-09-26,11227.3195,11266.0386,11143.4658,11159.7864,1576196.0,2870852363.0,600519.SH,3692.8928,-0.0081925926352516,-0.0058447419303437,-0.0023478507049078,0.1711381674928659,low,0.0015383696422719
2023-09-27,11154.1586,11258.2723,11085.4998,11148.5308,2087994.0,3791876119.0,600519.SH,3700.495,-0.0010085856123555,0.0020586029467195,-0.003067188559075,0.1707351347111855,low,-0.0056428442856701
2023-09-28,11210.3237,11210.3237,11057.361,11061.5818,2053784.0,3704812960.0,600519.SH,3689.5172,-0.0077991442603361,-0.0029665760931983,-0.0048325681671377,0.17204348369711064,low,-0.0073950708065616
2023-10-09,11052.5211,11052.5211,10872.2075,10940.3035,2976268.0,5279950406.0,600519.SH,3684.7272,-0.0109639201872556,-0.0012982728471898,-0.0096656473400658,0.17500941826449906,low,-0.0009522334378613
2023-10-10,10973.451,11064.0018,10889.6536,10900.9091,2028392.0,3615557182.0,600519.SH,3657.1259,-0.0036008507442228,-0.0074907309284659,0.003889880184243,0.171649016138205,low,-0.0055867492191215
2023-10-11,10983.3559,10983.3559,10889.6536,10948.7451,2194486.0,3896568648.0,600519.SH,3667.5483,0.004388257856402,0.0028498882141301,0.0015383696422719,0.17322005438435858,low,0.0089768134764598
2023-10-12,11057.9238,11059.7809,10941.429,10990.9534,1486507.0,2657095942.0,600519.SH,3702.3824,0.003855081072259,0.0094979253579292,-0.0056428442856701,0.17413159853053026,low,-0.0303802391942491
2023-10-13,10905.8615,10945.9875,10721.8899,10793.9816,2502788.0,4387687934.0,600519.SH,3663.4104,-0.0179212660477662,-0.0105261952412045,-0.0073950708065616,0.18035583661032617,low,0.0148437769283134
2023-10-16,10793.869,10822.1204,10633.3088,10675.2357,2078965.0,3603604610.0,600519.SH,3626.5972,-0.0110011212174013,-0.01004888777954,-0.0009522334378613,0.1811211217254517,low,0.009790076458208
2023-10-17,10726.4484,10728.9246,10597.0097,10653.2874,1494523.0,2577312288.0,600519.SH,3639.4018,-0.002056001442666,0.0035307477764554,-0.0055867492191215,0.18048750868929786,low,-0.0042778807360437
2023-10-18,10612.7675,10743.3317,10603.6505,10664.5429,2031750.0,3511987514.0,600519.SH,3610.5767,0.001056528335094,-0.0079202851413657,0.0089768134764598,0.18085860669023943,low,0.0141201046759988
2023-10-19,10506.9655,10507.1343,10090.6796,10113.0219,7349237.0,12146921769.0,600519.SH,3533.5445,-0.0517153904458483,-0.0213351512515992,-0.0303802391942491,0.2514938707265718,mid,-0.0056214114340857
2023-10-20,10113.0219,10253.716,10035.6401,10197.4383,4537601.0,7421390806.0,600519.SH,3510.5889,0.0083472972603766,-0.0064964796679367,0.0148437769283134,0.2554944306005388,mid,-0.011291644995069
2023-10-23,10112.853,10281.8548,10065.7486,10191.698,2523423.0,4138279588.0,600519.SH,3474.2438,-0.0005629158844726,-0.0103529923426807,0.009790076458208,0.2502984273623536,mid,-0.0036766327359307
2023-10-24,10214.3216,10244.4865,10063.5538,10185.9014,2986146.0,4894807617.0,600519.SH,3487.1302,-0.0005687570412702,0.0037091236947734,-0.0042778807360437,0.22832437175939962,mid,0.0050809140858186
2023-10-25,10338.7516,10495.7099,10321.3618,10380.3407,3617898.0,6075417064.0,600519.SH,3504.4576,0.0190890616710661,0.0049689569950672,0.0141201046759988,0.2434002127550669,mid,0.0524833587024518
2023-10-26,10321.2492,10439.4323,10293.1666,10350.6824,2238635.0,3741418874.0,600519.SH,3514.1448,-0.0028571605554335,0.0027642508786522,-0.0056214114340857,0.24327639055311884,mid,0.0039502436956297
2023-10-27,10304.3659,10461.268,10285.2315,10375.8948,3426239.0,5754795486.0,600519.SH,3562.3851,0.0024358200769449,0.013727465072014,-0.011291644995069,0.2418101290127326,mid,0.0078803277560159
2023-10-30,10332.5047,10444.3847,10332.5047,10400.0379,2408642.0,4050573178.0,600519.SH,3583.7718,0.0023268451025544,0.0060034778384852,-0.0036766327359307,0.21788173974921482,mid,-0.0131398566498166
2023-10-31,10394.4102,10450.6878,10326.0328,10420.1853,1985877.0,3335804699.0,600519.SH,3572.5056,0.0019372429402395,-0.0031436711455791,0.0050809140858186,0.2184027690234211,mid,-0.0069884352964962
2023-11-01,11351.1304,11351.1304,10922.2383,10962.7583,9314308.0,16747292689.0,600519.SH,3571.0268,0.0520694195332591,-0.0004139391691926,0.0524833587024518,0.2938368979783522,mid,0.0060614914007076
2023-11-02,11041.6033,11041.6033,10935.0134,10954.3729,2790764.0,4982090753.0,600519.SH,3554.1889,-0.0007648987390335,-0.0047151424346633,0.0039502436956297,0.29383507913618706,mid,-0.0026380374362913
2023-11-03,10957.1868,11153.5395,10923.4202,11132.9982,3017600.0,5433116881.0,600519.SH,3584.1364,0.0163063008380881,0.0084259730820721,0.0078803277560159,0.29854806981075277,high,-0.0020263555000705
2023-11-06,11182.2974,11203.6267,11076.0452,11137.2753,2552392.0,4624102375.0,600519.SH,3632.6084,0.0003841822232575,0.0135240388730741,-0.0131398566498166,0.29547534553068605,mid,-0.0041214801029939
2023-11-07,11097.8809,11126.0198,10980.1481,11020.0489,1958159.0,3511590028.0,600519.SH,3619.7593,-0.0105255905813874,-0.0035371552848911,-0.0069884352964962,0.2979354566038348,high,-8.105399417090986e-05
2023-11-08,10979.9792,11091.1276,10973.3385,11060.4,1454567.0,2610041959.0,600519.SH,3611.0723,0.0036616080714486,-0.002399883329259,0.0060614914007076,0.2978276544910573,high,-0.0030671547024594
2023-11-09,11014.0835,11064.1143,10974.0701,11036.5946,1280048.0,2291996819.0,600519.SH,3612.8263,-0.0021523091389099,0.0004857282973813,-0.0026380374362913,0.297740225453492,high,0.0030303221235492
2023-11-10,10960.282,11002.2089,10918.3552,10933.7753,1646557.0,2928380668.0,600519.SH,3586.4893,-0.0093162160726644,-0.0072898605725938,-0.0020263555000705,0.29224313279125086,mid,-0.0022380633483541
2023-11-13,10913.7404,10984.6503,10827.6356,10867.1425,1836995.0,3244573621.0,600519.SH,3579.4141,-0.0060942170633412,-0.0019727369603472,-0.0041214801029939,0.2901254173524185,mid,0.0024146518546146
2023-11-14,10867.1425,10928.9917,10844.6877,10874.2898,1281675.0,2263963957.0,600519.SH,3582.0584,0.0006576981943506,0.0007387521885215,-8.105399417090986e-05,0.28989991274476185,mid,0.0129259576476508
2023-11-15,10951.559,10973.451,10884.0258,10917.3985,1843486.0,3271230275.0,600519.SH,3607.2454,0.0039642772808941,0.0070314319833535,-0.0030671547024594,0.29006641841327707,mid,0.0058964149620961
2023-11-16,10923.4202,10934.6757,10844.9128,10844.9128,1255757.0,2215937273.0,600519.SH,3572.3641,-0.0066394663527212,-0.0096697884762705,0.0030303221235492,0.21520243229509983,mid,-0.0025213317063805
2023-11-17,10799.6093,10839.0037,10720.2578,10807.6007,2171363.0,3793781119.0,600519.SH,3568.0685,-0.0034405163681905,-0.0012024530198363,-0.0022380633483541,0.21580952592964728,mid,0.0019932643788963
2023-11-20,10816.4926,10898.0952,10713.2794,10858.7009,1860804.0,3265514010.0,600519.SH,3576.3233,0.0047281724610717,0.002313520606457,0.0024146518546146,0.2154693916719132,mid,0.0001658044196091
2023-11-21,10976.4337,11058.4866,10901.4719,11013.4644,3009845.0,5383107810.0,600519.SH,3581.0674,0.0142524876065055,0.0013265299588547,0.0129259576476508,0.2183794290743402,mid,0.0012557286708716
2023-11-22,10975.7584,11037.9452,10960.2258,10965.6847,1266457.0,2263460167.0,600519.SH,3544.4162,-0.0043382988553538,-0.01023471381745,0.0058964149620961,0.21267042805436348,mid,0.0115163406455449
2023-11-23,10947.6196,11002.2089,10906.5369,10990.9534,1154964.0,2055272193.0,600519.SH,3561.5204,0.0023043431113791,0.0048256748177597,-0.0025213317063805,0.2116264616543353,mid,0.0063836576796107
2023-11-24,11007.8367,11007.8367,10929.0479,10940.3035,1308540.0,2329345658.0,600519.SH,3538.0087,-0.004608326335002,-0.0066015907138984,0.0019932643788963,0.21338417324175724,mid,-0.0121306049059694
2023-11-27,10919.4807,10919.4807,10816.4926,10861.5147,1626074.0,2865075217.0,600519.SH,3511.9424,-0.0072017014884459,-0.007367505908055,0.0001658044196091,0.2162871350652978,mid,0.001564445317275
2023-11-28,10850.2592,10922.7448,10833.3759,10895.5065,1451976.0,2562905659.0,600519.SH,3518.5232,0.003129563503698,0.0018738348328264,0.0012557286708716,0.21630500269894146,mid,-0.0027100830325667
2023-11-29,10889.6536,10934.6757,10833.3759,10927.4159,1714933.0,3034175614.0,600519.SH,3488.3073,0.0029286752295545,-0.0085876654159904,0.0115163406455449,0.11119108005510402,low,-0.0047718276626224
2023-11-30,10938.7277,11040.2526,10906.9871,11021.9061,2135342.0,3817513545.0,600519.SH,3496.2028,0.0086470763870165,0.0022634187074057,0.0063836576796107,0.11542603217921266,low,0.0008417938433277
2023-12-01,11009.5813,11011.7761,10777.0983,10846.2072,3305131.0,5830850111.0,600519.SH,3482.8813,-0.0159408815867156,-0.0038102766807462,-0.0121306049059694,0.11296724189303466,low,0.000223341814908
2023-12-04,10846.2072,10854.9303,10761.7907,10792.3495,1844047.0,3233102118.0,600519.SH,3460.138,-0.0049655791196761,-0.0065300244369511,0.001564445317275,0.11351673815939019,low,-0.0095779957229339
2023-12-05,10781.4879,10782.0507,10552.1002,10557.6154,2990301.0,5168983317.0,600519.SH,3394.2571,-0.0217500461785452,-0.0190399631459785,-0.0027100830325667,0.13094534476878444,low,0.0042800686576902
2023-12-06,10521.7665,10616.5381,10513.3249,10523.8488,2385129.0,4078003022.0,600519.SH,3399.598,-0.0031983169229673,0.001573510739655,-0.0047718276626224,0.12918827314292955,low,-0.0099419004390785
2023-12-07,10529.4765,10558.0656,10435.4929,10506.9655,2504150.0,4249170906.0,600519.SH,3391.2823,-0.0016042894877014,-0.0024460833310291,0.0008417938433277,0.12921975833083313,low,-0.0079557507569412
2023-12-08,10506.9655,10556.7149,10463.1815,10534.6541,2628801.0,4474160126.0,600519.SH,3399.4618,0.0026352613416309,0.0024119195267229,0.000223341814908,0.1277206345579567,low,0.0081537516317012
2023-12-11,10450.6878,10529.4765,10264.9715,10495.7099,3683098.0,6172810248.0,600519.SH,3419.4548,-0.003696770641952,0.0058812250809818,-0.0095779957229339,0.12693930777768916,low,0.0130287826587529
2023-12-12,10437.1812,10563.1869,10416.9212,10563.1869,2101066.0,3564305866.0,600519.SH,3426.803,0.0064290077224791,0.0021489390647888,0.0042800686576902,0.12998176210103762,low,0.0057034327786675
2023-12-13,10536.3424,10539.1563,10265.4218,10281.8548,3878870.0,6480807500.0,600519.SH,3369.605,-0.0266332597030921,-0.0166913592640136,-0.0099419004390785,0.1559577118273746,low,0.0076455581815959
2023-12-14,10315.3963,10337.4009,10141.2732,10146.2257,4067215.0,6703240107.0,600519.SH,3351.9639,-0.0131911121717064,-0.0052353614147652,-0.0079557507569412,0.15970338097435224,low,0.0008892789586814
2023-12-15,10215.616,10381.8602,10191.8669,10197.4383,3709251.0,6140791726.0,600519.SH,3341.5517,0.0050474532613637,-0.0031062983703374,0.0081537516317012,0.16240640816742813,low,-0.0015587073922183
2023-12-18,10169.2995,10300.5953,10141.1607,10293.1104,1989734.0,3292194757.0,600519.SH,3329.3657,0.0093819739022102,-0.0036468087565426,0.0130287826587529,0.1660855387325698,low,-0.002336149648203
2023-12-19,10309.9937,10393.6785,10197.9448,10366.2713,2220676.0,3706057587.0,600519.SH,3334.0412,0.0071077543285653,0.0014043215498977,0.0057034327786675,0.15820912522091657,low,0.0056931401219807
2023-12-20,10378.1234,10389.3789,10293.7069,10331.9194,2309203.0,3816133219.0,600519.SH,3297.5022,-0.0033138144860244,-0.0109593726676203,0.0076455581815959,0.15813388907637832,low,-0.0050629858706251
2023-12-21,10276.8799,10458.713,10276.8799,10445.6566,2901168.0,4827827888.0,600519.SH,3330.8698,0.0110083321013905,0.0101190531427091,0.0008892789586814,0.16482775955685014,low,0.0078265668580042
2023-12-22,10443.9683,10496.8693,10378.1797,10449.3146,2166684.0,3613238325.0,600519.SH,3337.2281,0.0003501934000011,0.0019089007922195,-0.0015587073922183,0.16492206345505656,low,-0.0043241669750866
2023-12-25,10451.2844,10494.0554,10434.4011,10456.9121,1247106.0,2086014390.0,600519.SH,3347.4508,0.0007270811809991,0.0030632308292022,-0.002336149648203,0.16415895368331462,low,-0.0083925690636502
2023-12-26,10459.726,10473.2327,10375.3095,10445.6566,1477126.0,2457177339.0,600519.SH,3324.7902,-0.0010763693805936,-0.0067695095025743,0.0056931401219807,0.1631442409642145,low,0.0071833465900705
2023-12-27,10434.4011,10485.8951,10395.0067,10429.111,1605550.0,2679221365.0,600519.SH,3336.3572,-0.0015839693600495,0.0034790165105755,-0.0050629858706251,0.16209879259067195,low,-0.0040484181478012
2023-12-28,10451.2281,10772.0108,10429.111,10755.1275,3833806.0,6537401380.0,600519.SH,3414.5403,0.0312602387681941,0.0234336719101899,0.0078265668580042,0.1981772970142407,mid,0.0023198112043385
2023-12-29,10727.0449,10893.5142,10727.0449,10760.8115,2753868.0,4768857531.0,600519.SH,3431.1099,0.0005284921076016,0.0048526590826882,-0.0043241669750866,0.19034259810586526,low,0.0024595156569265
2024-01-02,10698.9061,10716.8586,10491.2415,10530.1294,3215644.0,5440082548.0,600519.SH,3386.3522,-0.021437240118926,-0.0130446710552757,-0.0083925690636502,0.20414621399444288,mid,-0.0035945126728847
2024-01-03,10508.1811,10587.5889,10481.2804,10580.723,2022929.0,3411400667.0,600519.SH,3378.2971,0.0048046513084634,-0.0023786952816071,0.0071833465900705,0.18986912629101657,low,0.0049419680315382
2024-01-04,10575.0952,10575.0952,10405.8683,10440.0288,2155107.0,3603970147.0,600519.SH,3347.0519,-0.0132972198591722,-0.0092488017113709,-0.0040484181478012,0.19554949586648582,mid,-0.0028840812634036
2024-01-05,10396.8639,10494.3931,10344.9759,10408.2882,2024286.0,3373155627.0,600519.SH,3329.1114,-0.0030402789693453,-0.0053600901736838,0.0023198112043385,0.19574017302343047,mid,0.001575702230315
2024-01-08,10395.0067,10400.6345,10276.8799,10299.2784,2558620.0,4211918629.0,600519.SH,3286.0564,-0.0104733648708922,-0.0129328805278188,0.0024595156569265,0.19855502759185215,mid,-0.000684165050244
2024-01-09,10282.5077,10346.1577,10249.0787,10282.4514,2441204.0,4009826496.0,600519.SH,3292.4994,-0.001633803781826,0.0019607088910587,-0.0035945126728847,0.19832587381413658,mid,-0.0063947938218431
2024-01-10,10283.0142,10386.3399,10265.5681,10285.2653,1735067.0,2856120718.0,600519.SH,3277.129,0.0002736604230386,-0.0046683076084995,0.0049419680315382,0.19648262596388139,mid,-0.0124483837878668
2024-01-11,10277.3864,10377.7857,10265.9057,10313.798,1644055.0,2708764500.0,600519.SH,3295.6717,0.0027741335947846,0.0056582148581882,-0.0028840812634036,0.17236170204398785,low,0.0050744735352818
2024-01-12,10276.6548,10340.1923,10273.447,10294.0446,1160324.0,1908084612.0,600519.SH,3284.1667,-0.0019152401472281,-0.0034909423775431,0.001575702230315,0.16523306212741493,low,0.0149404911928129
2024-01-15,10248.6848,10361.0713,10245.5895,10276.8236,1785403.0,2931202343.0,600519.SH,3280.9195,-0.0016729090138194,-0.0009887439635754,-0.000684165050244,0.164649086038701,low,0.0194029161784712
2024-01-16,10268.382,10316.218,10192.0695,10273.6158,2590314.0,4236042960.0,600519.SH,3300.8762,-0.0003121392489406,0.0060826545729024,-0.0063947938218431,0.1612254330128463,low,-0.016629784257667
2024-01-17,10220.546,10251.3861,9922.2743,9922.2743,5163276.0,8251735591.0,600519.SH,3229.082,-0.0341984270036651,-0.0217500432157983,-0.0124483837878668,0.1991313494411509,mid,-0.0101000924960641
2024-01-18,9905.391,10123.7484,9801.5588,10112.8868,6043981.0,9566349514.0,600519.SH,3274.7286,0.0192105654648149,0.014136091929533,0.0050744735352818,0.21290243269175405,mid,-0.0134595473151826
2024-01-19,10101.6313,10265.6244,10056.6654,10248.6848,4637843.0,7550144389.0,600519.SH,3269.7763,0.0134282131982335,-0.0015122779945794,0.0149404911928129,0.21487461268889319,mid,0.0023486641066576
2024-01-22,10214.9182,10293.7069,10157.9652,10288.0791,4694589.0,7678297836.0,600519.SH,3218.9016,0.003843839552954,-0.0155590766255171,0.0194029161784712,0.21549345743697426,mid,0.0159109540835312
2024-01-23,10231.8578,10276.5422,10102.3629,10158.6405,3483490.0,5659457115.0,600519.SH,3231.9329,-0.0125814157085943,0.0040483685490726,-0.016629784257667,0.21947437727223126,mid,-0.0023178331534229
2024-01-24,10214.9182,10242.1566,10071.7478,10198.0349,3321635.0,5373603703.0,600519.SH,3277.1089,0.003877920475678,0.0139780129717421,-0.0101000924960641,0.22026092978591783,mid,0.0046516884334767
2024-01-25,10202.6497,10282.4514,10175.5238,10265.5681,3120580.0,5094508165.0,600519.SH,3342.9189,0.0066221777687778,0.0200817250839604,-0.0134595473151826,0.22194502133172783,mid,0.0021250383879203
2024-01-26,10222.5719,10299.8975,10181.1516,10261.7412,2695475.0,4402111882.0,600519.SH,3333.8213,-0.0003727898897285,-0.0027214539963862,0.0023486641066576,0.18722253080274587,low,0.0040242520290879
2024-01-29,10278.5119,10392.643,10278.4557,10333.1013,3142068.0,5189014946.0,600519.SH,3303.9604,0.0069539952927286,-0.0089569587908026,0.0159109540835312,0.1898708533820988,low,0.0125444777551202
2024-01-30,10332.9887,10332.9887,10107.9906,10124.8739,3086633.0,5010784454.0,600519.SH,3245.0387,-0.0201514912081622,-0.0178336580547393,-0.0023178331534229,0.18816849821718154,low,-0.0094439582948631
2024-01-31,10124.8739,10164.0995,10041.189,10079.3453,2964912.0,4770104891.0,600519.SH,3215.3518,-0.0044967078552948,-0.0091483962887716,0.0046516884334767,0.18666804876917756,low,0.0091466387489802
2024-02-01,10082.6657,10186.1603,10057.3407,10108.1595,2648515.0,4272298576.0,600519.SH,3217.7109,0.0028587372634212,0.0007336988755008,0.0021250383879203,0.18288161707874043,low,-0.0090004913554252
2024-02-02,10136.1295,10208.0523,9944.7854,10029.2019,3938202.0,6336691194.0,600519.SH,3179.6276,-0.0078112736547142,-0.0118355256838021,0.0040242520290879,0.18417671783691644,low,-0.0171403191724995
2024-02-05,10029.2019,10262.4165,10024.9811,10220.6022,5313036.0,8590683071.0,600519.SH,3200.4218,0.0190843002173481,0.0065398224622279,0.0125444777551202,0.19524331283463828,mid,-0.015585800372509
2024-02-06,10220.6022,10532.7744,10198.5977,10479.4232,5247204.0,8740646588.0,600519.SH,3311.6922,0.0253234589249544,0.0347674172198175,-0.0094439582948631,0.2152448402898272,mid,0.0121862200364775
2024-02-07,10507.7309,10696.5987,10398.4396,10676.3387,5260107.0,8899606867.0,600519.SH,3343.6303,0.0187906811512299,0.0096440424022496,0.0091466387489802,0.22422248027742417,mid,-0.008243294264111
2024-02-08,10727.1012,10755.1837,10530.0731,10648.2562,4675654.0,7953438044.0,600519.SH,3364.9297,-0.0026303492975546,0.0063701420578705,-0.0090004913554252,0.22478307471261472,mid,-0.0031321962644409
2024-02-19,10827.6131,10827.9508,10546.9564,10588.7707,3697744.0,6288277980.0,600519.SH,3403.8078,-0.0055864076598758,0.0115539115126237,-0.0171403191724995,0.2259393354926388,mid,0.0003688031660471
2024-02-20,10599.6323,10599.6323,10370.0194,10445.6566,3447007.0,5755266893.0,600519.SH,3410.8542,-0.0135156482328963,0.0020701521396127,-0.015585800372509,0.2319812865927269,mid,-0.014909933320373
2024-02-21,10423.2581,10788.9503,10400.6345,10713.8759,4615407.0,7868784082.0,600519.SH,3456.8713,0.0256775912009206,0.0134913711644431,0.0121862200364775,0.24794939424105594,mid,0.0085024911017209
2024-02-22,10656.6978,10743.9845,10617.4723,10717.9279,2279361.0,3905984695.0,600519.SH,3486.6747,0.0003782011326078,0.0086214953967189,-0.008243294264111,0.207710034348225,mid,-0.0118760405549747
2024-02-23,10677.0141,10751.6945,10614.6021,10693.7848,2730589.0,4670706950.0,600519.SH,3489.7416,-0.0022525902604738,0.000879606003967,-0.0031321962644409,0.2006407046064344,mid,-0.0114618332675818
2024-02-26,10659.5117,10663.6763,10530.1856,10586.2382,2731832.0,4625594409.0,600519.SH,3453.3585,-0.010056925776176,-0.0104257289422231,0.0003688031660471,0.2015688706164922,mid,-0.0055479123916885
2024-02-27,10518.8176,10574.645,10490.6787,10555.398,2207985.0,3718478358.0,600519.SH,3494.7874,-0.002913235033763,0.0119966982866099,-0.014909933320373,0.2020411792575412,mid,0.0031341857645534
2024-02-28,10552.1339,10595.1863,10468.2239,10510.6573,3186731.0,5371312847.0,600519.SH,3450.2598,-0.0042386558990952,-0.0127411470008161,0.0085024911017209,0.1965002944437731,mid,-0.0036771996303853
2024-02-29,10510.6573,10594.7924,10497.432,10586.3508,2475833.0,4184917973.0,600519.SH,3516.0826,0.0072015952798689,0.0190776358348436,-0.0118760405549747,0.1973240445318916,mid,0.0076563022110348
2024-03-01,10558.2119,10586.1819,10483.2501,10530.4108,2686796.0,4526845398.0,600519.SH,3537.8038,-0.0052841626974992,0.0061776705700826,-0.0114618332675818,0.1981040359541899,mid,-0.0108285981765193
2024-03-04,10496.3065,10507.5057,10445.938,10481.1115,2648477.0,4434401015.0,600519.SH,3540.8686,-0.00468161223112,0.0008663001605684,-0.0055479123916885,0.199187880862573,mid,-9.752774067228742e-05
2024-03-05,10450.2151,10597.6063,10426.9724,10586.9135,3623837.0,6102136582.0,600519.SH,3565.5143,0.0100945400685794,0.0069603543040259,0.0031341857645534,0.20071138438491368,mid,0.0245656361703796
2024-03-06,10563.8397,10586.3508,10490.7913,10505.0295,2214248.0,3725582802.0,600519.SH,3551.0481,-0.0077344544281012,-0.0040572547977159,-0.0036771996303853,0.1875248422515797,low,-0.0021018939356752
2024-03-07,10501.9343,10557.0864,10490.6787,10522.363,2159912.0,3633934774.0,600519.SH,3529.7195,0.0016500191646295,-0.0060062830464052,0.0076563022110348,0.18600255712084268,low,-0.0028165124705445
2024-03-08,10505.0858,10539.5277,10445.938,10453.7043,2215623.0,3710678522.0,600519.SH,3544.9099,-0.0065250267454183,0.004303571431101,-0.0108285981765193,0.18853879534194123,low,-0.0017292645450486
2024-03-11,10473.7954,10608.1865,10463.5529,10583.4806,2989509.0,5048394347.0,600519.SH,3589.2635,0.0124143840571424,0.0125119117978147,-9.752774067228742e-05,0.18860624113454222,low,-0.0142423289248453
2024-03-12,10580.3853,10890.8129,10561.0258,10867.7391,5422654.0,9393309052.0,600519.SH,3597.4939,0.0268586971284285,0.0022930609580489,0.0245656361703796,0.1992496301419187,mid,0.0070600761780454
2024-03-13,10839.4314,10884.6224,10727.6077,10768.9718,2649954.0,4588879420.0,600519.SH,3572.361,-0.0090881184293429,-0.0069862244936677,-0.0021018939356752,0.18541633362309282,low,-0.0013330596842555
2024-03-14,10721.4171,10810.561,10679.2089,10708.0793,1940479.0,3338768308.0,600519.SH,3562.2229,-0.005654439544544,-0.0028379270739994,-0.0028165124705445,0.1750709424425675,low,0.0008810273261096
2024-03-15,10684.8367,10796.8292,10682.0228,10712.9192,1783358.0,3066692399.0,600519.SH,3569.993,0.0004519858197165,0.0021812503647651,-0.0017292645450486,0.17475028870015158,low,0.0060406097402413
2024-03-18,10698.9061,10726.2007,10608.8618,10660.9749,2605501.0,4446059130.0,600519.SH,3603.528,-0.0048487530830999,0.0093935758417453,-0.0142423289248453,0.1744367185232772,low,-0.0011109037491646
2024-03-19,10631.3729,10726.7072,10575.7143,10659.6243,2394753.0,4093701261.0,600519.SH,3577.6303,-0.0001266863502323,-0.0071867625282778,0.0070600761780454,0.1665707132472344,low,0.0057148661400519
2024-03-20,10633.3989,10691.4774,10615.784,10668.5161,1524925.0,2604543856.0,600519.SH,3585.3838,0.0008341569786847,0.0021672166629402,-0.0013330596842555,0.13893666253596457,low,0.0071846281432698
2024-03-21,10660.0745,10721.4171,10639.8145,10665.1395,1659597.0,2839332631.0,600519.SH,3581.0902,-0.0003165013736072,-0.0011975286997168,0.0008810273261096,0.1389217885883144,low,-0.0048504907894011
2024-03-22,10642.7972,10665.0832,10546.9564,10622.0871,2545614.0,4318592818.0,600519.SH,3545.0023,-0.0040367404476986,-0.0100773501879399,0.0060406097402413,0.13941306876474585,low,-0.0040242851034815
2024-03-25,10606.273,10607.5674,10505.1984,10552.6404,2447285.0,4131446237.0,600519.SH,3525.7634,-0.0065379524142671,-0.0054270486651024,-0.0011109037491646,0.13667943258735746,low,-0.0066851936152605
2024-03-26,10543.9174,10686.525,10543.9174,10666.7715,2806907.0,4782899074.0,600519.SH,3543.7467,0.0108154069193906,0.0051005407793387,0.0057148661400519,0.14156384045424997,low,0.0003154388448254
2024-03-27,10642.6284,10682.0228,10608.8618,10620.1173,1811258.0,3087792980.0,600519.SH,3502.7866,-0.0043737882638622,-0.011558416407132,0.0071846281432698,0.14162542371952158,low,0.0041845236006899
2024-03-28,10586.3508,10715.7894,10576.2208,10623.7191,2464218.0,4201857059.0,600519.SH,3520.9648,0.0003391487964075,0.0051896395858086,-0.0048504907894011,0.13943218082443767,low,-0.0166842152256213
2024-03-29,10623.7191,10676.3387,10603.7968,10630.8101,1345655.0,2290584417.0,600519.SH,3537.4843,0.0006674687021799,0.0046917538056614,-0.0040242851034815,0.13791252141089858,low,-0.0015705694505594
2024-04-01,10670.711,10805.8336,10663.4511,10734.5298,2713137.0,4679371035.0,600519.SH,3595.6466,0.0097565189317039,0.0164417125469644,-0.0066851936152605,0.14020728912472377,low,0.0004401797353653
2024-04-02,10738.3004,10755.1275,10642.9098,10693.222,2544925.0,4360973684.0,600519.SH,3580.6759,-0.0038481238367795,-0.004163562681605,0.0003154388448254,0.13722137714329605,low,0.000143264117201
2024-04-03,10805.8336,10836.4487,10670.8798,10699.5251,2904580.0,5002390042.0,600519.SH,3567.8031,0.0005894481569728,-0.0035950754437171,0.0041845236006899,0.13370430790372786,low,0.0004892668809068
2024-04-08,10586.3508,10591.9785,10404.0111,10426.8599,5916659.0,9907355766.0,600519.SH,3536.4077,-0.0254838600266474,-0.0087996448010261,-0.0166842152256213,0.1632497216006914,low,0.0003293460764151
2024-04-09,10393.1495,10462.5399,10380.6559,10401.8726,2558982.0,4256226333.0,600519.SH,3533.4871,-0.0023964357668216,-0.0008258663162622,-0.0015705694505594,0.16184890837344207,low,0.0090931628186968
2024-04-10,10402.154,10417.4615,10304.9624,10321.7332,2763050.0,4562853880.0,600519.SH,3504.7086,-0.0077043243156045,-0.0081445040509698,0.0004401797353653,0.1567275140658397,low,-0.017078169298664
2024-04-11,10277.4427,10333.1013,10246.9402,10321.8457,2276624.0,3736417595.0,600519.SH,3504.2447,1.0899332294256324e-05,-0.0001323647849067,0.000143264117201,0.11687314592344149,low,0.0008060917000076
2024-04-12,10338.729,10411.89,10243.2258,10243.2258,2674433.0,4403968129.0,600519.SH,3475.8389,-0.0076168451152103,-0.0081061119961172,0.0004892668809068,0.11589367707647709,low,-0.0051175913167814
2024-04-15,10248.7411,10477.2284,10248.5722,10462.4273,3581771.0,5960815532.0,600519.SH,3549.0759,0.0213996551750328,0.0210703090986177,0.0003293460764151,0.14272749693550418,low,0.0185442833587023
2024-04-16,10420.2754,10499.458,10383.7512,10445.6566,2626623.0,4382796962.0,600519.SH,3511.1146,-0.0016029454273961,-0.010696108246093,0.0090931628186968,0.14261341927957485,low,0.0162419237134886
2024-04-17,10434.4011,10474.921,10378.1234,10428.7733,2481911.0,4130322018.0,600519.SH,3565.403,-0.0016162985867255,0.0154618707119384,-0.017078169298664,0.14198393571081727,low,-0.0036885922011602
2024-04-18,10383.8074,10518.705,10379.1364,10450.0463,2656841.0,4445487745.0,600519.SH,3569.8018,0.0020398372261096,0.001233745526102,0.0008060917000076,0.14238102039548903,low,-0.0027568496551357
2024-04-19,10393.7686,10437.2149,10284.0272,10314.192,2349992.0,3879233242.0,600519.SH,3541.6619,-0.0130003538835996,-0.0078827625668181,-0.0051175913167814,0.1484172386209582,low,-0.0065705247023226
2024-04-22,10355.6123,10495.6312,10304.9624,10474.1331,2995139.0,5001684635.0,600519.SH,3530.9045,0.0155068957413242,-0.0030373876173781,0.0185442833587023,0.16043819365807538,low,-0.0139251469516628
2024-04-23,10473.7954,10586.3508,10473.7954,10571.0432,2497995.0,4217855279.0,600519.SH,3506.2249,0.0092523265720196,-0.0069895971414689,0.0162419237134886,0.16384088549194523,low,0.0059149970903065
2024-04-24,10597.4937,10613.9831,10520.6747,10578.4719,1708643.0,2893555635.0,600519.SH,3521.6219,0.0007027404826045,0.0043913326837647,-0.0036885922011602,0.16212714630304442,low,0.0143513614056336
2024-04-25,10560.0691,10589.7274,10514.5967,10575.3203,1447648.0,2447183879.0,600519.SH,3530.2813,-0.0002979258280206,0.0024589238271151,-0.0027568496551357,0.15717416807654785,low,0.0047260442597789
2024-04-26,10580.723,10693.2783,10580.6104,10667.5594,3099592.0,5290248521.0,600519.SH,3584.2686,0.0087221093435818,0.0152926340459045,-0.0065705247023226,0.15962012609253073,low,0.0047840228584179
2024-04-29,10597.3249,10772.067,10579.71,10637.0006,4133223.0,7072096590.0,600519.SH,3623.9124,-0.0028646477468876,0.0110604992047751,-0.0139251469516628,0.1600066345355379,low,-0.0135458876908475
2024-04-30,10642.6847,10782.6472,10642.6284,10642.6284,3075989.0,5273902374.0,600519.SH,3604.3943,0.0005290777176416,-0.0053859193726648,0.0059149970903065,0.16000100282338245,low,-0.0092320396160769
2024-05-06,10805.6648,10980.2944,10766.4393,10953.2811,5990949.0,10504351712.0,600519.SH,3657.8767,0.0291894716534497,0.0148381102478161,0.0143513614056336,0.18797437007635276,low,-0.0166991160011421
2024-05-07,10984.7403,11052.3298,10933.4714,11008.4332,2492452.0,4413196426.0,600519.SH,3659.0076,0.0050352126907433,0.0003091684309644,0.0047260442597789,0.1875325418676867,low,-3.842349616678398e-05
2024-05-08,11006.6886,11008.2644,10927.7873,10974.4978,1476909.0,2603293863.0,600519.SH,3630.2233,-0.0030826730183547,-0.0078666958767726,0.0047840228584179,0.18822585540021142,low,0.0074252267195259
2024-05-09,10940.9,10980.1818,10895.8779,10929.6445,2238734.0,3929804849.0,600519.SH,3664.561,-0.0040870480651969,0.0094588396256505,-0.0135458876908475,0.16116797690415477,low,-0.0015587087939625
2024-05-10,10958.3461,10996.5023,10805.7774,10833.8599,2620661.0,4571398242.0,600519.SH,3666.2771,-0.0087637434136125,0.0004682962024644,-0.0092320396160769,0.16521828019608786,low,-0.0047776893147448
2024-05-13,10794.6907,10798.2924,10621.3555,10648.2562,3766212.0,6435415674.0,600519.SH,3664.6907,-0.0171318165190598,-0.0004327005179176,-0.0166991160011421,0.17568626078264973,low,-0.0066886537262134
2024-05-14,10648.1999,10689.17,10614.5459,10625.6326,2127417.0,3623282672.0,600519.SH,3657.0454,-0.0021246295708022,-0.0020862060746354,-3.842349616678398e-05,0.1761080938871623,low,0.0018994017085632
2024-05-15,10629.0092,10659.5117,10606.5544,10614.4896,1573876.0,2677203002.0,600519.SH,3626.0559,-0.0010486905033776,-0.0084739172229035,0.0074252267195259,0.17311144809780785,low,-0.0061099550136511
2024-05-16,10642.6284,10670.0919,10558.2119,10639.8145,2967954.0,5048754769.0,600519.SH,3640.3592,0.0023858801463236,0.0039445889402862,-0.0015587087939625,0.15702376375585983,low,0.0085523997097388
2024-05-17,10614.5459,10707.7979,10614.4896,10698.9061,2892388.0,4936920634.0,600519.SH,3677.9696,0.0055538186309544,0.0103315079456993,-0.0047776893147448,0.15757252665764415,low,0.003120950684212
2024-05-20,10715.7331,10800.1496,10660.1308,10665.1395,3142572.0,5401389335.0,600519.SH,3690.9623,-0.0031560796668737,0.0035325740593397,-0.0066886537262134,0.15803747285418313,low,-0.0132406999957905
2024-05-21,10659.5117,10669.2477,10604.1345,10642.6284,1629339.0,2776847499.0,600519.SH,3676.1611,-0.0021107178204279,-0.0040101195289912,0.0018994017085632,0.1584200578129167,low,0.0043463366134859
2024-05-22,10631.3729,10670.5421,10563.8397,10601.602,2028568.0,3443977767.0,600519.SH,3684.451,-0.0038549123823583,0.0022550426312928,-0.0061099550136511,0.1508772530140388,low,0.0038522220650691
2024-05-23,10614.4896,10650.3947,10558.6621,10569.5237,1888497.0,3199923320.0,600519.SH,3641.7917,-0.0030257974219368,-0.0115781971316757,0.0085523997097388,0.14200443812995434,low,-0.0081239955565238
2024-05-24,10575.0952,10586.3508,10485.051,10485.5012,2021663.0,3401323915.0,600519.SH,3601.4754,-0.0079495067502426,-0.0110704574344546,0.003120950684212,0.14105275380800786,low,0.0037031092273492
2024-05-27,10490.6787,10543.8611,10434.4573,10446.3319,2509791.0,4199001866.0,600519.SH,3635.7079,-0.0037355677380497,0.0095051322577408,-0.0132406999957905,0.14148464251481913,low,-0.0074032986516371
2024-05-28,10447.9077,10474.7521,10406.2622,10415.4918,2352087.0,3923020375.0,600519.SH,3609.1724,-0.0029522420209527,-0.0072985786344387,0.0043463366134859,0.14172525285279372,low,6.303029208121202e-05
2024-05-29,10423.1455,10501.9343,10417.5178,10468.1677,1965128.0,3289173345.0,600519.SH,3613.5223,0.0050574568163934,0.0012052347513242,0.0038522220650691,0.1390577000451569,low,0.0007723349845136
2024-05-30,10473.7954,10475.934,10327.4735,10327.4735,3220792.0,5333306808.0,600519.SH,3594.3121,-0.0134401935498225,-0.0053161979932986,-0.0081239955565238,0.14592969068572176,low,-0.0015806486074285
2024-05-31,10335.9152,10409.0761,10324.3782,10324.3782,2185665.0,3617654788.0,600519.SH,3579.9247,-0.0002997151239362,-0.0040028243512855,0.0037031092273492,0.1458113016041503,low,-0.0062512296869985
2024-06-03,10333.1013,10338.2788,10249.3038,10273.3907,3026105.0,4966041477.0,600519.SH,3588.7483,-0.0049385540719536,0.0024647445796834,-0.0074032986516371,0.09041179542548124,low,-0.0190565079166202
2024-06-04,10279.6375,10366.8679,10257.4078,10351.1101,2084108.0,3432497303.0,600519.SH,3615.6714,0.0075651167437835,0.0075020864517023,6.303029208121202e-05,0.09384288055136197,low,0.0011754611717149
2024-06-05,10344.3568,10381.9503,10293.8757,10299.3347,1905557.0,3140824328.0,600519.SH,3594.7936,-0.0050019176204105,-0.0057742526049242,0.0007723349845136,0.09409679236488551,low,-0.0044070396557607
2024-06-06,10297.4212,10344.3005,10253.806,10275.7543,2561005.0,4205700983.0,600519.SH,3592.2454,-0.0022895071076773,-0.0007088585002488,-0.0015806486074285,0.0940764515673933,low,-0.0043738482972307
2024-06-07,10311.3218,10311.6032,10158.6968,10159.6535,3352455.0,5453120695.0,600519.SH,3574.1143,-0.0112985184941606,-0.005047288807162,-0.0062512296869985,0.09651237408061177,low,-0.006247487924053
2024-06-11,10068.54,10079.8518,9865.9967,9877.2522,7024676.0,11090577610.0,600519.SH,3542.8771,-0.0277963515192717,-0.0087398436026514,-0.0190565079166202,0.12120945761651124,low,-0.0142326456894406
2024-06-12,9882.88,9995.4353,9882.88,9892.3346,3317050.0,5230086503.0,600519.SH,3544.1225,0.0015269833851159,0.0003515222134009,0.0011754611717149,0.12253396202528925,low,0.010826290041737
2024-06-13,9920.98,9921.6553,9788.0521,9798.5198,3618597.0,5654938942.0,600519.SH,3526.1306,-0.0094835854015694,-0.0050765457458087,-0.0044070396557607,0.12390926775408681,low,0.0066932147121623
2024-06-14,9798.4635,9848.8883,9604.0804,9798.4635,5951416.0,9177637168.0,600519.SH,3541.5331,-5.74576580436581e-06,0.0043681025314263,-0.0043738482972307,0.12256773078734322,low,-0.0147604226305552
2024-06-17,9670.6569,9763.4025,9550.8981,9722.4886,4831816.0,7400883243.0,600519.SH,3536.1986,-0.0077537564945768,-0.0015062685705238,-0.006247487924053,0.11769803724229978,low,0.0086688806829419
2024-06-18,9662.778,9795.8747,9582.8075,9609.9333,4125825.0,6317590943.0,600519.SH,3545.5902,-0.0115767993803561,0.0026558463090844,-0.0142326456894406,0.11996197577223079,low,0.0114022093910861
2024-06-19,9651.3874,9685.2103,9561.9622,9668.327,4126153.0,6167728416.0,600519.SH,3528.749,0.0060763897289484,-0.0047499003127886,0.010826290041737,0.1260929848418594,low,-0.0049585238666771
2024-06-20,9662.6993,9752.7998,9651.4437,9663.262,2471068.0,3715924984.0,600519.SH,3503.2817,-0.0005238755371015,-0.0072170902492638,0.0066932147121623,0.12696109175382178,low,0.0082573731433595
2024-06-21,9665.5131,9690.7255,9495.1044,9499.494,4331997.0,6418543742.0,600519.SH,3495.6198,-0.0169474862629203,-0.002187063632365,-0.0147604226305552,0.13409950859021508,low,-0.0157116338846395
2024-06-24,9229.3613,9600.7376,9178.7676,9530.7281,6383993.0,9319362390.0,600519.SH,3476.8102,0.0032879751279384,-0.0053809055550034,0.0086688806829419,0.1370421937278823,low,-0.0208097065986988
2024-06-25,9533.2606,9679.5263,9533.2606,9587.5686,4209795.0,6273919386.0,600519.SH,3457.9023,0.0059639200073287,-0.0054382893837574,0.0114022093910861,0.14220031262622018,low,0.0322009225721138
2024-06-26,9550.1439,9668.721,9537.7629,9602.0319,2956977.0,4414601922.0,600519.SH,3480.2648,0.0015085472243712,0.0064670710910483,-0.0049585238666771,0.1436113153595342,low,0.0078573524580598
2024-06-27,9617.6771,9628.7638,9482.6107,9609.1792,3282178.0,4857959457.0,600519.SH,3454.1175,0.0007443528697297,-0.0075130202736297,0.0082573731433595,0.14078430701976016,low,-0.0032232734123456
2024-06-28,9550.1439,9631.6903,9460.0997,9479.1778,3858202.0,5699649047.0,600519.SH,3461.657,-0.0135288766391202,0.0021827572455193,-0.0157116338846395,0.1408615520850015,low,-0.0149469527260518
2024-07-01,9487.5632,9510.6933,9257.5001,9327.1718,3216138.0,4636689118.0,600519.SH,3478.1827,-0.0160357789680872,0.0047739276306115,-0.0208097065986988,0.14600643630449778,low,-0.0112211862838687
2024-07-02,9285.6389,9651.4437,9285.6389,9610.361,5185298.0,7659166816.0,600519.SH,3471.7857,0.0303617437388685,-0.0018391788332452,0.0322009225721138,0.19261405672781798,low,-0.0001713338812243
2024-07-03,9657.0715,9735.9165,9595.2786,9662.6993,3157326.0,4740808130.0,600519.SH,3463.4141,0.0054460285102713,-0.0024113239477885,0.0078573524580598,0.1911759353696558,low,0.0028870463203368
2024-07-04,9690.8381,9730.2325,9556.5033,9582.4473,2437973.0,3637968895.0,600519.SH,3445.8128,-0.0083053396890867,-0.0050820662767411,-0.0032232734123456,0.1919089917971404,low,0.003374583568882
2024-07-05,9544.5162,9624.3179,9381.311,9398.1943,3882938.0,5664477336.0,600519.SH,3431.0605,-0.0192281777537144,-0.0042812250276625,-0.0149469527260518,0.19971527058119948,mid,0.0087435670563527
2024-07-08,9341.9166,9425.0387,9207.6381,9212.478,3952705.0,5657951348.0,600519.SH,3401.7604,-0.0197608491665255,-0.0085396628826568,-0.0112211862838687,0.20577141274236985,mid,-0.0034190037155712
2024-07-09,9212.478,9408.8307,9156.7631,9313.9466,3362071.0,4807957927.0,600519.SH,3439.8111,0.0110142569675608,0.0111855908487852,-0.0001713338812243,0.19402982051414597,mid,-0.0056888461540982
2024-07-10,9320.8125,9470.6799,9296.8945,9311.4704,2376322.0,3436693365.0,600519.SH,3428.9657,-0.0002658593726529,-0.0031529056929898,0.0028870463203368,0.19359594388666196,low,0.014059645630021
2024-07-11,9381.1421,9488.2385,9326.2151,9449.3506,2902014.0,4236960596.0,600519.SH,3468.169,0.0148075646570275,0.0114329810881455,0.003374583568882,0.20175384676374977,mid,-0.0077891022591318
2024-07-12,9510.8059,9586.1616,9468.2599,9543.5032,2338634.0,3451132648.0,600519.SH,3472.4014,0.009963922811796,0.0012203557554433,0.0087435670563527,0.20594801937481239,mid,0.0112593400879448
2024-07-15,9493.8663,9595.1661,9493.8663,9521.4423,1917626.0,2835374730.0,600519.SH,3476.2467,-0.0023116144604005,0.0011073892551707,-0.0034190037155712,0.20456560865579915,mid,-0.0084689430082138
2024-07-16,9527.6329,9561.3995,9466.0088,9527.6329,2031644.0,2998367128.0,600519.SH,3498.2827,0.0006501746064249,0.0063390207605231,-0.0056888461540982,0.20072155115299203,mid,-0.0042905357204705
2024-07-17,9528.1956,9679.5826,9493.9788,9670.5781,3431101.0,5115680654.0,600519.SH,3501.5836,0.0150032228886569,0.0009435772586359,0.014059645630021,0.2069201298780148,mid,-0.0026477680104961
2024-07-18,9659.8854,9747.1158,9620.6598,9648.6861,2887039.0,4337214601.0,600519.SH,3520.931,-0.0022637736620936,0.0055253285970382,-0.0077891022591318,0.2070809428393393,mid,-0.0002236654468503
2024-07-19,9610.9801,9826.9175,9572.7113,9806.8826,3894291.0,5888615145.0,600519.SH,3539.0156,0.0163956520463444,0.0051363119583995,0.0112593400879448,0.20468659817468549,mid,-0.0079861873019407
2024-07-22,9803.5622,9831.4197,9615.7074,9657.0715,2854321.0,4300813310.0,600519.SH,3514.9249,-0.0152761184272768,-0.0068071754190629,-0.0084689430082138,0.21317432843390954,mid,-0.0093040334195525
2024-07-23,9657.0715,9668.327,9409.4498,9409.4498,3094396.0,4555460198.0,600519.SH,3439.8779,-0.0256414897621913,-0.0213509540417208,-0.0042905357204705,0.23163189202964202,mid,-0.0048646953837759
2024-07-24,9382.4365,9458.4113,9296.8945,9325.1458,2412255.0,3490200973.0,600519.SH,3418.1663,-0.0089595036683228,-0.0063117356578267,-0.0026477680104961,0.23320158218860726,mid,0.0042780586206911
2024-07-25,9325.1458,9370.0554,9212.5342,9271.5132,2834656.0,4054086714.0,600519.SH,3399.2716,-0.0057513953293899,-0.0055277298825395,-0.0002236654468503,0.23356394518316018,mid,-0.0148084546449092
2024-07-26,9271.5132,9312.202,9161.2653,9224.8028,3235379.0,4594928574.0,600519.SH,3409.2931,-0.0050380557081016,0.0029481315938391,-0.0079861873019407,0.22976672394702985,mid,0.0097565744644948
2024-07-29,9184.3391,9223.6772,9088.6671,9088.7797,3086907.0,4342610100.0,600519.SH,3390.742,-0.0147453666977033,-0.0054413332781507,-0.0093040334195525,0.22870930767281508,mid,0.0274623692700798
2024-07-30,9021.0214,9045.1645,8882.1281,8987.311,5177904.0,7103491566.0,600519.SH,3369.3821,-0.011164172017504,-0.006299476633728,-0.0048646953837759,0.1981778205388005,mid,-0.0031615507381481
2024-07-31,8948.5357,9253.3918,8948.5357,9219.6815,4327232.0,6098149721.0,600519.SH,3442.0844,0.0258553976823547,0.0215773390616635,0.0042780586206911,0.2219063963827392,mid,0.0071054891609161
2024-08-01,9201.2224,9212.478,9013.8178,9022.0344,3203810.0,4470988088.0,600519.SH,3419.2666,-0.0214375192895763,-0.0066290646446671,-0.0148084546449092,0.2313533306157538,mid,0.0088716184850023
2024-08-02,8951.3496,9082.8705,8951.3496,9018.0386,2192769.0,3041726372.0,600519.SH,3384.3919,-0.0004428934564914,-0.0101994679209862,0.0097565744644948,0.2232446317738146,mid,0.0070913894051218
2024-08-05,9037.3419,9246.2446,9018.4326,9156.2566,3773607.0,5327127147.0,600519.SH,3343.3205,0.0153268361481619,-0.0121355331219178,0.0274623692700798,0.22088538068267485,mid,0.0013064835584125
2024-08-06,9223.7335,9234.989,9066.2123,9126.3731,2744433.0,3860735014.0,600519.SH,3342.9789,-0.0032637246099022,-0.000102173871754,-0.0031615507381481,0.21704001419491192,mid,-0.0104820936646264
2024-08-07,9130.8754,9223.6772,9090.3554,9187.153,2062221.0,2910580747.0,600519.SH,3341.489,0.0066598088127691,-0.0004456803481469,0.0071054891609161,0.2187060971577408,mid,0.0016222211530149
2024-08-08,9161.8281,9371.0684,9150.5725,9272.6388,2513082.0,3592705430.0,600519.SH,3342.9369,0.0093049283058637,0.0004333098208613,0.0088716184850023,0.21440053741059142,mid,-0.0015496323535761
2024-08-09,9437.7574,9488.2385,9307.0244,9307.0244,3013849.0,4368705515.0,600519.SH,3331.6274,0.0037082863618067,-0.0033831030433151,0.0070913894051218,0.21134116710805673,mid,0.0015204200287541
2024-08-12,9268.7556,9341.9166,9249.5087,9303.085,1363203.0,1956573438.0,600519.SH,3325.8645,-0.0004232716957313,-0.0017297552541438,0.0013064835584125,0.2113121207711783,mid,-0.0068823930347974
2024-08-13,9285.6389,9296.8945,9167.5121,9229.4175,1630843.0,2317037756.0,600519.SH,3334.3903,-0.0079186097944928,0.0025634838701336,-0.0104820936646264,0.2125695005326476,mid,0.0055719394686628
2024-08-14,9229.4175,9240.054,9167.5684,9174.7719,1341431.0,1898377426.0,600519.SH,3309.2389,-0.0059208070281792,-0.0075430281811941,0.0016222211530149,0.20381453344584285,mid,0.0001864085319164
2024-08-15,9128.2303,9302.4659,9122.1523,9251.2533,2303897.0,3275699572.0,600519.SH,3341.953,0.0083360546543942,0.0098856870079704,-0.0015496323535761,0.20745234281361608,mid,-0.0020480079591743
2024-08-16,9250.6905,9302.072,9195.6509,9275.5089,1645470.0,2349825846.0,600519.SH,3345.634,0.0026218717846586,0.0011014517559044,0.0015204200287541,0.1967193415741329,mid,-0.0012059126828214
2024-08-19,9280.0112,9431.2855,9240.6168,9243.093,2043279.0,2942106435.0,600519.SH,3356.9677,-0.0034947839896957,0.0033876090451017,-0.0068823930347974,0.19110154126055154,low,-0.0009402990687209
2024-08-20,9268.1929,9268.3617,9178.7114,9227.7855,1859138.0,2644814344.0,600519.SH,3332.7034,-0.0016561014803162,-0.0072280409489791,0.0055719394686628,0.1697138459758221,low,0.0008142192603426
2024-08-21,9212.478,9257.3875,9188.2223,9198.8588,1509165.0,2144746551.0,600519.SH,3321.635,-0.0031347390985626,-0.003321147630479,0.0001864085319164,0.1672965155727281,low,-0.003597180896282
2024-08-22,9189.9669,9212.478,9099.9789,9156.4817,1952729.0,2750868073.0,600519.SH,3313.1357,-0.0046067779625011,-0.0025587700033268,-0.0020480079591743,0.16688049831415105,low,0.0178130568100139
2024-08-23,9144.9448,9232.1751,9134.3646,9184.2829,1532046.0,2166499202.0,600519.SH,3327.1905,0.0030362317002172,0.0042421443830387,-0.0012059126828214,0.16647502443574033,low,0.0049862202492783
2024-08-26,9195.5947,9234.2011,9117.6501,9167.4558,1562841.0,2207595461.0,600519.SH,3324.2231,-0.0018321626395023,-0.0008918635707814,-0.0009402990687209,0.1575489003298514,low,-0.012040308675318
2024-08-27,9167.4558,9173.0836,9106.1695,9122.8277,1365740.0,1920770570.0,600519.SH,3305.3338,-0.0048681009184685,-0.0056823201788112,0.0008142192603426,0.15289473615593238,low,0.0067273910122647
2024-08-28,9122.8277,9133.6892,8959.2285,9038.0172,3166351.0,4388025875.0,600519.SH,3286.4956,-0.0092965145006519,-0.0056993336043699,-0.003597180896282,0.12480447519153078,low,0.0003493249114284
2024-08-29,8987.3673,9201.2224,8987.3673,9174.7719,2747161.0,3864270621.0,600519.SH,3277.6812,0.0151310510893916,-0.0026820057206223,0.0178130568100139,0.11210168250094658,low,0.0012982459577883
2024-08-30,9173.0836,9426.727,9128.0615,9342.9859,3873923.0,5576118649.0,600519.SH,3321.4323,0.0183344067660145,0.0133481865167361,0.0049862202492783,0.12790138267463455,low,0.003865378576458
2024-09-02,9268.7556,9313.7778,9071.7838,9071.7838,3413459.0,4801049927.0,600519.SH,3265.011,-0.0290273476705129,-0.0169870389951949,-0.012040308675318,0.1588527745370806,low,-0.0023599902681331
2024-09-03,9088.6671,9184.2266,9060.6408,9156.2003,1788760.0,2516125842.0,600519.SH,3273.4282,0.0093053915151726,0.0025780005029079,0.0067273910122647,0.16209613671897177,low,0.0010064001014042
2024-09-04,9111.1782,9207.9195,9098.4594,9099.9226,1421109.0,1995221417.0,600519.SH,3252.1649,-0.0061464033284637,-0.0064957282398921,0.0003493249114284,0.16171435999400383,low,0.004265840910114
2024-09-05,9102.7365,9139.317,9083.0393,9127.3861,1450295.0,2033680839.0,600519.SH,3257.7578,0.0030179927024873,0.0017197467446989,0.0012982459577883,0.1581976874315694,low,-0.0238549839775176
2024-09-06,9128.0615,9133.6892,9088.6671,9088.6671,1032104.0,1445537257.0,600519.SH,3231.3457,-0.0042420688218721,-0.0081074473983302,0.003865378576458,0.1577480702370793,low,-0.0157592312478738
2024-09-09,8987.4236,9064.524,8931.5399,8959.2285,2863755.0,3950086825.0,600519.SH,3192.9516,-0.0142417582881874,-0.0118817680200542,-0.0023599902681331,0.16440192271010975,low,-0.0281991416003332
2024-09-10,8931.2022,9060.5283,8931.2022,8976.1118,1980284.0,2737295644.0,600519.SH,3195.7552,0.0018844591361857,0.0008780590347814,0.0010064001014042,0.16326548213182893,low,-0.0118680546701376
2024-09-11,8962.6052,9020.4586,8902.9508,8987.3673,2099577.0,2892932794.0,600519.SH,3186.1299,0.0012539393727246,-0.0030119015373893,0.004265840910114,0.1625804766289348,low,0.0004068565700323
2024-09-12,8987.3673,9015.5062,8733.6113,8734.4555,4794831.0,6482445000.0,600519.SH,3172.4747,-0.0281408104907429,-0.0042858265132252,-0.0238549839775176,0.18488395466547483,low,-0.0052666319494103
2024-09-13,8711.6068,8717.2345,8521.9511,8560.3887,5600511.0,7329376917.0,600519.SH,3159.247,-0.0199287522845585,-0.0041695210366847,-0.0157592312478738,0.1932439471625554,low,0.0318061413062835
2024-09-18,8537.146,8537.2023,8349.5163,8350.867,4618531.0,5895948011.0,600519.SH,3171.0102,-0.0244757226970312,0.0037234189033019,-0.0281991416003332,0.2065092047259272,mid,0.0018035760902448
2024-09-19,8323.2909,8497.0763,8232.2899,8317.6632,5998821.0,7623739997.0,600519.SH,3196.0357,-0.0039760901472863,0.0078919645228512,-0.0118680546701376,0.2061776176815182,mid,0.038175742006729
2024-09-20,8320.477,8390.2613,8255.9266,8334.0962,3998184.0,5038507835.0,600519.SH,3201.0497,0.001975675091052,0.0015688185210196,0.0004068565700323,0.20761592954426425,mid,0.0127207321198126
2024-09-23,8357.0575,8500.5656,8315.7497,8320.7021,4554969.0,5809791682.0,600519.SH,3212.7639,-0.0016071448755294,0.0036594870738808,-0.0052666319494103,0.20793382666955426,mid,-0.0204767380438366
2024-09-24,8453.236,8947.973,8340.6807,8945.7219,10041281.0,13297277523.0,600519.SH,3351.909,0.0751162332803623,0.0433100919740787,0.0318061413062835,0.3513929108580803,high,-0.0720186030458498
2024-09-25,9100.204,9251.8723,9081.4073,9094.2949,7395380.0,10420109655.0,600519.SH,3401.533,0.0166082739504791,0.0148046978602343,0.0018035760902448,0.35692812016595055,high,0.0046103948511272
2024-09-26,9099.6975,9830.8006,9077.4116,9825.9045,9727806.0,14269262657.0,600519.SH,3545.3204,0.0804470943646218,0.0422713523578928,0.038175742006729,0.45658311527519707,high,0.0141827482748988
2024-09-27,10225.4759,10389.8066,10030.5301,10389.8066,8792167.0,14050260569.0,600519.SH,3703.6849,0.0573893324528036,0.044668600332991,0.0127207321198126,0.49071742432378784,high,0.0088172219875991
2024-09-30,10743.2304,11125.2431,10518.1197,11058.3853,15729341.0,26982747037.0,600519.SH,4017.8545,0.0643494846188956,0.0848262226627323,-0.0204767380438366,0.5304486825035896,high,-0.0207287028960448
2024-10-08,11970.0834,11970.0834,10676.7102,10917.6911,19470947.0,35114075007.0,600519.SH,4256.0962,-0.0127228520424225,0.0592957510034273,-0.0720186030458498,0.5353282579323685,high,0.0003481111890065
2024-10-09,10788.2525,10788.2525,10169.1982,10198.1812,12019684.0,19708432734.0,600519.SH,3955.9839,-0.065903119387578,-0.0705135142387053,0.0046103948511272,0.5833214745158226,high,-0.0115961723146931
2024-10-10,10350.7499,10608.6142,10174.826,10450.5865,7460342.0,12198964035.0,600519.SH,3997.7879,0.0247500309172774,0.0105672826423786,0.0141827482748988,0.5868727300554073,high,-0.0047210222277005
2024-10-11,10312.1435,10450.3614,10169.1982,10253.5584,4191471.0,6764982707.0,600519.SH,3887.167,-0.0188533055058679,-0.0276705274934671,0.0088172219875991,0.5924326350284124,high,-0.0090583368490906
2024-10-14,10298.6368,10341.5767,10119.505,10236.6751,4481202.0,7181350822.0,600519.SH,3961.3424,-0.0016465795913348,0.01908212330471,-0.0207287028960448,0.5930414258729703,high,-0.0094781269830064
2024-10-15,10219.8481,10231.0474,9961.0271,9968.0056,4357143.0,6884141869.0,600519.SH,3855.9949,-0.0262457777916581,-0.0265938889806647,0.0003481111890065,0.6033333933258298,high,0.0023964781994441
2024-10-16,9892.7623,9942.962,9718.9769,9789.324,4666440.0,7140169692.0,600519.SH,3831.589,-0.0179255115988297,-0.0063293392841365,-0.0115961723146931,0.6050552666109806,high,0.0100211900184024
2024-10-17,9870.9266,9874.6409,9625.6123,9632.3093,3945955.0,5964778958.0,600519.SH,3788.2217,-0.0160393812688189,-0.0113183590411184,-0.0047210222277005,0.6096531276082092,high,0.0025947027311836
2024-10-18,9623.3049,10044.4869,9544.2911,9893.4377,6861930.0,10418043492.0,600519.SH,3925.234,0.0271096361077192,0.0361679729568098,-0.0090583368490906,0.6148699873975897,high,-0.0032630072970489
2024-10-21,9894.6195,9943.9187,9782.0642,9824.7789,4200790.0,6433918335.0,600519.SH,3935.1974,-0.0069398324507568,0.0025382945322496,-0.0094781269830064,0.603988101175575,high,0.0015079176123162
2024-10-22,9812.1727,10001.3782,9798.8912,9904.6932,3626913.0,5607826492.0,600519.SH,3957.7755,0.0081339540373779,0.0057374758379338,0.0023964781994441,0.5958150754901992,high,-0.0087658152486518
2024-10-23,9910.94,10095.7559,9842.7878,10042.5735,4008846.0,6259600035.0,600519.SH,3973.2089,0.0139207037730355,0.0038995137546331,0.0100211900184024,0.5835390044334526,high,0.009186354431056
2024-10-24,10005.993,10084.7817,9916.005,9956.4687,2392280.0,3723973209.0,600519.SH,3928.8334,-0.0085739775765645,-0.0111686803077482,0.0025947027311836,0.5852146422635122,high,-0.0028161627595599
2024-10-25,9927.2043,10083.5999,9921.6328,9993.8933,2774508.0,4328271351.0,600519.SH,3956.421,0.0037588226436147,0.0070218299406636,-0.0032630072970489,0.5849379723361998,high,0.0036779070485174
2024-10-28,10000.3652,10028.5041,9787.8045,10028.5041,3912140.0,6064453668.0,600519.SH,3964.1569,0.0034631948692107,0.0019552772568944,0.0015079176123162,0.5839075285485863,high,-0.0058185670741763
2024-10-29,10000.3652,10112.9206,9831.5322,9840.6492,4116578.0,6368105233.0,600519.SH,3924.649,-0.0187320958466776,-0.0099662805980258,-0.0087658152486518,0.538371088750729,high,-0.0089920039010671
2024-10-30,9803.3934,9950.7846,9794.4453,9842.7878,3200574.0,4913175983.0,600519.SH,3889.4487,0.0002173230603526,-0.0089690313707034,0.009186354431056,0.5369538267024039,high,0.0016774689430406
2024-10-31,9843.6319,9887.8099,9775.2546,9819.0949,2995735.0,4575545180.0,600519.SH,3891.0396,-0.0024071330685397,0.0004090296910201,-0.0028161627595599,0.4559535357566899,high,0.0135333465040743
2024-11-01,9780.8823,9916.6803,9779.7568,9852.6364,3228392.0,4954302212.0,600519.SH,3890.0203,0.0034159462090543,-0.000261960839463,0.0036779070485174,0.40366113780246105,high,-0.010944069200321
2024-11-04,9915.5548,9944.0876,9820.6144,9933.9576,2909292.0,4481761764.0,600519.SH,3944.7619,0.0082537502348103,0.0140723173089867,-0.0058185670741763,0.321482590426553,high,-0.0131458597418157
2024-11-05,9887.8099,10099.9767,9865.3551,10095.981,4564047.0,7134443464.0,600519.SH,4044.5725,0.0163100555210744,0.0253020594221415,-0.0089920039010671,0.3288438695350634,high,-0.0004788272945667
2024-11-06,10084.7817,10163.5142,10007.2311,10062.2707,3763143.0,5916917616.0,600519.SH,4024.2831,-0.0033389821157547,-0.0050164510587954,0.0016774689430406,0.23285300413968632,mid,-0.0054302714831282
2024-11-07,10014.2095,10526.5614,10013.3091,10502.0243,7473872.0,12074951757.0,600519.SH,4145.6952,0.043703217008463,0.0301698705043886,0.0135333465040743,0.2673496073273897,mid,0.0147194206708808
2024-11-08,10568.1506,10603.1553,10231.1599,10281.5847,6077120.0,9885645907.0,600519.SH,4104.047,-0.0209902009082191,-0.010046131707898,-0.010944069200321,0.26948751898083706,mid,0.0092589059621734
2024-11-11,10169.1982,10281.4721,10040.8289,10214.2766,4385365.0,6957095385.0,600519.SH,4131.1312,-0.0065464713819844,0.0065993883598312,-0.0131458597418157,0.2705096140955534,mid,0.0046487746466793
2024-11-12,10163.5704,10354.9145,10078.8726,10097.1628,4922266.0,7844798676.0,600519.SH,4085.743,-0.0114656969442161,-0.0109868696496494,-0.0004788272945667,0.2561781712113899,mid,-0.0163281887785151
2024-11-13,10045.3874,10150.4015,10007.5688,10104.4789,2912526.0,4594445032.0,600519.SH,4110.8901,0.0007245698762032,0.0061548413593315,-0.0054302714831282,0.24650081096998538,mid,-0.00059018866932
2024-11-14,10056.6429,10194.2418,10032.1621,10078.0284,2924814.0,4617144097.0,600519.SH,4039.6191,-0.0026177005525738,-0.0173371212234546,0.0147194206708808,0.2381535708607718,mid,-0.0007028198093246
2024-11-15,10051.0151,10134.3061,9960.9709,9994.7375,3376112.0,5295326892.0,600519.SH,3968.8308,-0.0082646026280298,-0.0175235085902033,0.0092589059621734,0.22196740713223045,mid,0.0098090369753104
2024-11-18,10011.6208,10090.3532,9972.2264,9994.7375,2709219.0,4237197499.0,600519.SH,3950.3806,0.0,-0.0046487746466793,0.0046487746466793,0.22020022508585657,mid,-0.0008080383151326
2024-11-19,10028.5041,10053.0974,9803.3934,9898.6152,3326643.0,5138831155.0,600519.SH,3976.8912,-0.0096172910994409,0.0067108976790741,-0.0163281887785151,0.22152856840885032,mid,0.008134299479661
2024-11-20,9904.6932,9966.4298,9838.8483,9914.8795,2134455.0,3292675257.0,600519.SH,3985.7727,0.001643088419075,0.002233277088395,-0.00059018866932,0.21554650230216751,mid,-0.011587809547338
2024-11-21,9909.5894,9938.4035,9842.7878,9916.6803,1826179.0,2810933515.0,600519.SH,3989.2979,0.0001816260096756,0.0008844458190002,-0.0007028198093246,0.2134557644162838,mid,0.0082238822583694
2024-11-22,9894.2818,9931.5376,9706.7084,9706.7084,3343611.0,5107288992.0,600519.SH,3865.6989,-0.0211736078655273,-0.0309826448408377,0.0098090369753104,0.22546298058612416,mid,-0.0069092806224952
2024-11-25,9724.6047,9842.7878,9643.9588,9654.6516,3318556.0,5011136234.0,600519.SH,3848.0909,-0.0053629714476639,-0.0045549331325313,-0.0008080383151326,0.22513417564036592,mid,-0.0083521538293553
2024-11-26,9654.6516,9768.9515,9600.1185,9713.3492,2574479.0,3876885984.0,600519.SH,3840.1847,0.0060797222346171,-0.0020545772450438,0.008134299479661,0.21748647652506048,mid,-8.005687765755276e-05
2024-11-27,9713.3492,9787.3543,9690.8381,9769.9082,2593417.0,3927607772.0,600519.SH,3907.0447,0.0058228113532661,0.0174106209006041,-0.011587809547338,0.21866017560956819,mid,0.0015332094908856
2024-11-28,9786.5101,9803.3371,9673.9548,9763.999,2395203.0,3627662382.0,600519.SH,3872.5505,-0.0006048367987736,-0.0088287190571431,0.0082238822583694,0.21852145263610367,mid,-0.0028996518147245
2024-11-29,9758.3713,9972.2264,9737.0421,9807.558,3608810.0,5534035503.0,600519.SH,3916.5832,0.0044611843979092,0.0113704650204045,-0.0069092806224952,0.21878170996782945,mid,-0.0073528723088114
2024-12-02,9809.0212,9831.476,9747.6785,9803.3934,2681954.0,4086609952.0,600519.SH,3947.632,-0.0004246316973093,0.007927522132046,-0.0083521538293553,0.21652270688519892,mid,0.0003819427047532
2024-12-03,9797.7656,9825.3417,9753.1937,9813.1857,2480662.0,3777197199.0,600519.SH,3951.8912,0.0009988684122377,0.0010789252898952,-8.005687765755276e-05,0.20731248907567162,mid,0.0086824285744171
2024-12-04,9775.6485,9795.8522,9718.9769,9775.2546,2392389.0,3626565544.0,600519.SH,3930.5568,-0.0038653196993917,-0.0053985291902773,0.0015332094908856,0.20738821990043646,mid,-0.0045283391576952
2024-12-05,9723.8168,9763.2112,9718.9769,9724.6047,1614147.0,2441318387.0,600519.SH,3921.5881,-0.0051814404915857,-0.0022817886768612,-0.0028996518147245,0.12115168510776118,low,0.0072855812286503
2024-12-06,9735.8602,9881.6194,9708.1153,9780.9386,3203969.0,4883148600.0,600519.SH,3973.1405,0.0057929244157348,0.0131457967245463,-0.0073528723088114,0.10728681168437776,low,-0.0025889269901304
2024-12-09,9786.6227,9829.9565,9736.9858,9768.5013,1979986.0,3008173586.0,600519.SH,3966.5708,-0.0012715855306565,-0.0016535282354097,0.0003819427047532,0.10625814197870861,low,0.0101490195627123
2024-12-10,10056.6429,10111.4011,9916.9617,9924.8969,6031210.0,9421340719.0,600519.SH,3995.6369,0.0160101939076364,0.0073277653332193,0.0086824285744171,0.11855364196103205,low,0.0150534695368018
2024-12-11,9887.8099,9972.2264,9837.0475,9863.0477,2967112.0,4569662604.0,600519.SH,3988.8308,-0.0062317221652953,-0.0017033830076,-0.0045283391576952,0.11990490696912312,low,0.0025429299357502
2024-12-12,9842.9003,10034.1318,9825.9045,10033.0063,4193652.0,6510547810.0,600519.SH,4028.5048,0.0172318542066869,0.0099462729780366,0.0072855812286503,0.13632796067929873,low,-0.0123632693115661
2024-12-13,9944.1438,9972.1701,9768.9515,9769.6268,4951197.0,7580908315.0,600519.SH,3933.1808,-0.026251304157957,-0.0236623771678265,-0.0025889269901304,0.1628337299824354,low,0.0015905932823903
2024-12-16,9780.8823,9825.9045,9722.9726,9815.7745,3253710.0,4945298799.0,600519.SH,3911.8416,0.0047235888273644,-0.0054254307353478,0.0101490195627123,0.16411063195328746,low,0.0010405972672804
2024-12-17,9808.9649,10051.0151,9780.9386,9989.1097,5417163.0,8398945449.0,600519.SH,3922.0334,0.0176588408790361,0.0026053713422342,0.0150534695368018,0.17310257469302096,low,-0.0057413077606736
2024-12-18,9988.9409,10096.0373,9927.767,10065.0845,4116226.0,6440801971.0,600519.SH,3941.89,0.0076057629039754,0.0050628329682251,0.0025429299357502,0.17490396947625644,low,-0.0054431846324073
2024-12-19,10029.2919,10044.9934,9945.9447,9949.7716,2480932.0,3862602665.0,600519.SH,3945.4635,-0.0114567244815481,0.000906544830018,-0.0123632693115661,0.1802555859324858,low,-0.0017124098604497
2024-12-20,9972.2939,10032.3422,9909.7694,9920.9124,2815774.0,4307425535.0,600519.SH,3927.7441,-0.0029004886906148,-0.0044910819730051,0.0015905932823903,0.16225137334820594,low,0.0022845950464016
2024-12-23,9926.5402,10010.9567,9892.7736,9945.956,2160269.0,3300971424.0,600519.SH,3933.5718,0.002524324274852,0.0014837270075716,0.0010405972672804,0.16046316158360976,low,-0.0067706927070668
2024-12-24,9937.7957,10044.7233,9918.605,10015.5715,2210492.0,3394160299.0,600519.SH,3983.6882,0.006999377435412,0.0127406851960856,-0.0057413077606736,0.16084130316113787,low,0.0154734972179608
2024-12-25,10015.4589,10015.4589,9943.9863,9965.9346,1712339.0,2621061878.0,600519.SH,3985.6291,-0.0049559728069435,0.0004872118254637,-0.0054431846324073,0.16162086960822947,low,0.0087041627748889
2024-12-26,9988.4456,10015.3463,9926.5402,9953.4972,1828651.0,2798840003.0,600519.SH,3987.4801,-0.0012479913323935,0.0004644185280562,-0.0017124098604497,0.1617239403293079,low,0.0043197443376311
2024-12-27,9959.744,9999.7012,9906.843,9960.138,2075932.0,3170191445.0,600519.SH,3981.0307,0.0006671825858353,-0.0016174124605663,0.0022845950464016,0.16121033465036003,low,-0.0187570271621557
2024-12-30,9988.2768,10044.4982,9937.7957,9937.7957,2512982.0,3849542646.0,600519.SH,3999.0549,-0.0022431717311547,0.0045275209759121,-0.0067706927070668,0.16152567405119894,low,-0.0070808002585605
2024-12-31,9940.0468,10050.351,9920.9687,9932.168,3935445.0,6033540366.0,600519.SH,3934.9109,-0.0005662925833744,-0.0160397898013353,0.0154734972179608,0.16158670129534586,low,0.0031832559542809
2025-01-02,9932.168,9934.9256,9684.5462,9729.5684,5002870.0,7490883773.0,600519.SH,3820.3952,-0.0203983259244103,-0.0291024886992993,0.0087041627748889,0.17758240048484578,low,0.0033554476660103
2025-01-03,9766.1489,9768.9065,9611.4416,9656.4074,3262836.0,4836610288.0,600519.SH,3775.1648,-0.0075194496808306,-0.0118391940184617,0.0043197443376311,0.17864743339759853,low,0.0077910143698717
2025-01-06,9532.5966,9586.9608,9418.9157,9459.4356,4425512.0,6392479712.0,600519.SH,3768.9697,-0.0203980416153526,-0.0016410144531968,-0.0187570271621557,0.1906068426921791,low,0.0074294261409582
2025-01-07,9485.661,9526.3497,9453.8078,9460.5612,2422118.0,3494634227.0,600519.SH,3796.1055,0.0001189923001325,0.007199792558693,-0.0070808002585605,0.19070260660553606,low,-0.0094059042960239
2025-01-08,9459.4356,9525.9558,9384.3612,9473.505,3525821.0,5071821246.0,600519.SH,3789.2153,0.0013681852192868,-0.001815070734994,0.0031832559542809,0.1795985025049895,low,0.0056983440016771
2025-01-09,9510.0292,9597.7661,9419.9287,9481.9467,2970565.0,4295852736.0,600519.SH,3779.8773,0.000891085189695,-0.0024643624763153,0.0033554476660103,0.1792906165032674,low,-0.0156854625423784
2025-01-10,9499.3927,9526.6874,9436.9245,9436.9245,2187195.0,3154677598.0,600519.SH,3732.4806,-0.0047482021808877,-0.0125392165507595,0.0077910143698717,0.16453971032236442,low,0.0018139349165529
2025-01-13,9375.0191,9484.4229,9358.1921,9481.8341,2108251.0,3030806870.0,600519.SH,3722.513,0.0047589233123568,-0.0026705028286013,0.0074294261409582,0.14166500990325384,low,0.0072780363789013
2025-01-14,9487.293,9677.1176,9470.6911,9642.338,3095657.0,4535651504.0,600519.SH,3820.5395,0.0169275161648314,0.0263334204608554,-0.0094059042960239,0.15474504688084734,low,-0.0046432784475437
2025-01-15,9611.3853,9654.1563,9572.0472,9635.4158,1839934.0,2701518712.0,600519.SH,3796.026,-0.0007178964271942,-0.0064162404288713,0.0056983440016771,0.13849454454823212,low,-0.0065983195875266
2025-01-16,9650.7797,9699.5161,9470.6911,9495.3407,2634213.0,3840411437.0,600519.SH,3800.3836,-0.0145375251994833,0.001147937342895,-0.0156854625423784,0.14090740706359572,low,-0.0005825704390571
2025-01-17,9495.397,9577.6187,9495.3407,9542.4452,1830894.0,2663227309.0,600519.SH,3812.3429,0.0049608014591828,0.0031468665426299,0.0018139349165529,0.1396864461525223,low,-0.0118127043719983
2025-01-20,9577.6187,9739.6421,9571.9909,9655.2819,3140975.0,4647626351.0,600519.SH,3829.6764,0.0118247155351753,0.004546679156274,0.0072780363789013,0.14802873991075005,low,0.0035156244089471
2025-01-21,9690.174,9695.8018,9600.1298,9617.8572,1685604.0,2481821229.0,600519.SH,3832.6145,-0.0038760856894296,0.000767192758114,-0.0046432784475437,0.14756999046797226,low,-0.0128491870109743
2025-01-22,9590.3937,9616.7317,9448.1801,9465.0634,2829384.0,4088101682.0,600519.SH,3797.0166,-0.0158864700133,-0.0092881504257733,-0.0065983195875266,0.15210130546996903,low,-0.0070845614843073
2025-01-23,9515.5444,9617.0131,9448.1801,9476.3189,2712504.0,3932700850.0,600519.SH,3803.7439,0.0011891626631894,0.0017717331022466,-0.0005825704390571,0.15249831917874865,low,0.0010272543505456
2025-01-24,9470.6911,9503.2759,9404.9025,9436.9245,3136034.0,4515322685.0,600519.SH,3832.8637,-0.0041571416512798,0.0076555627207184,-0.0118127043719983,0.15253833937819816,low,-0.0048249820245471
2025-01-27,9442.5523,9481.7778,9386.3872,9431.2405,2935646.0,4213534543.0,600519.SH,3817.0802,-0.0006023148749361,-0.0041179392838832,0.0035156244089471,0.1522420863700677,low,-0.003483095392307
2025-02-05,9459.4356,9476.3189,9246.7623,9255.7105,4075652.0,5753730034.0,600519.SH,3795.0848,-0.0186115495623296,-0.0057623625513553,-0.0128491870109743,0.16236863780923294,low,0.0056127282964042
2025-02-06,9234.3812,9358.0795,9234.3812,9306.5855,2735582.0,3859568163.0,600519.SH,3842.8314,0.0054966066624491,0.0125811681467564,-0.0070845614843073,0.16522224663120832,low,0.0168566396816205
2025-02-07,9311.3128,9474.518,9253.5156,9436.9245,3724207.0,5310850624.0,600519.SH,3892.7028,0.0140050290195046,0.0129777746689589,0.0010272543505456,0.16282737843454245,low,-0.002846052480683
2025-02-10,9448.1801,9459.4356,9386.7811,9411.6559,2083979.0,2988101756.0,600519.SH,3901.0618,-0.0026776308319516,0.0021473511925955,-0.0048249820245471,0.16134405694530737,low,-0.0040997898947237
2025-02-11,9431.0154,9436.6994,9323.8064,9335.6247,2357283.0,3348668867.0,600519.SH,3883.1352,-0.0080784083914499,-0.0045953129991428,-0.003483095392307,0.14724609576962033,low,0.0107429193453816
2025-02-12,9335.6247,9487.5744,9329.3216,9476.3189,2547579.0,3644170477.0,600519.SH,3919.8617,0.0150706786659922,0.0094579503695879,0.0056127282964042,0.1574494391320198,low,0.0023279370047619
2025-02-13,9476.4315,9657.8144,9428.5392,9600.4674,4338536.0,6335985851.0,600519.SH,3905.1398,0.0131009204428524,-0.003755719238768,0.0168566396816205,0.1640431921004563,low,-0.0069572420201798
2025-02-14,9600.4674,9667.6629,9561.9735,9656.4074,2709992.0,3978694098.0,600519.SH,3939.0085,0.0058267996410259,0.0086728521217089,-0.002846052480683,0.16504534003575716,low,-0.0043247731234794
2025-02-17,9690.174,9768.8502,9611.9481,9637.3856,3247059.0,4804663813.0,600519.SH,3947.3983,-0.0019698630362261,0.0021299268584975,-0.0040997898947237,0.1640618362172858,low,-0.0030925120715135
2025-02-18,9628.2686,9757.6509,9583.6967,9656.4074,2779992.0,4113845397.0,600519.SH,3912.7829,0.0019737510554729,-0.0087691682899087,0.0107429193453816,0.1635355465179221,low,-0.0034756118867124
2025-02-19,9656.6888,9765.8112,9599.567,9746.4517,3239331.0,4803378441.0,600519.SH,3940.1602,0.0093248240541301,0.0069968870493681,0.0023279370047619,0.15573243462373107,low,-0.0051890244808479
2025-02-20,9701.4295,9751.9106,9647.3467,9650.7797,2374973.0,3513552984.0,600519.SH,3928.8959,-0.0098160851707704,-0.0028588431505905,-0.0069572420201798,0.16002975602708075,low,0.0129574787034107
2025-02-21,9684.5462,9778.6988,9645.2082,9730.7502,3641783.0,5418169587.0,600519.SH,3978.444,0.0082864289193131,0.0126112020427926,-0.0043247731234794,0.1526245140613322,low,0.0284953913945328
2025-02-24,9729.5684,9794.4002,9650.7797,9679.3124,3474373.0,5157907322.0,600519.SH,3969.7169,-0.0052861083619225,-0.002193596290409,-0.0030925120715135,0.15366785484349288,low,-0.0075014796147557
2025-02-25,9628.3249,9647.3467,9526.9688,9538.2243,2838743.0,4142814459.0,600519.SH,3925.6505,-0.0145762523379243,-0.0111006404512119,-0.0034756118867124,0.1569875997092907,low,-0.0089500436008798
2025-02-26,9546.3846,9599.9046,9487.5744,9572.0472,2636609.0,3835949041.0,600519.SH,3959.9413,0.0035460373897897,0.0087350618706376,-0.0051890244808479,0.15712086145235435,low,-0.0066514907044185
2025-02-27,9572.1035,9740.2611,9538.2243,9715.8366,4976217.0,7368002361.0,600519.SH,3968.1159,0.0150218022326509,0.0020643235292401,0.0129574787034107,0.15445535173172148,low,0.0094499227419946
2025-02-28,9715.499,9956.8176,9695.8018,9801.5475,5612895.0,8475738166.0,600519.SH,3890.0487,0.0088217724863755,-0.0196736189081573,0.0284953913945328,0.1567075348920211,low,0.0116878846629582
2025-03-03,9811.7338,9915.2284,9692.9879,9724.0532,3159566.0,4736679903.0,600519.SH,3888.4738,-0.0079063331581059,-0.0004048535433501,-0.0075014796147557,0.15912368073806507,low,0.0049355165081244
2025-03-04,9712.6851,9718.3128,9601.3116,9628.8876,2521121.0,3710675863.0,600519.SH,3885.2208,-0.0097866186087917,-0.0008365750079118,-0.0089500436008798,0.16403330568198912,low,0.0114059530554142
2025-03-05,9639.5241,9650.7797,9572.5537,9607.8398,2460522.0,3606932152.0,600519.SH,3902.5706,-0.002185901515768,0.0044655891886504,-0.0066514907044185,0.14738715819965292,low,0.00019005035805
2025-03-06,9650.7797,9854.5048,9639.9743,9830.7556,4216764.0,6297117400.0,600519.SH,3956.2369,0.0232014484671154,0.0137515257251208,0.0094499227419946,0.16540017604027143,low,0.0012885025168826
2025-03-07,9813.9849,9956.705,9813.9849,9915.2847,3799135.0,5760608729.0,600519.SH,3944.0143,0.0085984336748234,-0.0030894509881347,0.0116878846629582,0.16161001307524958,low,0.0264548497225551
2025-03-10,9908.5876,9948.3759,9831.6561,9925.9774,3136907.0,4758789260.0,600519.SH,3928.8018,0.0010784057466346,-0.0038571107614897,0.0049355165081244,0.1605529449463855,low,0.0077088688965498
2025-03-11,9892.7736,10071.0612,9864.6348,10071.0612,3977560.0,6094007854.0,600519.SH,3941.4157,0.0146165756935936,0.0032106226381793,0.0114059530554142,0.16053311274603768,low,-0.0101134178169395
2025-03-12,10061.3815,10076.689,9945.3932,10036.7319,2960396.0,4552923644.0,600519.SH,3927.2315,-0.0034087073167621,-0.0035987576748122,0.00019005035805,0.15675429047231637,low,0.0056692214503184
2025-03-13,10044.7233,10109.4426,9970.887,10009.6623,2572439.0,3966369271.0,600519.SH,3911.5793,-0.0026970532111155,-0.0039855557279981,0.0012885025168826,0.1531385405897867,low,-0.0081261842917498
2025-03-14,10065.3209,10517.5119,10027.84,10517.5119,9291315.0,14882842708.0,600519.SH,4006.5567,0.0507359374151912,0.024281087692636,0.0264548497225551,0.23078909485719762,mid,-0.0012281002908931
2025-03-17,10680.6609,10686.2323,10511.1525,10572.9454,5468913.0,8985138902.0,600519.SH,3996.7876,0.0052705906612762,-0.0024382782352736,0.0077088688965498,0.22957535587509126,mid,-5.049164375847681e-05
2025-03-18,10613.3528,10652.522,10482.0007,10494.9446,3161345.0,5153210436.0,600519.SH,4007.7229,-0.0073773955174307,0.0027360222995087,-0.0101134178169395,0.23343729435532584,mid,-0.0034632386432966
2025-03-19,10496.5766,10630.011,10489.3168,10560.8457,2738955.0,4477128770.0,600519.SH,4010.168,0.0062793185206522,0.0006100970703337,0.0056692214503184,0.23281264380387037,mid,0.0035655965239455
2025-03-20,10560.8457,10571.4822,10332.1333,10382.3892,3673677.0,5903879207.0,600519.SH,3974.9918,-0.0168979364976424,-0.0087717522058926,-0.0081261842917498,0.2396909935044568,mid,0.003824312355549
2025-03-21,10354.2504,10428.5369,10184.4607,10212.1493,3361430.0,5324973190.0,600519.SH,3914.6956,-0.0163969869285963,-0.0151688866377032,-0.0012281002908931,0.24933764991703003,mid,0.0023142632569759
2025-03-24,10191.0452,10301.6871,10148.1616,10264.2062,2556585.0,4032223482.0,600519.SH,3934.8486,0.0050975459201327,0.0051480375638912,-5.049164375847681e-05,0.24773822225704614,mid,-0.0061419739756662
2025-03-25,10292.345,10319.3583,10172.2485,10221.9979,1767438.0,2783286813.0,600519.SH,3932.2951,-0.0041121835607706,-0.000648944917474,-0.0034632386432966,0.2405427802671104,mid,-0.002861195378682
2025-03-26,10206.6341,10261.8425,10196.673,10224.8118,1432356.0,2257639750.0,600519.SH,3919.3566,0.0002752788669619,-0.0032903176569835,0.0035655965239455,0.24082800835219226,mid,-0.0030472577937159
2025-03-27,10224.8118,10350.0296,10210.0671,10297.9728,1795563.0,2848889210.0,600519.SH,3932.4117,0.0071552417228843,0.0033309293673353,0.003824312355549,0.2373922908996571,mid,0.0169866359268467
2025-03-28,10308.8343,10320.4838,10224.8118,10276.6435,1622789.0,2569470015.0,600519.SH,3915.1662,-0.0020712134722281,-0.004385476729204,0.0023142632569759,0.23700885186950665,mid,0.0323942448194699
2025-03-31,10252.8381,10286.4921,10135.1052,10140.3953,2108494.0,3311857714.0,600519.SH,3887.3056,-0.0132580448081126,-0.0071160708324463,-0.0061419739756662,0.24084765442675393,mid,0.0087664244444303
2025-04-01,10157.2786,10190.4261,10090.9272,10112.369,1855644.0,2893739955.0,600519.SH,3887.6841,-0.0027638271655937,9.736821308825584e-05,-0.002861195378682,0.2374762297065802,mid,-0.0120880574239934
2025-04-02,10123.512,10178.6641,10053.1649,10072.9747,2167401.0,3371883024.0,600519.SH,3884.3858,-0.0038956549152824,-0.0008483971215664,-0.0030472577937159,0.23800608946860635,mid,-0.0086392911642578
2025-04-03,9965.9346,10281.0895,9960.3631,10184.7421,3548050.0,5557442052.0,600519.SH,3861.5034,0.0110957689588953,-0.0058908669679514,0.0169866359268467,0.22767654964504852,mid,0.0070394838295384
2025-04-07,9909.7132,10004.4848,9583.2465,9797.1016,10195267.0,15314738235.0,600519.SH,3589.4406,-0.0380609048509926,-0.0704551496704626,0.0323942448194699,0.26633721460095366,mid,-0.0116874391997887
2025-04-08,9870.2625,10050.351,9768.9627,10050.351,7387649.0,11226977557.0,600519.SH,3650.759,0.0258494206082338,0.0170829961638034,0.0087664244444303,0.2822803866859868,mid,0.0027955546519897
2025-04-09,9937.9083,10116.7587,9912.7522,10028.0651,5563004.0,8562928225.0,600519.SH,3686.7943,-0.0022174250431652,0.0098706323808281,-0.0120880574239934,0.27761581890327663,mid,-0.0024298484488023
2025-04-10,10084.0614,10106.6287,9954.679,10072.8621,3862021.0,5963650791.0,600519.SH,3735.1151,0.0044671628627541,0.013106454027012,-0.0086392911642578,0.2777671300597345,mid,0.0061751778170711
2025-04-11,10247.154,10247.154,10050.351,10185.3049,3263423.0,5087359924.0,600519.SH,3750.5167,0.0111629444425729,0.0041234606130344,0.0070394838295384,0.2801149259465801,mid,-0.0023218042675005
2025-04-14,10140.2265,10168.5341,10087.1004,10089.6891,2171144.0,3379425640.0,600519.SH,3759.1422,-0.009387622750498,0.0022998164492906,-0.0116874391997887,0.21146306059165954,mid,-0.0115444972792688
2025-04-15,10089.7454,10162.9064,10050.351,10123.512,2148928.0,3339942729.0,600519.SH,3761.2348,0.0033522242028252,0.0005566695508354,0.0027955546519897,0.21069779391164176,mid,-0.0009824805205725
2025-04-16,10089.7454,10224.8118,10005.3289,10130.0965,3115605.0,4834880596.0,600519.SH,3772.8204,0.0006504165748011,0.0030802650236034,-0.0024298484488023,0.209949079966878,mid,0.0010136775823468
2025-04-17,10101.0009,10227.6257,10078.4336,10191.0452,2384605.0,3733924973.0,600519.SH,3772.2221,0.0060165961893847,-0.0001585816276863,0.0061751778170711,0.2098189464457301,mid,0.0008062239066023
2025-04-18,10168.5341,10219.184,10112.2565,10168.1965,2029848.0,3179974340.0,600519.SH,3772.523,-0.0022420369600558,7.976730744463367e-05,-0.0023218042675005,0.2020415152557907,mid,-0.0019514429070093
2025-04-21,10165.7203,10165.7203,10084.1176,10084.1176,1805703.0,2808158177.0,600519.SH,3784.8806,-0.0082688114849078,0.0032756857943609,-0.0115444972792688,0.1957696142395315,mid,0.0014193052394039
2025-04-22,10078.4899,10113.9448,10040.2773,10071.7366,1843214.0,2857525967.0,600519.SH,3783.9522,-0.0012277722742939,-0.0002452917537213,-0.0009824805205725,0.19463035497253572,mid,-0.0016203896163162
2025-04-23,10129.1398,10130.3779,10050.351,10089.7454,1866876.0,2895468892.0,600519.SH,3786.8824,0.0017880531148917,0.0007743755325448,0.0010136775823468,0.19445515326652235,mid,0.0028744839616363
2025-04-24,10089.7454,10138.5944,10072.7496,10091.1524,1487181.0,2313372072.0,600519.SH,3784.3574,0.0001394485137355,-0.0006667753928667,0.0008062239066023,0.19444783626772402,mid,-0.0082807447477417
2025-04-25,10118.447,10141.5209,10078.4899,10078.4899,1476490.0,2295029705.0,600519.SH,3786.9937,-0.0012548120866751,0.0006966308203342,-0.0019514429070093,0.1922868028701681,low,-0.0033812758766054
2025-04-28,10089.7454,10106.6287,10059.3555,10078.4899,1465972.0,2274252465.0,600519.SH,3781.6188,0.0,-0.0014193052394039,0.0014193052394039,0.192275218755846,low,0.0073621153454781
2025-04-29,10078.4899,10092.7844,9977.3026,10044.7233,1892180.0,2917422938.0,600519.SH,3775.0767,-0.0033503630340494,-0.0017299734177331,-0.0016203896163162,0.18697447211231727,low,0.0088903832137667
2025-04-30,10078.4336,10172.2485,10057.6671,10061.6066,2575425.0,4005439429.0,600519.SH,3770.5705,0.0016808128502652,-0.0011936711113711,0.0028744839616363,0.18689712861606206,low,-0.0042871562444719
2025-05-06,10129.1398,10129.1398,10046.5804,10079.6154,1830026.0,2838614215.0,600519.SH,3808.5424,0.001789853322232,0.0100705980699737,-0.0082807447477417,0.18648921256378947,low,-0.0091468864297191
2025-05-07,10191.0452,10191.0452,10079.6154,10106.6287,2746221.0,4275142569.0,600519.SH,3831.627,0.0026799931275154,0.0060612690041208,-0.0033812758766054,0.1822518708413179,low,0.0123547458301633
2025-05-08,10095.3732,10319.2457,10077.5332,10237.1366,3348106.0,5265446444.0,600519.SH,3852.8963,0.0129130993008579,0.0055509839553797,0.0073621153454781,0.12217079076303208,low,0.007543940844392
2025-05-09,10241.6388,10345.5274,10219.4654,10310.2413,2367190.0,3757574546.0,600519.SH,3846.1566,0.0071411277251101,-0.0017492554886566,0.0088903832137667,0.0872514901598346,low,-0.004910889402926
2025-05-12,10348.6227,10466.4118,10340.8001,10385.2031,2473533.0,3967785800.0,600519.SH,3890.6096,0.0072706154801633,0.0115577717246353,-0.0042871562444719,0.08867885289971407,low,-0.0158788281757691
2025-05-13,10410.0779,10410.0779,10276.0807,10305.2889,2125829.0,3386617848.0,600519.SH,3896.2583,-0.0076950059840429,0.0014518804456762,-0.0091468864297191,0.09410782468744969,low,-0.0015653465062421
2025-05-14,10303.6005,10613.1277,10293.358,10556.7937,3946012.0,6394735058.0,600519.SH,3943.2108,0.024405409924995,0.0120506640948316,0.0123547458301633,0.12074912814147655,low,-0.0074248489570386
2025-05-15,10555.7244,10605.1925,10495.6762,10540.023,2473285.0,4043402636.0,600519.SH,3907.1992,-0.0015886168164866,-0.0091325576608787,0.007543940844392,0.1141407345554779,low,0.0001098966386394
2025-05-16,10551.166,10568.0493,10439.3985,10439.3985,2293522.0,3714508659.0,600519.SH,3889.0854,-0.0095468956756545,-0.0046360062727285,-0.004910889402926,0.12138270353097151,low,0.0040075237130037
2025-05-19,10337.3671,10359.8782,10212.8809,10241.5825,3806283.0,6021950010.0,600519.SH,3877.1453,-0.0189489844649572,-0.0030701562891881,-0.0158788281757691,0.1415959096035722,low,-0.0064768061766636
2025-05-20,10247.3229,10330.6138,10219.7468,10281.0895,1952153.0,3095742637.0,600519.SH,3898.1705,0.003857509325341,0.0054228558315831,-0.0015653465062421,0.1407020313917401,low,0.0016807102221712
2025-05-21,10275.4617,10337.0295,10252.7818,10252.7818,1979464.0,3143941416.0,600519.SH,3916.3807,-0.0027533755055823,0.0046714734514563,-0.0074248489570386,0.1408447326799237,low,-0.0030429630964677
2025-05-22,10252.8944,10275.4054,10191.608,10247.3229,1509024.0,2381236586.0,600519.SH,3913.8651,-0.00053243111055,-0.0006423277491894,0.0001098966386394,0.13711963194336788,low,-0.0041680996064168
2025-05-23,10220.3096,10291.7822,10200.3873,10205.6774,2153700.0,3399424961.0,600519.SH,3882.2741,-0.0040640370569369,-0.0080715607699406,0.0040075237130037,0.13805289365165024,low,-0.0053215904371107
2025-05-26,10191.0452,10217.1018,10050.351,10081.3038,2708653.0,4212944430.0,600519.SH,3860.1067,-0.0121867069793917,-0.005709900802728,-0.0064768061766636,0.1453089579550837,low,-0.0104420393828216
2025-05-27,10084.1176,10126.8887,10041.9657,10044.1605,1775213.0,2748945675.0,600519.SH,3839.3969,-0.0036843746341618,-0.005365084856333,0.0016807102221712,0.1458922934367563,low,-0.0037946233963204
2025-05-28,10044.667,10058.5676,9982.8179,10005.3289,1626568.0,2504624605.0,600519.SH,3836.2366,-0.0038660871657715,-0.0008231240693037,-0.0030429630964677,0.14643770631494196,low,2.9555508111789308e-05
2025-05-29,10022.2122,10106.6287,9977.1901,10022.2122,2185958.0,3375465796.0,600519.SH,3858.6998,0.0016874307850089,0.0058555303914258,-0.0041680996064168,0.14660961282264703,low,-0.0034154550714178
2025-05-30,10023.0564,10050.351,9882.8687,9920.9124,3123918.0,4764875947.0,600519.SH,3840.2323,-0.0101075289545357,-0.0047859385174249,-0.0053215904371107,0.1504236550024022,low,-0.0145139047310245
2025-06-03,9842.18,9904.0291,9825.353,9847.7515,2897918.0,4377892799.0,600519.SH,3852.0127,-0.0073744124582734,0.0030676269245482,-0.0104420393828216,0.15204608013802326,low,-0.0013362408190332
2025-06-04,9856.1931,9926.5402,9848.9896,9853.1541,2300809.0,3480363797.0,600519.SH,3868.7429,0.0005486125436857,0.0043432359400061,-0.0037946233963204,0.15180438795649567,low,-0.0046355676221978
2025-06-05,9875.8903,9887.1458,9809.4827,9875.8903,2321366.0,3504925524.0,600519.SH,3877.5557,0.0023075047613432,0.0022779492532314,2.9555508111789308e-05,0.15168733639398035,low,-0.0115803466115692
2025-06-06,9874.7647,9903.8603,9813.9849,9833.063,2502307.0,3777727616.0,600519.SH,3873.9841,-0.0043365508019058,-0.000921095730488,-0.0034154550714178,0.14262274105250838,low,-0.0116563504884243
2025-06-09,9825.353,9846.0631,9716.512,9718.9319,4495867.0,6723839138.0,600519.SH,3885.2459,-0.0116068716329795,0.0029070330980449,-0.0145139047310245,0.14225759686576675,low,-0.0052817928429539
2025-06-10,9718.3128,9752.0794,9655.2819,9656.4637,3049220.0,4511934584.0,600519.SH,3865.4652,-0.0064274758422784,-0.0050912350232451,-0.0013362408190332,0.13748440913557264,low,0.0037139342729689
2025-06-11,9666.5374,9763.335,9662.598,9684.5462,3089282.0,4585522755.0,600519.SH,3894.6252,0.0029081557050745,0.0075437233272723,-0.0046355676221978,0.13843968162308828,low,-0.0023856434591909
2025-06-12,9684.5462,9706.3257,9538.7871,9566.3632,4990361.0,7306800800.0,600519.SH,3892.1992,-0.0122032563590848,-0.0006229097475155,-0.0115803466115692,0.09682561274716595,low,0.0088273529868923
2025-06-13,9484.2541,9515.5444,9375.3568,9385.9933,5911325.0,8466515559.0,600519.SH,3864.1822,-0.0188545946070707,-0.0071982441186463,-0.0116563504884243,0.10778071103656232,low,0.0006712752465072
2025-06-16,9241.0783,9375.2442,9240.9657,9359.7679,4288787.0,6060448438.0,600519.SH,3873.7951,-0.002794099586668,0.0024876932562858,-0.0052817928429539,0.10729757866925581,low,-0.0081136670282236
2025-06-17,9346.8803,9386.2746,9302.8711,9386.2746,2723151.0,3868364671.0,600519.SH,3870.3786,0.0028319826178595,-0.0008819516551094,0.0037139342729689,0.0983596964470814,low,-0.0016018115434315
2025-06-18,9459.4356,9478.7951,9352.5643,9375.0191,3076099.0,4404131364.0,600519.SH,3874.9708,-0.0011991445466554,0.0011864989125354,-0.0023856434591909,0.09433049707352373,low,-0.0151508886882347
2025-06-19,9380.6469,9423.8118,9331.01,9380.6469,2450072.0,3490268568.0,600519.SH,3843.0912,0.0006002974436607,-0.0082270555432315,0.0088273529868923,0.09593190869754913,low,0.0105924387575648
2025-06-20,9367.0277,9465.8513,9348.0058,9395.6167,3481581.0,4990683314.0,600519.SH,3846.6443,0.0015958174483681,0.0009245422018608,0.0006712752465072,0.09736191342906388,low,-0.0038662738681664
2025-06-23,9346.8803,9420.0412,9263.4768,9346.8803,2672331.0,3794012343.0,600519.SH,3857.9016,-0.005187142212815,0.0029265248154086,-0.0081136670282236,0.09740569774700183,low,0.0001948335510919
2025-06-24,9365.7333,9525.1679,9365.7333,9443.6779,3631151.0,5229183514.0,600519.SH,3904.0342,0.0103561398983573,0.0119579514417889,-0.0016018115434315,0.1059017078563287,low,-0.0043318842675215
2025-06-25,9454.4269,9511.2111,9349.7504,9436.1366,4105007.0,5869292227.0,600519.SH,3960.0662,-0.0007985554018101,0.0143523332864246,-0.0151508886882347,0.10623609748629118,low,0.0024547072670337
2025-06-26,9474.4786,9547.6396,9446.79,9502.6175,3486025.0,4955829982.0,600519.SH,3946.0195,0.0070453515901836,-0.0035470871673812,0.0105924387575648,0.1120863979725552,low,-0.0026072983910911
2025-06-27,9502.6737,9519.5007,9407.4519,9407.4519,3824973.0,5404312675.0,600519.SH,3921.7578,-0.010014672273192,-0.0061483984050256,-0.0038662738681664,0.11390043374338817,low,0.0003684370891632
2025-06-30,9409.7593,9464.5175,9401.3177,9443.6385,3045730.0,4287373691.0,600519.SH,3936.0791,0.0038465888940659,0.003651755342974,0.0001948335510919,0.11334041849826172,low,-0.0025373470019068
2025-07-01,9440.712,9457.2577,9408.69,9418.7637,1987819.0,2794423203.0,600519.SH,3942.762,-0.0026340271284208,0.0016978571391006,-0.0043318842675215,0.11184112020632618,low,-0.0051708689395066
2025-07-02,9443.5259,9473.3531,9390.0621,9444.0887,2621825.0,3689246316.0,600519.SH,3943.6849,0.0026887817559326,0.0002340744888988,0.0024547072670337,0.1127928829515725,low,0.0034079907098503
2025-07-03,9457.5953,9517.7561,9435.0843,9477.8553,2441267.0,3456733002.0,600519.SH,3968.0676,0.0035754217344441,0.0061827201255353,-0.0026072983910911,0.11353642499854068,low,-0.0001501515321193
2025-07-04,9478.4181,9569.5316,9446.3961,9515.1111,2876691.0,4086547268.0,600519.SH,3982.2034,0.0039308259960457,0.0035623889068825,0.0003684370891632,0.11509116488471696,low,-0.0008977031666124
2025-07-07,9515.4488,9522.3146,9446.3961,9450.2792,2385467.0,3370562659.0,600519.SH,3965.1746,-0.0068135725708972,-0.0042762255689903,-0.0025373470019068,0.11074870403570602,low,-0.0027178417043516
2025-07-08,9450.3355,9502.6175,9450.2792,9480.7254,1867370.0,2643302691.0,600519.SH,3998.4527,0.0032217249200423,0.008392593859549,-0.0051708689395066,0.11020802164823772,low,-0.0077938723912646
2025-07-09,9474.4786,9558.7263,9469.8076,9496.3144,2774532.0,3950810723.0,600519.SH,3991.4006,0.0016442834637948,-0.0017637072460554,0.0034079907098503,0.10971979861416574,low,0.0029694162968813
2025-07-10,9496.8209,9593.6747,9448.5909,9539.1979,3872503.0,5503329754.0,600519.SH,4010.0243,0.0045158045736144,0.0046659561057338,-0.0001501515321193,0.10282655010750527,low,-0.0036425076093038
2025-07-11,9520.4012,9716.4726,9520.4012,9542.0118,5724335.0,8239010390.0,600519.SH,4014.807,0.0002949828727214,0.0011926860393338,-0.0008977031666124,0.07535460226879766,low,0.0062931307143743
2025-07-14,9558.8951,9586.9214,9511.6219,9522.8774,2778094.0,3961736006.0,600519.SH,4017.6678,-0.0020052794317442,0.0007125622726074,-0.0027178417043516,0.07490134913169627,low,-0.0031490822056829
2025-07-15,9508.1327,9519.1068,9436.8851,9451.9676,3540578.0,5005150165.0,600519.SH,4019.0644,-0.0074462577875883,0.0003476146036762,-0.0077938723912646,0.08004801696641504,low,0.0046793105606521
2025-07-16,9446.3961,9488.4918,9446.0584,9452.1364,2128605.0,3006882579.0,600519.SH,4007.2019,1.7858715469998288e-05,-0.0029515575814113,0.0029694162968813,0.07984976860145948,low,0.0058719092062808
2025-07-17,9468.7383,9519.557,9462.5478,9482.0761,2310554.0,3273100406.0,600519.SH,4034.491,0.0031675061312066,0.0068100137405104,-0.0036425076093038,0.08044369193900057,low,0.0020698249108548
2025-07-18,9502.6175,9602.848,9482.2449,9598.2895,4182341.0,5984949774.0,600519.SH,4058.5486,0.0122561134053755,0.0059629826910012,0.0062931307143743,0.09054715810984142,low,-0.0154664263241112
2025-07-21,9598.2332,9653.4416,9587.0339,9632.0561,2620331.0,3779891829.0,600519.SH,4085.6072,0.0035179809902585,0.0066670631959415,-0.0031490822056829,0.08778220081719088,low,-0.0115790639721669
2025-07-22,9637.6838,9764.8714,9618.9997,9755.7544,4211898.0,6127636851.0,600519.SH,4118.9582,0.0128423566802107,0.0081630461195585,0.0046793105606521,0.09146831467454201,low,-0.0037179610583615
2025-07-23,9778.378,9924.6999,9778.0966,9814.9585,4504484.0,6676301462.0,600519.SH,4119.7685,0.0060686337081221,0.0001967245018412,0.0058719092062808,0.09228191614636186,low,0.0063036167359429
2025-07-24,9817.7724,9947.211,9812.1446,9905.0027,3880364.0,5786337377.0,600519.SH,4149.0368,0.0091741804104417,0.0071043554995868,0.0020698249108548,0.09412095677820821,low,0.0020581970128937
2025-07-25,9904.44,9904.44,9688.3337,9699.5893,4191126.0,6140078741.0,600519.SH,4127.1634,-0.0207383487134232,-0.005271922389312,-0.0154664263241112,0.11726768745376022,low,0.0023068516325968
2025-07-28,9688.3337,9699.533,9594.35,9607.6316,3858632.0,5560966386.0,600519.SH,4135.8242,-0.0094805766673027,0.0020984873048641,-0.0115790639721669,0.12320700677179086,low,-0.0027034355384414
2025-07-29,9612.9217,9664.6408,9587.0902,9609.545,2630408.0,3785848102.0,600519.SH,4152.0247,0.0001991541807242,0.0039171152390857,-0.0037179610583615,0.12254088074186865,low,-0.0028655412585307
2025-07-30,9637.6838,9711.7452,9598.2895,9668.2989,3186771.0,4612883040.0,600519.SH,4151.2379,0.0061141188266458,-0.0001894979092971,0.0063036167359429,0.12375248884962954,low,-0.0047211436364097
2025-07-31,9632.0561,9642.58,9491.3619,9512.0158,5179751.0,7386302758.0,600519.SH,4075.5912,-0.0161644878397377,-0.0182226848526315,0.0020581970128937,0.13777554267062947,low,-0.0011910972517559
2025-08-01,9513.1414,9536.1589,9468.8509,9485.7342,2963559.0,4200850790.0,600519.SH,4054.9286,-0.0027629895232089,-0.0050698411558057,0.0023068516325968,0.13743009466361233,low,0.0015410580432695
2025-08-04,9474.4786,9501.4919,9468.8509,9496.9897,1868795.0,2647105740.0,600519.SH,4070.7023,0.0011865713040957,0.0038900068425371,-0.0027034355384414,0.13517670582211316,low,0.0099494185977906
2025-08-05,9508.2452,9558.5574,9486.3532,9546.1764,2534227.0,3607931488.0,600519.SH,4103.45,0.0051791885169676,0.0080447297754984,-0.0028655412585307,0.13591801642777068,low,-0.0098156918666681
2025-08-06,9553.2673,9553.2673,9498.678,9524.4532,2369928.0,3372334940.0,600519.SH,4113.4852,-0.002275591722776,0.0024455519136337,-0.0047211436364097,0.1361460673184767,low,-0.0178654253313064
2025-08-07,9524.4532,9545.9513,9502.9551,9515.8427,2800134.0,3988765795.0,600519.SH,4114.666,-0.000904041399458,0.0002870558522978,-0.0011910972517559,0.13521449197346222,low,0.0048915982913632
2025-08-08,9519.7821,9539.1979,9491.3619,9508.0764,1865528.0,2651478118.0,600519.SH,4104.9669,-0.0008161442181047,-0.0023572022613742,0.0015410580432695,0.1352302789497387,low,-0.0098544220255267
2025-08-11,9522.3146,9682.6497,9519.5007,9643.3116,4715907.0,6794034090.0,600519.SH,4122.5106,0.0142231924009361,0.0042737738031455,0.0099494185977906,0.144236421688056,low,-0.0050212138412288
2025-08-12,9665.8227,9756.2609,9592.6617,9598.5146,4201923.0,6095342036.0,600519.SH,4143.8252,-0.0046453958824684,0.0051702959841997,-0.0098156918666681,0.14247854121831163,low,0.0093811930705618
2025-08-13,9530.7563,9579.6053,9502.6175,9502.8988,6552754.0,9325460101.0,600519.SH,4176.5776,-0.0099615205044329,0.0079039048268734,-0.0178654253313064,0.14752659848365418,low,-0.0043386194656138
2025-08-14,9507.9076,9657.4373,9507.9076,9541.9555,4812930.0,6897535330.0,600519.SH,4173.3131,0.0041099774733999,-0.0007816208179632,0.0048915982913632,0.14780647094224267,low,-0.0049221694500682
2025-08-15,9536.4403,9551.3539,9503.8556,9514.3232,4758165.0,6772436997.0,600519.SH,4202.3533,-0.0028958739117992,0.0069585481137275,-0.0098544220255267,0.1412677352813451,low,-0.0118263685061232
2025-08-18,9541.9555,9596.2635,9520.0635,9550.4535,4737798.0,6773477871.0,600519.SH,4239.4125,0.0037974640171987,0.0088186778584276,-0.0050212138412288,0.14137402436339994,low,-0.0056101491817412
2025-08-19,9578.5923,9652.6537,9570.1506,9603.9172,4637186.0,6678541001.0,600519.SH,4223.3741,0.0055980273606903,-0.0037831657098714,0.0093811930705618,0.1345568470678408,low,-0.0012364976069189
2025-08-20,9603.9172,9687.2082,9559.0077,9671.4504,4580466.0,6623095725.0,600519.SH,4271.3958,0.0070318390500077,0.0113704585156215,-0.0043386194656138,0.13524587207594024,low,-0.0042772249272721
2025-08-21,9690.8662,9699.533,9635.7141,9661.6018,3089057.0,4470441662.0,600519.SH,4288.0707,-0.0010183167562953,0.0039038526937729,-0.0049221694500682,0.13011657592867312,low,-0.0188116712981024
2025-08-22,9665.1473,9750.2392,9642.0172,9749.9578,4497058.0,6544867368.0,600519.SH,4377.9977,0.0091450674359192,0.0209714359420425,-0.0118263685061232,0.11270863560125406,low,0.0123833990391026
2025-08-25,9784.062,9930.3277,9761.4947,9898.4182,6532455.0,9676719498.0,600519.SH,4469.2217,0.0152267735969071,0.0208369227786484,-0.0056101491817412,0.1183045151288253,low,-0.0082241040138274
2025-08-26,9898.362,9920.3665,9840.3397,9849.3441,3960213.0,5883917000.0,600519.SH,4452.5905,-0.0049577719397629,-0.003721274332844,-0.0012364976069189,0.12046368649842636,low,0.0160644799696835
2025-08-27,9850.8636,9868.0283,9660.1949,9660.1949,5600609.0,8184169113.0,600519.SH,4386.1266,-0.0192042432551422,-0.0149270183278701,-0.0042772249272721,0.13902749194298675,low,0.0007110568110909
2025-08-28,9660.0261,9705.7798,9608.2506,9649.5021,3928177.0,5683673273.0,600519.SH,4463.782,-0.0011068927812213,0.0177047785168811,-0.0188116712981024,0.12542391375541634,low,0.0167053426078411
2025-08-29,9688.3337,9854.8031,9682.706,9840.2834,6225648.0,9159701454.0,600519.SH,4496.7591,0.019771103008517,0.0073877039694143,0.0123833990391026,0.14153053003330562,low,-0.0158511698274019
2025-09-01,9852.6645,9885.3055,9759.8064,9818.3351,4512338.0,6658918555.0,600519.SH,4523.7111,-0.0022304540537928,0.0059936499600345,-0.0082241040138274,0.14226852802962875,low,0.0087829986604817
2025-09-02,9832.7422,10003.4886,9829.0279,9903.8772,5668837.0,8470012816.0,600519.SH,4490.4528,0.0087124852766535,-0.0073519946930299,0.0160644799696835,0.14395628452028578,low,0.0091396176628002
2025-09-03,9902.1888,9972.5359,9761.4947,9843.3787,4504503.0,6656011145.0,600519.SH,4459.8296,-0.0061085672588914,-0.0068196240699823,0.0007110568110909,0.14605151249966153,low,0.0075383311597096
2025-09-04,9795.2613,9836.344,9730.3731,9798.9756,4774676.0,7017084750.0,600519.SH,4365.2085,-0.0045109612617058,-0.0212163038695469,0.0167053426078411,0.14745508763004622,low,-0.0222637298441896
2025-09-05,9789.6335,9879.509,9750.2392,9857.1667,3738848.0,5519312163.0,600519.SH,4460.3249,0.0059384881007358,0.0217896579281378,-0.0158511698274019,0.14799138749077442,low,0.0015395731051475
2025-09-08,9857.1667,9989.0816,9826.214,9959.7609,5138298.0,7682065696.0,600519.SH,4467.5733,0.0104080820708853,0.0016250834104036,0.0087829986604817,0.1443337602282589,low,-0.0029496501410208
2025-09-09,9980.9776,10008.835,9915.808,9980.9776,3574277.0,5366650005.0,600519.SH,4436.2584,0.0021302419016906,-0.0070093757611096,0.0091396176628002,0.14240193152775293,low,-0.006333092858163
2025-09-10,9990.3197,10121.3903,9930.3277,10076.7059,4966331.0,7541460049.0,600519.SH,4445.3649,0.0095910745256055,0.0020527433658958,0.0075383311597096,0.13745777939499298,low,-0.0100676074140277
2025-09-11,10076.7059,10099.2732,10000.6748,10085.0912,3723896.0,5642778456.0,600519.SH,4548.0345,0.0008321469419882,0.0230958767861779,-0.0222637298441896,0.1375900352462164,low,-0.0025881320850953
2025-09-12,10099.1607,10166.8064,10012.0991,10042.883,3372209.0,5132184935.0,600519.SH,4521.998,-0.004185207566591,-0.0057247806717385,0.0015395731051475,0.1383727789393439,low,-0.000841372712796
2025-09-15,10042.1514,10051.2121,9961.2804,10037.818,2582703.0,3901929718.0,600519.SH,4533.0557,-0.0005043372505684,0.0024453128904524,-0.0029496501410208,0.1387799389597717,low,-0.013014743838787
2025-09-16,10037.818,10070.9656,9931.5095,9952.7262,3271789.0,4928374478.0,600519.SH,4523.3367,-0.008477121222959,-0.0021440283647959,-0.006333092858163,0.143561127816022,low,-0.0028182041865059
2025-09-17,9952.7825,10010.6922,9896.6174,9913.4444,3033054.0,4534770634.0,600519.SH,4551.023,-0.0039468382039886,0.0061207692100391,-0.0100676074140277,0.1435684346155827,low,-0.0134008628676519
2025-09-18,9907.8166,9940.4577,9747.4253,9772.5251,4972125.0,7347477479.0,600519.SH,4498.109,-0.014214968512861,-0.0116268364277657,-0.0025881320850953,0.15365247835290188,low,-0.0077582892330629
2025-09-19,9772.6939,9814.9585,9710.9011,9772.5814,3263662.0,4784528851.0,600519.SH,4501.9195,5.7610494137438906e-06,0.0008471337622097,-0.000841372712796,0.15031187277280927,low,0.0071140285896694
2025-09-22,9756.3734,9772.5814,9671.5067,9690.3035,3494708.0,5085057536.0,600519.SH,4522.608,-0.0084192596236649,0.0045954842151221,-0.013014743838787,0.14208189392618614,low,-0.0002050466684386
2025-09-23,9674.2643,9713.6587,9615.1728,9656.9308,3866300.0,5588384388.0,600519.SH,4519.7781,-0.003443927220649,-0.000625723034143,-0.0028182041865059,0.14162685972375508,low,-0.0142225506394697
2025-09-24,9581.8001,9709.6067,9581.8001,9626.4283,3074350.0,4443052872.0,600519.SH,4566.0708,-0.0031586122580479,0.010242250609604,-0.0134008628676519,0.12462677306516537,low,-0.0190330778137446
2025-09-25,9631.0994,9644.4934,9592.6617,9609.545,3386973.0,4873274661.0,600519.SH,4593.4875,-0.0017538488288537,0.0060044404042092,-0.0077582892330629,0.12471406683745535,low,0.0156967949182736
2025-09-26,9621.8135,9655.1862,9547.6959,9587.0339,4512071.0,6480889597.0,600519.SH,4550.0487,-0.0023425770939206,-0.00945660568359,0.0071140285896694,0.10006504764500168,low,-0.0014079730671909
2025-09-29,9611.6836,9783.9495,9587.0339,9732.568,5368403.0,7798434586.0,600519.SH,4620.0528,0.0151803051410925,0.0153853518095312,-0.0002050466684386,0.11573831912622627,low,0.0308072989637361
2025-09-30,9727.7281,9732.0052,9615.1728,9637.6276,3936362.0,5687474876.0,600519.SH,4640.6935,-0.0097549177154476,0.004467632924022,-0.0142225506394697,0.11498702882643665,low,-0.0084245835520844
2025-10-09,9592.6617,9611.6836,9502.6175,9597.0514,5491812.0,7845448947.0,600519.SH,4709.482,-0.0042101855024985,0.0148228923112461,-0.0190330778137446,0.11413645651896719,low,0.0106045701419463
2025-10-10,9601.6661,9614.8351,9544.8257,9558.8951,3600144.0,5157459262.0,600519.SH,4616.8341,-0.0039758357447163,-0.01967263066299,0.0156967949182736,0.11394882122923491,low,0.0055011111710662
2025-10-13,9478.4181,9518.6566,9475.154,9498.1152,4606880.0,6533147458.0,600519.SH,4593.9785,-0.0063584650071114,-0.0049504919399204,-0.0014079730671909,0.11205445881889918,low,-0.003613326288739
2025-10-14,9558.8388,9750.2392,9558.8388,9677.1908,6667233.0,9639484605.0,600519.SH,4539.0644,0.0188538037525591,-0.0119534952111769,0.0308072989637361,0.12726621919619066,low,-0.0128397068272196
2025-10-15,9676.9656,9744.6114,9643.7618,9738.9836,4278540.0,6233407482.0,600519.SH,4606.2879,0.0063854068062809,0.0148099903583653,-0.0084245835520844,0.12970800172608768,low,0.0012638639920521
2025-10-16,9738.5334,9868.1409,9721.425,9867.9158,4573015.0,6749162949.0,600519.SH,4618.4218,0.0132387737052972,0.0026342035633508,0.0106045701419463,0.13429619073328064,low,0.0023734420743399
2025-10-17,9857.7295,9885.3055,9694.1303,9699.5893,3808589.0,5594724900.0,600519.SH,4514.2345,-0.0170579586826228,-0.022559069853689,0.0055011111710662,0.1455774025711013,low,-0.0221506560890863
2025-10-20,9699.5893,9781.1919,9698.9139,9716.0786,2594988.0,3793283759.0,600519.SH,4538.2201,0.0016999998133941,0.0053133261021331,-0.003613326288739,0.14585448943120474,low,-0.0174531061475615
2025-10-21,9722.1003,9783.6681,9702.4031,9740.4468,2544267.0,3727984130.0,600519.SH,4607.8715,0.0025080282903433,0.015347735117563,-0.0128397068272196,0.14654841504729105,low,0.0077845878630748
2025-10-22,9739.4339,9759.9752,9705.217,9720.412,1819492.0,2657486636.0,600519.SH,4592.57,-0.0020568666316209,-0.0033207306236731,0.0012638639920521,0.14422590405022218,low,-0.0195515228148779
2025-10-23,9699.5893,9777.2524,9655.6927,9772.6377,2932235.0,4274652090.0,600519.SH,4606.3447,0.00537278666789,0.0029993445935501,0.0023734420743399,0.14560862043725062,low,0.0049536854283394
2025-10-24,9772.4688,9833.9803,9667.7361,9671.4504,3822583.0,5578603148.0,600519.SH,4660.6835,-0.0103541442040769,0.0117965118850094,-0.0221506560890863,0.14143204649153723,low,0.0166305403656434
2025-10-27,9615.1728,9685.4636,9592.6054,9617.4802,3710239.0,5352667152.0,600519.SH,4716.0186,-0.005580362589669,0.0118727435578924,-0.0174531061475615,0.14256196914353117,low,0.0001935619084052
2025-10-28,9626.4283,9678.2038,9621.3633,9643.3116,2712433.0,3923817140.0,600519.SH,4691.973,0.0026858802371125,-0.0050987076259623,0.0077845878630748,0.14007839447778958,low,0.0039356140896896
2025-10-29,9615.2853,9652.0346,9559.1202,9569.5879,3393711.0,4868780319.0,600519.SH,4747.8378,-0.0076450604375368,0.011906462377341,-0.0195515228148779,0.1421448624604648,low,-0.0071076075814647
2025-10-30,9512.8037,9596.2072,9512.8037,9540.5486,4745610.0,6768821311.0,600519.SH,4709.911,-0.0030345402856898,-0.0079882257140292,0.0049536854283394,0.14211379282293304,low,-0.0053822147947548
2025-10-31,9513.873,9592.5492,9503.2365,9558.9514,3569377.0,5109623861.0,600519.SH,4640.6676,0.001928903752977,-0.0147016366126664,0.0166305403656434,0.14225307808747,low,0.0020560692944799
2025-11-03,9564.5229,9660.1949,9503.1802,9587.0339,3454766.0,4945310830.0,600519.SH,4653.4028,0.0029378222385354,0.0027442603301301,0.0001935619084052,0.14244567522528095,low,0.0135481512203659
2025-11-04,9587.5967,9591.4236,9523.8904,9553.2673,2656572.0,3793892903.0,600519.SH,4618.699,-0.003522111254869,-0.0074577253445586,0.0039356140896896,0.13109498593100122,low,0.0072217458073674
2025-11-05,9535.765,9564.4666,9502.6737,9503.0677,3447527.0,4908475373.0,600519.SH,4627.257,-0.0052547048484657,0.0018529027329989,-0.0071076075814647,0.12799866442358948,low,0.0049109079224828
2025-11-06,9558.8951,9623.333,9558.8388,9587.7656,3834782.0,5505960415.0,600519.SH,4693.4032,0.0089126903726046,0.0142949051673595,-0.0053822147947548,0.1316124395738,low,-0.0090726137541345
2025-11-07,9587.653,9613.9347,9565.1419,9577.6356,1886139.0,2704995856.0,600519.SH,4678.7944,-0.0010565548244109,-0.0031126241188909,0.0020560692944799,0.13085319055658276,low,0.0077991698620039
2025-11-10,9587.0339,9748.4946,9586.9214,9740.672,4945154.0,7181246441.0,600519.SH,4695.0507,0.0170226146419687,0.0034744634216028,0.0135481512203659,0.14137298775390575,low,0.0148481721732199
2025-11-11,9738.9836,9739.9966,9654.5671,9722.0441,2669156.0,3882776772.0,600519.SH,4652.1655,-0.0019123834577328,-0.0091341292651002,0.0072217458073674,0.1254987121896918,low,0.00936834532631
2025-11-12,9727.6155,9831.0539,9723.2822,9756.7111,3299210.0,4849073051.0,600519.SH,4645.9079,0.0035658139012146,-0.0013450940212681,0.0049109079224828,0.12406460467873943,low,-0.0072602421723767
2025-11-13,9739.659,9804.1532,9716.4726,9786.1443,3117923.0,4569178269.0,600519.SH,4702.0738,0.003016713285689,0.0120893270398236,-0.0090726137541345,0.11467948944863994,low,0.0028457288258599
2025-11-14,9784.0058,9834.3743,9706.9054,9708.5937,2747306.0,4031007106.0,600519.SH,4628.1398,-0.0079245306039479,-0.0157237004659518,0.0077991698620039,0.10081917145629751,low,0.0240965183410567
2025-11-17,9693.9615,9800.8891,9647.7575,9789.6335,3446221.0,5035780027.0,600519.SH,4598.0525,0.0083472233470847,-0.0065009488261352,0.0148481721732199,0.10492592191395267,low,-0.00716600508675
2025-11-18,9787.9452,9874.444,9778.378,9817.7724,3420478.0,5055675474.0,600519.SH,4568.1928,0.0028743568387927,-0.0064939884875172,0.00936834532631,0.10503163901971575,low,-0.0137945386394061
2025-11-19,9806.5168,9837.6384,9783.7806,9789.6898,2204537.0,3249449214.0,600519.SH,4588.2922,-0.0028603840928315,0.0043998580795452,-0.0072602421723767,0.10532089824313977,low,-0.0034352939104751
2025-11-20,9795.2613,9839.7206,9756.0358,9767.7415,2400232.0,3531653943.0,600519.SH,4564.9483,-0.0022419811504139,-0.0050877099762739,0.0028457288258599,0.10398937140108266,low,-0.0005850026299344
2025-11-21,9786.8196,9840.2834,9705.217,9764.8714,4260720.0,6259873433.0,600519.SH,4453.6076,-0.0002938345573538,-0.0243903528984106,0.0240965183410567,0.09657722231179178,low,-0.000628455230597
2025-11-24,9767.1225,9789.6335,9677.8098,9682.706,3360744.0,4901903705.0,600519.SH,4448.0478,-0.0084143862867461,-0.0012483811999961,-0.00716600508675,0.09942498857684495,low,-0.0124610991266874
2025-11-25,9716.4726,9716.4726,9640.4977,9641.3419,2844069.0,4119930011.0,600519.SH,4490.4047,-0.0042719566203911,0.009522582019015,-0.0137945386394061,0.10032648490818506,low,-0.0021332446030217
2025-11-26,9665.1473,9691.0913,9635.3202,9666.6668,2030616.0,2938818095.0,600519.SH,4517.6255,0.0026266986756273,0.0060619925861025,-0.0034352939104751,0.096485162189765,low,0.0010473752274275
2025-11-27,9668.6366,9671.4504,9609.7701,9656.2555,2228689.0,3216797187.0,600519.SH,4515.4027,-0.0010770310196273,-0.0004920283896928,-0.0005850026299344,0.09577566692517142,low,-0.0064407438183768
2025-11-28,9651.7533,9702.4031,9632.0561,9674.2643,2321121.0,3366696622.0,600519.SH,4526.6616,0.0018649879345054,0.0024934431651024,-0.000628455230597,0.09576435098169536,low,-0.0047886795008549
2025-12-01,9677.0782,9740.5031,9626.4283,9660.1949,2733342.0,3961994999.0,600519.SH,4576.4856,-0.0014543121382367,0.0110067869884507,-0.0124610991266874,0.0956215338065112,low,-0.0150593782253491
2025-12-02,9660.1949,9682.2557,9587.1465,9592.8305,2504726.0,3607543825.0,600519.SH,4554.3347,-0.0069733996774744,-0.0048401550744526,-0.0021332446030217,0.0982465647330686,low,-0.0051116630574856
2025-12-03,9591.5924,9592.4929,9547.6396,9553.8301,2357279.0,3370080066.0,600519.SH,4531.0486,-0.0040655779334369,-0.0051129531608645,0.0010473752274275,0.09745441940221915,low,0.0024631057104568
2025-12-04,9553.8301,9572.9645,9493.5005,9525.016,2907539.0,4134921902.0,600519.SH,4546.5664,-0.0030159736669379,0.0034247701514389,-0.0064407438183768,0.0925203270176777,low,0.0141319007980744
2025-12-05,9525.016,9576.2849,9499.8036,9558.9514,2540166.0,3622681597.0,600519.SH,4584.5368,0.003562765668845,0.0083514451696999,-0.0047886795008549,0.09347546296028728,low,-0.0011657972664229
2025-12-08,9554.3929,9596.4323,9491.3619,9492.6,3360280.0,4789155770.0,600519.SH,4621.7545,-0.0069412843756062,0.0081180938497429,-0.0150593782253491,0.07142112379065736,low,0.0094738630407649
2025-12-09,9492.6563,9508.2452,9390.3435,9395.7462,4263443.0,5995722121.0,600519.SH,4598.2232,-0.0102030845079326,-0.0050914214504469,-0.0051116630574856,0.07814248936231068,low,0.00961318450563
2025-12-10,9390.0621,9405.8199,9295.4031,9405.8199,3313347.0,4625906139.0,600519.SH,4591.8273,0.0010721553973009,-0.0013909503131558,0.0024631057104568,0.07639815727174278,low,-0.011737379771112
2025-12-11,9427.5431,9457.539,9398.7852,9457.539,2238501.0,3149974074.0,600519.SH,4552.1848,0.00549862750402,-0.0086332732940543,0.0141319007980744,0.0789470314980049,low,0.0046792348234234
2025-12-12,9491.3619,9530.7563,9466.4309,9506.2755,3715919.0,5273563274.0,600519.SH,4580.95,0.0051531904864468,0.0063189877528697,-0.0011657972664229,0.07890732706298678,low,-0.0016394558651271
2025-12-15,9612.8654,9615.1165,9533.9641,9536.384,3335879.0,4774362060.0,600519.SH,4552.0596,0.0031672235882496,-0.0063066394525153,0.0094738630407649,0.07262575347504886,low,-0.0105324801113215
2025-12-16,9537.5096,9552.0292,9474.4786,9513.873,2396367.0,3403139194.0,600519.SH,4497.5545,-0.0023605383340268,-0.0119737228396569,0.00961318450563,0.07099420916008296,low,-0.002210764189213
2025-12-17,9530.7563,9614.8351,9489.561,9576.3412,3138249.0,4489482138.0,600519.SH,4579.875,0.0065660115496601,0.0183033913207721,-0.011737379771112,0.07638696561039503,low,-0.0069769345743064
2025-12-18,9578.5923,9608.8697,9537.0031,9564.5229,1782995.0,2551177659.0,600519.SH,4552.7926,-0.0012341143400362,-0.0059133491634597,0.0046792348234234,0.07626907369303293,low,0.0060070951648498
2025-12-19,9581.1642,9594.9522,9530.5706,9581.1642,2650868.0,3733028357.0,600519.SH,4568.1781,0.0017398985996468,0.0033793544647739,-0.0016394558651271,0.0768721222337681,low,-0.0031907358928142
2025-12-22,9581.1642,9604.4631,9561.9172,9571.3719,2042565.0,2881636856.0,600519.SH,4611.6235,-0.0010220365495874,0.0095104435617341,-0.0105324801113215,0.07163669588714067,low,-0.0032710682661114
2025-12-23,9571.3719,9597.6535,9509.0725,9569.1208,2450681.0,3445377032.0,600519.SH,4620.7341,-0.0002351909447797,0.0019755732444333,-0.002210764189213,0.07028911079805147,low,-0.0098141537097217
2025-12-24,9552.9691,9560.6791,9524.8865,9529.9515,2518669.0,3533253565.0,600519.SH,4634.0586,-0.0040933018632183,0.0028836327110881,-0.0069769345743064,0.07054068379705436,low,-0.0028660442167975
2025-12-25,9553.0254,9634.5154,9532.6528,9604.632,2338621.0,3299572096.0,600519.SH,4642.5357,0.0078363987476746,0.0018293035828247,0.0060070951648498,0.07673659966178362,low,0.0102745962624657
2025-12-26,9604.632,9632.602,9581.1642,9604.4069,1780299.0,2520605635.0,600519.SH,4657.24,-2.3436608503013545e-05,0.0031672992843112,-0.0031907358928142,0.07633576279015175,low,-0.0142928438983627
2025-12-29,9604.4069,9604.4069,9530.5143,9536.1421,2630810.0,3694660107.0,600519.SH,4639.3721,-0.007107653883344,-0.0038365856172325,-0.0032710682661114,0.0799703603975028,low,0.0002254510593456
2025-12-30,9530.5143,9535.5793,9446.0978,9467.0331,3379194.0,4702489813.0,600519.SH,4651.2818,-0.0072470606326219,0.0025670930770997,-0.0098141537097217,0.08026345048581736,low,0.0017214251353231
2025-12-31,9468.6089,9491.1199,9396.4046,9396.4609,3476563.0,4799456452.0,600519.SH,4629.9395,-0.0074545213114339,-0.0045884770946363,-0.0028660442167975,0.08303126185778345,low,-0.0005004557177112
2026-01-05,9440.47,9704.2997,9440.47,9671.2084,7094942.0,10018086372.0,600519.SH,4717.7457,0.0292394661057973,0.0189648698433315,0.0102745962624657,0.13461797868606987,low,-0.004099727072151
2026-01-06,9708.0703,9732.945,9617.9135,9682.5203,3958618.0,5649710153.0,600519.SH,4790.6938,0.0011696470112256,0.0154624909095884,-0.0142928438983627,0.13423302130732082,low,-0.0010982616678695
2026-01-07,9709.9275,9721.8583,9638.5674,9656.3511,2968380.0,4234255286.0,600519.SH,4776.6658,-0.0027027260660635,-0.0029281771254092,0.0002254510593456,0.13186519189828155,low,-0.0036134410678549
2026-01-08,9656.1823,9656.3511,9570.6965,9594.108,2913454.0,4117925041.0,600519.SH,4737.6536,-0.0064458198915322,-0.0081672450268553,0.0017214251353231,0.12830004048945307,low,-0.0073980196441856
2026-01-09,9620.5585,9685.8406,9614.9871,9632.3769,2984774.0,4243865418.0,600519.SH,4758.9221,0.0039887918710106,0.0044892475887219,-0.0005004557177112,0.1287159774491692,low,1.807363306449705e-05
2026-01-12,9632.3769,9699.3473,9621.1213,9655.6195,3608266.0,5135636033.0,600519.SH,4789.9155,0.0024129662119016,0.0065126932840526,-0.004099727072151,0.12781899254985193,low,-0.0041290308340606
2026-01-13,9675.6544,9691.0182,9575.4801,9586.7919,3916866.0,5555633779.0,600519.SH,4761.0324,-0.007128242781315,-0.0060299811134455,-0.0010982616678695,0.13002734900027793,low,0.0018218211538878
2026-01-14,9586.7919,9650.1043,9503.3885,9513.6873,5175797.0,7285041159.0,600519.SH,4741.9306,-0.0076255540709088,-0.0040121130030538,-0.0036134410678549,0.1326568157574147,low,-0.0143872886805137
2026-01-15,9502.488,9540.8131,9460.6174,9462.362,4090714.0,5698739671.0,600519.SH,4751.4293,-0.0053948903702143,0.0020031292739712,-0.0073980196441856,0.13377926748783647,low,-0.0068283477243156
2026-01-16,9496.7477,9510.8171,9412.3312,9423.5867,5512068.0,7643061998.0,600519.SH,4731.8728,-0.0040978457598641,-0.0041159193929286,1.807363306449705e-05,0.13192819210944542,low,0.0026162730622084
2026-01-19,9423.024,9454.4832,9384.1924,9389.8201,4228640.0,5833745442.0,600519.SH,4734.4556,-0.0035832004389579,0.0005458303951026,-0.0041290308340606,0.13230048691188614,low,0.0021184525583031
2026-01-20,9409.5173,9421.2231,9367.5905,9376.0321,3648443.0,5021900765.0,600519.SH,4718.8782,-0.0014683987396095,-0.0032902198934974,0.0018218211538878,0.131944709654958,low,0.0008882088174849
2026-01-21,9376.0884,9380.8157,9243.4982,9249.4636,6451625.0,8775880803.0,600519.SH,4723.0692,-0.0134991538691512,0.0008881348113625,-0.0143872886805137,0.13914735937862716,low,
2026-01-22,9254.81,9309.6807,9173.0386,9187.5582,5901089.0,7962441434.0,600519.SH,4723.7091,-0.0066928637894201,0.0001354839348954,-0.0068283477243156,0.14014683421783194,low,
2026-01-23,9187.7833,9232.2427,9144.8435,9170.3373,6194890.0,8301311489.0,600519.SH,4702.4966,-0.0018743717998978,-0.0044906448621062,0.0026162730622084,0.13992754631262422,low,
2026-01-26,9190.0907,9271.637,9103.4794,9198.4761,8016606.0,10751225525.0,600519.SH,4706.964,0.003068458561497,0.0009500060031939,0.0021184525583031,0.13651609559954517,low,
2026-01-27,9215.2468,9264.3209,9175.965,9204.1601,4841596.0,6514513216.0,600519.SH,4705.6918,0.0006179284414293,-0.0002702803760555,0.0008882088174849,0.1366658435399586,low,
